-- Backup das salas de aula ANTES do seed da base_final.xlsx
-- Restauracao: apaga o estado atual e recria exatamente estas linhas.

DELETE FROM sala_de_aula_alunos;
DELETE FROM sala_de_aula;
INSERT INTO sala_de_aula (id, nome, unidade, created_at, professores) VALUES ('d98e1e3b-18fe-43b2-8e96-61aacc99d211', 'Turma A', 'COSTA VIANA, C E-EF M PROFIS N', '2025-07-30 02:24:49.644220+00:00', '{}'::jsonb);
INSERT INTO sala_de_aula (id, nome, unidade, created_at, professores) VALUES ('19b3ef9a-d794-484e-9faf-5337077dc918', 'Turma B', 'COSTA VIANA, C E-EF M PROFIS N', '2025-07-30 02:33:22.436779+00:00', '{}'::jsonb);
INSERT INTO sala_de_aula (id, nome, unidade, created_at, professores) VALUES ('82de2c67-2e47-4eda-b9e0-020566add095', 'sala a', 'ANTONIO TUPY PINHEIRO, C E-EF M PROFIS', '2025-07-30 20:35:00.734309+00:00', '{}'::jsonb);
INSERT INTO sala_de_aula (id, nome, unidade, created_at, professores) VALUES ('3edc3109-3739-4dfa-bdd2-da5fc5d20117', 'teste Gp 1 ', 'SANTO AGOSTINHO C E EF M', '2025-08-02 16:13:19.441238+00:00', '{}'::jsonb);
INSERT INTO sala_de_aula (id, nome, unidade, created_at, professores) VALUES ('ccf06d5a-38fa-4d1c-9942-b0c39307edac', 'Defasagem em reconhecer o sentido das relações lógico-discursivas', 'DECIO DOSSI C E DR EF M PROFIS', '2025-08-03 18:09:29.023710+00:00', '{}'::jsonb);
INSERT INTO sala_de_aula (id, nome, unidade, created_at, professores) VALUES ('079d4433-a5ba-4ee9-a062-abc56ff24db6', 'Estabelecer relação entre a tese e os argumentos oferecidos para sustentá-la.', 'DECIO DOSSI C E DR EF M PROFIS', '2025-08-03 18:33:16.265786+00:00', '{}'::jsonb);
INSERT INTO sala_de_aula (id, nome, unidade, created_at, professores) VALUES ('35b4a833-43ab-465a-bc7a-d2d5a5bb6ffe', 'Distinguir um fato da opinião.', 'DECIO DOSSI C E DR EF M PROFIS', '2025-08-03 18:49:24.378306+00:00', '{}'::jsonb);
INSERT INTO sala_de_aula (id, nome, unidade, created_at, professores) VALUES ('eba12c84-002d-44e8-9b5a-48f07c6f4461', 'Turma 3 Ano - Estabelecer relação entre a tese e os argumentos oferecidos para sustentá-la', 'DECIO DOSSI C E DR EF M PROFIS', '2025-08-03 19:01:10.229441+00:00', '{}'::jsonb);
INSERT INTO sala_de_aula (id, nome, unidade, created_at, professores) VALUES ('7acd4cbe-90a2-4997-8ec5-92404e063a8d', '9 segunda', 'LIANE MARTA DA COSTA C E EF M', '2025-08-03 20:26:04.239963+00:00', '{}'::jsonb);
INSERT INTO sala_de_aula (id, nome, unidade, created_at, professores) VALUES ('ee35eab0-5ddd-408c-8b06-d8c07dc2e372', 'Turma 3 Ano - Distinguir ideias centrais de secundárias ou tópicos e subtópicos um dado gênero textual.', 'DECIO DOSSI C E DR EF M PROFIS', '2025-08-03 21:45:20.738760+00:00', '{}'::jsonb);
INSERT INTO sala_de_aula (id, nome, unidade, created_at, professores) VALUES ('15d10ad5-a813-4186-a9ba-1ce9186323f8', '3 ano segunda', 'LIANE MARTA DA COSTA C E EF M', '2025-08-03 22:06:06.045416+00:00', '{}'::jsonb);
INSERT INTO sala_de_aula (id, nome, unidade, created_at, professores) VALUES ('98260a06-0b8e-472e-a753-b8bd8cf5ab7f', '9° ano', 'TEREZA DA S RAMOS C E PROFA EF M', '2025-08-05 15:13:52.994812+00:00', '{}'::jsonb);
INSERT INTO sala_de_aula (id, nome, unidade, created_at, professores) VALUES ('40652109-e812-4f40-b4a7-1f417dab398a', 'TURMA A 9° ANO', 'TEREZA DA S RAMOS C E PROFA EF M', '2025-08-05 19:20:31.894867+00:00', '{}'::jsonb);
INSERT INTO sala_de_aula (id, nome, unidade, created_at, professores) VALUES ('d698518c-7198-48d9-a0ad-811303e6d59f', 'TURMA B 9° ANO', 'TEREZA DA S RAMOS C E PROFA EF M', '2025-08-05 19:24:02.340821+00:00', '{}'::jsonb);
INSERT INTO sala_de_aula (id, nome, unidade, created_at, professores) VALUES ('2fa9a46c-e985-4476-9448-0fa21ca0a932', 'TURMA C 9° ANO', 'TEREZA DA S RAMOS C E PROFA EF M', '2025-08-05 19:26:40.685095+00:00', '{}'::jsonb);
INSERT INTO sala_de_aula (id, nome, unidade, created_at, professores) VALUES ('6216137b-9b17-47dc-8c21-dcdbc45c5626', 'TURMA 3 A', 'TEREZA DA S RAMOS C E PROFA EF M', '2025-08-05 19:38:37.945122+00:00', '{}'::jsonb);
INSERT INTO sala_de_aula (id, nome, unidade, created_at, professores) VALUES ('ff960c0b-7b0f-4c78-ae42-f546ce8aa034', '9° Números Reais: D053_M - H 15', 'DECIO DOSSI C E DR EF M PROFIS', '2025-08-07 23:11:55.191482+00:00', '{}'::jsonb);
INSERT INTO sala_de_aula (id, nome, unidade, created_at, professores) VALUES ('d0fced77-01cf-46f6-b5fc-23d1ada7b7e8', 'Reforço LP - 9 ano', 'ANTONIO TUPY PINHEIRO C E EF M', '2025-08-08 14:04:10.209821+00:00', '{}'::jsonb);
INSERT INTO sala_de_aula (id, nome, unidade, created_at, professores) VALUES ('507a861d-2329-4e60-89e1-2fe5669d33e4', 'Reforço LP - 3 ano', 'ANTONIO TUPY PINHEIRO C E EF M', '2025-08-08 14:16:16.834326+00:00', '{}'::jsonb);
INSERT INTO sala_de_aula (id, nome, unidade, created_at, professores) VALUES ('0ed57658-2486-40d7-9e90-cab12f5d8ff3', '9ano', 'CRISTO REI C E EF M', '2025-08-08 19:06:22.776600+00:00', '{}'::jsonb);
INSERT INTO sala_de_aula (id, nome, unidade, created_at, professores) VALUES ('9df4ba12-8cb6-4827-9103-f83dc78ff50b', '3°ano', 'CRISTO REI C E EF M', '2025-08-08 19:15:24.889055+00:00', '{}'::jsonb);
INSERT INTO sala_de_aula (id, nome, unidade, created_at, professores) VALUES ('aa9d5648-5993-4b5a-9d07-f6bc341886e5', 'Nivel 1- 9º B', 'JOAO DE OLIVEIRA FRANCO C E EF M', '2025-08-12 13:00:05.077998+00:00', '{}'::jsonb);
INSERT INTO sala_de_aula (id, nome, unidade, created_at, professores) VALUES ('d61324c9-dfe7-4df1-bfc5-732540f6a718', 'Nível 2 - 9º B', 'JOAO DE OLIVEIRA FRANCO C E EF M', '2025-08-12 16:42:46.595661+00:00', '{}'::jsonb);
INSERT INTO sala_de_aula (id, nome, unidade, created_at, professores) VALUES ('7fd16bfa-ca88-478e-9bdc-8009879e6ef6', 'Nível 3 - 9º B', 'JOAO DE OLIVEIRA FRANCO C E EF M', '2025-08-12 16:45:17.945072+00:00', '{}'::jsonb);
INSERT INTO sala_de_aula (id, nome, unidade, created_at, professores) VALUES ('6739057b-bd62-4267-972e-5501148b9971', 'Nível 4 - 9º B ', 'JOAO DE OLIVEIRA FRANCO C E EF M', '2025-08-12 17:41:22.866899+00:00', '{}'::jsonb);
INSERT INTO sala_de_aula (id, nome, unidade, created_at, professores) VALUES ('994702c9-a0dd-4f67-bd65-7d740f905faf', '3 ano', 'COSTA VIANA C E EF M PROFIS N', '2025-08-12 18:13:32.698748+00:00', '{}'::jsonb);
INSERT INTO sala_de_aula (id, nome, unidade, created_at, professores) VALUES ('813396a7-3d7c-4a46-864b-3b4e2f2584a3', '9 ano - Turma A', 'COSTA VIANA C E EF M PROFIS N', '2025-08-12 18:22:58.243025+00:00', '{}'::jsonb);
INSERT INTO sala_de_aula (id, nome, unidade, created_at, professores) VALUES ('77734c8e-fdac-40be-8e3c-e07ea0df907a', 'Nível 1- 9º A  Mat', 'JOAO DE OLIVEIRA FRANCO C E EF M', '2025-08-13 12:19:23.674599+00:00', '{}'::jsonb);
INSERT INTO sala_de_aula (id, nome, unidade, created_at, professores) VALUES ('7727d8fb-2a3f-4390-8139-d511a9668acf', 'Nível 2 - 9º A  Mat', 'JOAO DE OLIVEIRA FRANCO C E EF M', '2025-08-13 12:25:30.664596+00:00', '{}'::jsonb);
INSERT INTO sala_de_aula (id, nome, unidade, created_at, professores) VALUES ('f13cefa1-6bf5-4f7a-9f82-1b942fbda74d', 'Nível 3- 9º A  Mat', 'JOAO DE OLIVEIRA FRANCO C E EF M', '2025-08-13 12:27:42.288272+00:00', '{}'::jsonb);
INSERT INTO sala_de_aula (id, nome, unidade, created_at, professores) VALUES ('3628e5a2-ea3d-4967-957a-e581cbb29468', 'Nível 4- 9º A  Mat', 'JOAO DE OLIVEIRA FRANCO C E EF M', '2025-08-13 12:30:23.951280+00:00', '{}'::jsonb);
INSERT INTO sala_de_aula (id, nome, unidade, created_at, professores) VALUES ('d4ff4041-901d-489e-8183-fca4190c283b', 'Nível 1 - 9º B - Português', 'JOAO DE OLIVEIRA FRANCO C E EF M', '2025-08-14 19:46:24.719288+00:00', '{}'::jsonb);
INSERT INTO sala_de_aula (id, nome, unidade, created_at, professores) VALUES ('232f5153-7afc-4f49-8d98-d20b34dc39f3', 'Nível 2 - 9º B - Português ', 'JOAO DE OLIVEIRA FRANCO C E EF M', '2025-08-15 03:04:36.456229+00:00', '{}'::jsonb);
INSERT INTO sala_de_aula (id, nome, unidade, created_at, professores) VALUES ('f951bac9-1d9d-4ad3-b6df-8dceec5c98ef', 'Nível 3 - 9º B - Português', 'JOAO DE OLIVEIRA FRANCO C E EF M', '2025-08-15 03:09:43.256369+00:00', '{}'::jsonb);
INSERT INTO sala_de_aula (id, nome, unidade, created_at, professores) VALUES ('14f49f19-1ac3-44d1-8fd6-32d4ce85d332', 'Nível 4 - 9º B - Português', 'JOAO DE OLIVEIRA FRANCO C E EF M', '2025-08-15 03:11:43.624473+00:00', '{}'::jsonb);
INSERT INTO sala_de_aula (id, nome, unidade, created_at, professores) VALUES ('302b0662-bb10-4cef-b5af-53b61fd9792b', 'Nível 1 - 9º A - Português', 'JOAO DE OLIVEIRA FRANCO C E EF M', '2025-08-15 03:25:47.758817+00:00', '{}'::jsonb);
INSERT INTO sala_de_aula (id, nome, unidade, created_at, professores) VALUES ('03792e5a-c411-4cd9-b7d5-96bbb3bb2135', 'Nível 2 - 9º A - Português ', 'JOAO DE OLIVEIRA FRANCO C E EF M', '2025-08-15 03:28:09.714079+00:00', '{}'::jsonb);
INSERT INTO sala_de_aula (id, nome, unidade, created_at, professores) VALUES ('0c02f760-cffd-4c4d-a3b1-4d60ace3f791', 'Nível 3 - 9º A - Português', 'JOAO DE OLIVEIRA FRANCO C E EF M', '2025-08-15 03:33:29.357997+00:00', '{}'::jsonb);
INSERT INTO sala_de_aula (id, nome, unidade, created_at, professores) VALUES ('e9adb05c-a46f-4949-9341-fcad06367f3c', 'Nível 4 - 9º A - Português', 'JOAO DE OLIVEIRA FRANCO C E EF M', '2025-08-15 03:41:53.490942+00:00', '{}'::jsonb);
INSERT INTO sala_de_aula (id, nome, unidade, created_at, professores) VALUES ('b04846f9-8a6b-4454-a1e1-4fa275664396', '9° A', 'GODOFREDO MACHADO E E EF', '2025-08-19 17:39:13.939694+00:00', '{}'::jsonb);
INSERT INTO sala_de_aula (id, nome, unidade, created_at, professores) VALUES ('e3a125fe-3b3b-4b6f-981f-1648d8ebfbfc', '9° B ', 'GODOFREDO MACHADO E E EF', '2025-08-19 17:52:43.085454+00:00', '{}'::jsonb);
INSERT INTO sala_de_aula (id, nome, unidade, created_at, professores) VALUES ('327d53d2-8efd-4c88-853e-8234696fbe25', '9° C', 'GODOFREDO MACHADO E E EF', '2025-08-19 17:58:09.247902+00:00', '{}'::jsonb);
INSERT INTO sala_de_aula (id, nome, unidade, created_at, professores) VALUES ('5ebc8d24-6c70-4926-ae2f-eac681a511d6', '9° D', 'GODOFREDO MACHADO E E EF', '2025-08-19 18:01:07.783231+00:00', '{}'::jsonb);
INSERT INTO sala_de_aula (id, nome, unidade, created_at, professores) VALUES ('47ffb34c-def7-4d71-9a8d-761c5d594f1a', '9ºA', 'TARSILA DO AMARAL C E EF M', '2025-08-21 18:01:07.663627+00:00', '{}'::jsonb);
INSERT INTO sala_de_aula (id, nome, unidade, created_at, professores) VALUES ('5c778771-0bf2-47b8-8709-c7afe1e5c2c0', '9ºB', 'TARSILA DO AMARAL C E EF M', '2025-08-21 18:05:02.871423+00:00', '{}'::jsonb);
INSERT INTO sala_de_aula (id, nome, unidade, created_at, professores) VALUES ('140bb8d8-09fe-4772-9956-a65eea56ce41', '9ºC', 'TARSILA DO AMARAL C E EF M', '2025-08-21 18:12:11.549283+00:00', '{}'::jsonb);
INSERT INTO sala_de_aula (id, nome, unidade, created_at, professores) VALUES ('dbfee436-53a6-436f-893c-26977a64b465', '9ºD', 'TARSILA DO AMARAL C E EF M', '2025-08-21 18:18:33.343285+00:00', '{}'::jsonb);
INSERT INTO sala_de_aula (id, nome, unidade, created_at, professores) VALUES ('c5846bea-d42b-432f-8891-5cd9e09a7d9c', '9°Ano - Turma A', 'TARSILA DO AMARAL C E EF M', '2025-09-16 16:56:35.707427+00:00', '{}'::jsonb);
INSERT INTO sala_de_aula (id, nome, unidade, created_at, professores) VALUES ('9d8c9851-0ddf-43f5-9a70-9fc32d8d42fd', '6º A', 'ANITA CANET C E EF M', '2026-06-11 14:44:48.315312+00:00', '{}'::jsonb);
INSERT INTO sala_de_aula (id, nome, unidade, created_at, professores) VALUES ('118eb067-8872-452d-8431-14377f27276d', '6º A - LP - Grupo 1', 'ANITA CANET C E EF M', '2026-06-12 18:41:20.052591+00:00', '{}'::jsonb);
INSERT INTO sala_de_aula (id, nome, unidade, created_at, professores) VALUES ('e1ec72e1-deab-41e7-a47f-6a740000e005', '6º A - LP - Grupo 2', 'ANITA CANET C E EF M', '2026-06-12 18:42:42.057948+00:00', '{}'::jsonb);
INSERT INTO sala_de_aula (id, nome, unidade, created_at, professores) VALUES ('85e53551-ccec-4108-8dd4-883e82f358ae', '6º A - LP - Grupo 3', 'ANITA CANET C E EF M', '2026-06-12 18:44:09.940282+00:00', '{}'::jsonb);
INSERT INTO sala_de_aula (id, nome, unidade, created_at, professores) VALUES ('9a1741b7-c8c3-41ad-a201-96c46a660394', '9º Ano A M', 'IVO LEAO C E EF M', '2026-06-13 13:25:09.126690+00:00', '{''comp||MT'': ''Julio Cesar''}'::jsonb);
INSERT INTO sala_de_aula (id, nome, unidade, created_at, professores) VALUES ('81ee1887-ed36-441c-83aa-25247c7a794f', '9º Ano B M', 'IVO LEAO C E EF M', '2026-06-13 13:30:24.506107+00:00', '{}'::jsonb);
INSERT INTO sala_de_aula (id, nome, unidade, created_at, professores) VALUES ('15c8cdeb-542f-4046-bf7f-e7f791dbe0b9', '9º Ano C M', 'IVO LEAO C E EF M', '2026-06-13 13:33:22.249381+00:00', '{}'::jsonb);
INSERT INTO sala_de_aula (id, nome, unidade, created_at, professores) VALUES ('566056eb-b1a1-4660-9450-1fe0b4c72ca0', '9º Ano D M', 'IVO LEAO C E EF M', '2026-06-13 13:41:17.449033+00:00', '{}'::jsonb);
INSERT INTO sala_de_aula (id, nome, unidade, created_at, professores) VALUES ('57515fa1-17b6-45c5-bcbc-c8ff81cf90f2', 'Gênios do 9º ano', 'JOAO DE OLIVEIRA FRANCO C E EF M', '2026-07-08 22:32:59.493938+00:00', '{''comp||MT'': ''Sthephany''}'::jsonb);
INSERT INTO sala_de_aula (id, nome, unidade, created_at, professores) VALUES ('cb25ce4b-ec6b-4613-9438-0a4f60cd5196', 'turma-6 A', 'TEREZA DA S RAMOS C E PROFA EF M', '2026-07-08 22:33:02.921116+00:00', '{}'::jsonb);
INSERT INTO sala_de_aula (id, nome, unidade, created_at, professores) VALUES ('24f542e7-1a7d-4eb4-bfcf-72a13357599d', '9 C - Recompor para aprender', 'LIANE MARTA DA COSTA C E EF M', '2026-07-08 22:33:34.570234+00:00', '{}'::jsonb);
INSERT INTO sala_de_aula (id, nome, unidade, created_at, professores) VALUES ('d7a765e9-286d-4cc0-bd38-f9f4e768e3b4', '2°A', 'FRANCISCO C MARTINS C E EM PROF', '2026-07-08 22:34:03.233582+00:00', '{}'::jsonb);
INSERT INTO sala_de_aula_alunos (id, sala_id, nome_aluno, turma, created_at) VALUES ('1480efe9-df78-4e08-8844-030f9dc22400', 'd98e1e3b-18fe-43b2-8e96-61aacc99d211', 'YURI MARINHO BUENO', '20401561400162767', '2025-07-30 02:24:49.861939+00:00');
INSERT INTO sala_de_aula_alunos (id, sala_id, nome_aluno, turma, created_at) VALUES ('3a6ac524-ef92-43e2-93df-0b551c11f12b', 'd98e1e3b-18fe-43b2-8e96-61aacc99d211', 'YURI TOMIOZZO', '20401561400162582', '2025-07-30 02:24:49.861939+00:00');
INSERT INTO sala_de_aula_alunos (id, sala_id, nome_aluno, turma, created_at) VALUES ('7255cbbb-abc4-4263-a662-1fdb27d73024', 'd98e1e3b-18fe-43b2-8e96-61aacc99d211', 'YASMIN VITORIA ROCHA', '20401561400162696', '2025-07-30 02:24:49.861939+00:00');
INSERT INTO sala_de_aula_alunos (id, sala_id, nome_aluno, turma, created_at) VALUES ('2f8e518b-8f7f-4b1b-8efe-5dcc4e1ba585', '19b3ef9a-d794-484e-9faf-5337077dc918', 'ADRYAN GABRIEL FERREIRA DOS SANTOS', '20401561400162397', '2025-07-30 02:33:22.622422+00:00');
INSERT INTO sala_de_aula_alunos (id, sala_id, nome_aluno, turma, created_at) VALUES ('b494d537-452e-4382-ab6c-fbb745b31877', '19b3ef9a-d794-484e-9faf-5337077dc918', 'AGATHA KAROLYNE BIANCHINI DOS SANTOS', '20401561400162470', '2025-07-30 02:33:22.622422+00:00');
INSERT INTO sala_de_aula_alunos (id, sala_id, nome_aluno, turma, created_at) VALUES ('7cb4f284-4311-4a96-bd43-2f108dc16466', '19b3ef9a-d794-484e-9faf-5337077dc918', 'ALAN PIERRE ARRAIS STANOGA', '20401561400162621', '2025-07-30 02:33:22.622422+00:00');
INSERT INTO sala_de_aula_alunos (id, sala_id, nome_aluno, turma, created_at) VALUES ('a40979ef-2faa-4d78-bd17-fcdde057407d', '19b3ef9a-d794-484e-9faf-5337077dc918', 'ALANA DILETA AMBONI CUSTODIO', '20401561400162583', '2025-07-30 02:33:22.622422+00:00');
INSERT INTO sala_de_aula_alunos (id, sala_id, nome_aluno, turma, created_at) VALUES ('212bc059-d1bb-4d1c-9039-c88962ac9557', '3edc3109-3739-4dfa-bdd2-da5fc5d20117', 'ANA VITORIA DOS SANTOS E SILVA NALEVAIKO', '20401561400223081', '2025-08-02 16:13:19.700629+00:00');
INSERT INTO sala_de_aula_alunos (id, sala_id, nome_aluno, turma, created_at) VALUES ('b37c7091-6666-4f38-a680-717100b865b0', '3edc3109-3739-4dfa-bdd2-da5fc5d20117', 'BRAYAN SCHUMANCHER BONETE NUNES', '20401561400223082', '2025-08-02 16:13:19.700629+00:00');
INSERT INTO sala_de_aula_alunos (id, sala_id, nome_aluno, turma, created_at) VALUES ('f9c261ff-1277-4994-8026-65eb52988649', '3edc3109-3739-4dfa-bdd2-da5fc5d20117', 'CARLOS KLASSEN PENNER', '20401561400223181', '2025-08-02 16:13:19.700629+00:00');
INSERT INTO sala_de_aula_alunos (id, sala_id, nome_aluno, turma, created_at) VALUES ('17ce8f9a-0567-4a23-a08b-272f3f867113', '3edc3109-3739-4dfa-bdd2-da5fc5d20117', 'CAROLINA LIEDMANN', '20401561400223083', '2025-08-02 16:13:19.700629+00:00');
INSERT INTO sala_de_aula_alunos (id, sala_id, nome_aluno, turma, created_at) VALUES ('75725c35-b4f4-42c8-9557-d10f2bf4a993', '3edc3109-3739-4dfa-bdd2-da5fc5d20117', 'CAROLINA POLHMANN', '20401561400276842', '2025-08-02 16:13:19.700629+00:00');
INSERT INTO sala_de_aula_alunos (id, sala_id, nome_aluno, turma, created_at) VALUES ('f1d2d3f2-aad1-4c3c-bdb7-4608149d3224', '3edc3109-3739-4dfa-bdd2-da5fc5d20117', 'CLARIANNYS ELIENAY LOPEZ MARTINEZ', '20401561400223183', '2025-08-02 16:13:19.700629+00:00');
INSERT INTO sala_de_aula_alunos (id, sala_id, nome_aluno, turma, created_at) VALUES ('126d1f82-4915-4735-a17c-5b610c2ab41e', '3edc3109-3739-4dfa-bdd2-da5fc5d20117', 'EDUARDA PEREIRA DE ANDRADE', '20401561400223086', '2025-08-02 16:13:19.700629+00:00');
INSERT INTO sala_de_aula_alunos (id, sala_id, nome_aluno, turma, created_at) VALUES ('daeaefcc-6680-476a-b315-ca167ebbd7a1', '3edc3109-3739-4dfa-bdd2-da5fc5d20117', 'EDUARDO FERREIRA FRANCO NETO', '20401561400223151', '2025-08-02 16:13:19.700629+00:00');
INSERT INTO sala_de_aula_alunos (id, sala_id, nome_aluno, turma, created_at) VALUES ('5adef5f3-aa29-4783-b438-bc876b5ed46c', '3edc3109-3739-4dfa-bdd2-da5fc5d20117', 'EDUARDO SAMUEL TEIXEIRA DA MAIA', '20401561400223088', '2025-08-02 16:13:19.700629+00:00');
INSERT INTO sala_de_aula_alunos (id, sala_id, nome_aluno, turma, created_at) VALUES ('186bc9fc-8aa1-4e28-8a38-4e97dad8b837', '40652109-e812-4f40-b4a7-1f417dab398a', 'ALEX WILLIAN BUENO', '20401561400095780', '2025-08-05 19:20:32.218492+00:00');
INSERT INTO sala_de_aula_alunos (id, sala_id, nome_aluno, turma, created_at) VALUES ('6b45b1bf-8888-431a-bb6f-927600176ba2', '40652109-e812-4f40-b4a7-1f417dab398a', 'ALICE DE PAULA MENDES', '20401561400095856', '2025-08-05 19:20:32.218492+00:00');
INSERT INTO sala_de_aula_alunos (id, sala_id, nome_aluno, turma, created_at) VALUES ('f0971740-9f21-48ae-bf56-829b3cc921d6', '40652109-e812-4f40-b4a7-1f417dab398a', 'DAVI GARCIA NEGRAO SERRA CARLOS', '20401561400095861', '2025-08-05 19:20:32.218492+00:00');
INSERT INTO sala_de_aula_alunos (id, sala_id, nome_aluno, turma, created_at) VALUES ('93c48aa6-9abf-42ba-9864-88a03baa1922', '40652109-e812-4f40-b4a7-1f417dab398a', 'ELOISA BATISTA DO NASCIMENTO', '20401561400095786', '2025-08-05 19:20:32.218492+00:00');
INSERT INTO sala_de_aula_alunos (id, sala_id, nome_aluno, turma, created_at) VALUES ('132355d4-fd1f-4db7-9834-698576e47865', '40652109-e812-4f40-b4a7-1f417dab398a', 'JENIFFER RODRIGUES VALERIO', '20401561400095789', '2025-08-05 19:20:32.218492+00:00');
INSERT INTO sala_de_aula_alunos (id, sala_id, nome_aluno, turma, created_at) VALUES ('29f3c674-d491-49fe-9629-c091c1c83c9e', '40652109-e812-4f40-b4a7-1f417dab398a', 'PEDRO HENRIQUE DE LIBORIO GERMANO', '20401561400095797', '2025-08-05 19:20:32.218492+00:00');
INSERT INTO sala_de_aula_alunos (id, sala_id, nome_aluno, turma, created_at) VALUES ('4e287dba-d6ad-4980-8e0f-f6b12e12fb52', '82de2c67-2e47-4eda-b9e0-020566add095', 'AGATHA BECKER PACHECO', '20401561400027392', '2025-07-30 20:35:00.989552+00:00');
INSERT INTO sala_de_aula_alunos (id, sala_id, nome_aluno, turma, created_at) VALUES ('34784c00-7e03-4cd6-8dd0-1347e7da0a3c', '82de2c67-2e47-4eda-b9e0-020566add095', 'ALANA RAFAELA SANTOS LAUREANO FIKER', '20401561400273036', '2025-07-30 20:35:00.989552+00:00');
INSERT INTO sala_de_aula_alunos (id, sala_id, nome_aluno, turma, created_at) VALUES ('8284b28f-69ff-4855-a29f-b944a99b2a4a', '82de2c67-2e47-4eda-b9e0-020566add095', 'AMANDA FATIMA NEVES DE SIQUEIRA', '20401561400027498', '2025-07-30 20:35:00.989552+00:00');
INSERT INTO sala_de_aula_alunos (id, sala_id, nome_aluno, turma, created_at) VALUES ('d7c23879-22cc-4a54-99c6-dfa76d184915', '40652109-e812-4f40-b4a7-1f417dab398a', 'SARAH SCHULTZ', '20401561400095802', '2025-08-05 19:20:32.218492+00:00');
INSERT INTO sala_de_aula_alunos (id, sala_id, nome_aluno, turma, created_at) VALUES ('3a3f9fa6-ad97-4dd2-a322-bdbccc047259', '40652109-e812-4f40-b4a7-1f417dab398a', 'WALLYSSON BORGES LOUREIRO', '20401561400095804', '2025-08-05 19:20:32.218492+00:00');
INSERT INTO sala_de_aula_alunos (id, sala_id, nome_aluno, turma, created_at) VALUES ('49a345b3-84fe-464e-8952-3c5745f660ae', '40652109-e812-4f40-b4a7-1f417dab398a', 'YURI ROCHA DE ARZAO VAKIUTI', '20401561400095806', '2025-08-05 19:20:32.218492+00:00');
INSERT INTO sala_de_aula_alunos (id, sala_id, nome_aluno, turma, created_at) VALUES ('70a842b2-583f-4701-95e4-4980db6dfd47', '2fa9a46c-e985-4476-9448-0fa21ca0a932', 'DERIK ALESSANDRO ALMEIDA DE SOUZA', '20401561400095837', '2025-08-05 19:26:40.953673+00:00');
INSERT INTO sala_de_aula_alunos (id, sala_id, nome_aluno, turma, created_at) VALUES ('50c651ce-1cfb-4483-8cd4-16c2dc1d2d2c', '2fa9a46c-e985-4476-9448-0fa21ca0a932', 'GABRIEL BATISTA DE LIMA ALVES', '20401561400095838', '2025-08-05 19:26:40.953673+00:00');
INSERT INTO sala_de_aula_alunos (id, sala_id, nome_aluno, turma, created_at) VALUES ('0040ddcf-72df-43ec-b65d-0e5f207e246c', '2fa9a46c-e985-4476-9448-0fa21ca0a932', 'GUSTAVO CEZAR PACHECO ASCHEMACHER', '20401561400095839', '2025-08-05 19:26:40.953673+00:00');
INSERT INTO sala_de_aula_alunos (id, sala_id, nome_aluno, turma, created_at) VALUES ('8a9fdc30-a958-4f25-8e53-316eb00eb5a5', '2fa9a46c-e985-4476-9448-0fa21ca0a932', 'GUSTAVO MINAIF DE OLIVEIRA GONZALES', '20401561400095840', '2025-08-05 19:26:40.953673+00:00');
INSERT INTO sala_de_aula_alunos (id, sala_id, nome_aluno, turma, created_at) VALUES ('e831bb3a-a291-4421-aed6-742ee73e596c', '2fa9a46c-e985-4476-9448-0fa21ca0a932', 'KAUA OLIVEIRA SOARES', '20401561400095843', '2025-08-05 19:26:40.953673+00:00');
INSERT INTO sala_de_aula_alunos (id, sala_id, nome_aluno, turma, created_at) VALUES ('1439f550-4ea0-4e62-8f1b-40598516d201', '2fa9a46c-e985-4476-9448-0fa21ca0a932', 'KAUA PEREIRA MARINHO DA SILVA', '20401561400095870', '2025-08-05 19:26:40.953673+00:00');
INSERT INTO sala_de_aula_alunos (id, sala_id, nome_aluno, turma, created_at) VALUES ('0e20f44d-b81f-4c1e-9452-0334cf28810d', '2fa9a46c-e985-4476-9448-0fa21ca0a932', 'KAUE DA SILVA MENDONCA DE MOURA', '20401561400095873', '2025-08-05 19:26:40.953673+00:00');
INSERT INTO sala_de_aula_alunos (id, sala_id, nome_aluno, turma, created_at) VALUES ('ff67c299-8812-454b-ade0-778af8f50894', '2fa9a46c-e985-4476-9448-0fa21ca0a932', 'MANUEL VICTOR GODINHO BARBOSA', '20401561400095844', '2025-08-05 19:26:40.953673+00:00');
INSERT INTO sala_de_aula_alunos (id, sala_id, nome_aluno, turma, created_at) VALUES ('c59ef44f-c541-4b5a-a1cd-ac3b91a2d7a7', '2fa9a46c-e985-4476-9448-0fa21ca0a932', 'MATHEUS WALACHY MATEUS', '20401561400095847', '2025-08-05 19:26:40.953673+00:00');
INSERT INTO sala_de_aula_alunos (id, sala_id, nome_aluno, turma, created_at) VALUES ('7221a809-dd45-4324-bc10-9fe384824ddc', '2fa9a46c-e985-4476-9448-0fa21ca0a932', 'PABLO HENRIQUE MARTINS DE ANDRADE', '20401561400095852', '2025-08-05 19:26:40.953673+00:00');
INSERT INTO sala_de_aula_alunos (id, sala_id, nome_aluno, turma, created_at) VALUES ('43ade8fa-f6d2-4231-8db9-48abba1d7622', '2fa9a46c-e985-4476-9448-0fa21ca0a932', 'THIAGO VARGAS BUENO', '20401561400095881', '2025-08-05 19:26:40.953673+00:00');
INSERT INTO sala_de_aula_alunos (id, sala_id, nome_aluno, turma, created_at) VALUES ('b0d071c8-2bf4-4cbe-8a7a-79ba8c0fc998', '2fa9a46c-e985-4476-9448-0fa21ca0a932', 'VICTOR ALEXANDRE MATHIAS ARAUJO', '20401561400095855', '2025-08-05 19:26:40.953673+00:00');
INSERT INTO sala_de_aula_alunos (id, sala_id, nome_aluno, turma, created_at) VALUES ('d21134c0-931b-43d3-81f7-797d208c6baa', 'ccf06d5a-38fa-4d1c-9942-b0c39307edac', 'ADRYAN MARQUES DE SOUZA', '20401561400153947', '2025-08-03 18:09:29.659617+00:00');
INSERT INTO sala_de_aula_alunos (id, sala_id, nome_aluno, turma, created_at) VALUES ('996300d8-122f-49b2-8f4f-d1f68c2bf4c9', 'ccf06d5a-38fa-4d1c-9942-b0c39307edac', 'ALANIS CRISTINA CRUZ DOS SANTOS', '20401561400153848', '2025-08-03 18:09:29.659617+00:00');
INSERT INTO sala_de_aula_alunos (id, sala_id, nome_aluno, turma, created_at) VALUES ('20481490-963f-414f-b9c9-d4bfa538d6b5', 'ccf06d5a-38fa-4d1c-9942-b0c39307edac', 'ALEXANDRE OLIVEIRA MICHELS', '20401561400153917', '2025-08-03 18:09:29.659617+00:00');
INSERT INTO sala_de_aula_alunos (id, sala_id, nome_aluno, turma, created_at) VALUES ('1e0cd038-ed28-4fe8-a471-efe37d0999aa', 'ccf06d5a-38fa-4d1c-9942-b0c39307edac', 'ALLANA CAMILLY LUNA VILAS BOAS', '20401561400153747', '2025-08-03 18:09:29.659617+00:00');
INSERT INTO sala_de_aula_alunos (id, sala_id, nome_aluno, turma, created_at) VALUES ('f5ceb1a1-8497-4a6c-b417-09fd80c67938', 'ccf06d5a-38fa-4d1c-9942-b0c39307edac', 'ANNA JULIA LINHARES DOS SANTOS', '20401561400153919', '2025-08-03 18:09:29.659617+00:00');
INSERT INTO sala_de_aula_alunos (id, sala_id, nome_aluno, turma, created_at) VALUES ('a290ac1d-8007-4d15-9268-4b389aaca2e0', 'ccf06d5a-38fa-4d1c-9942-b0c39307edac', 'ARTHUR DOS SANTOS MENDES DE OLIVEIRA', '20401561400153950', '2025-08-03 18:09:29.659617+00:00');
INSERT INTO sala_de_aula_alunos (id, sala_id, nome_aluno, turma, created_at) VALUES ('c4f77425-ffca-4b0b-9ec3-db2d8e002a2c', 'ccf06d5a-38fa-4d1c-9942-b0c39307edac', 'BRUNO CARVALHO DE FRANCA', '20401561400153978', '2025-08-03 18:09:29.659617+00:00');
INSERT INTO sala_de_aula_alunos (id, sala_id, nome_aluno, turma, created_at) VALUES ('60a5eb0c-efe7-4221-81b6-560d44adca63', 'ccf06d5a-38fa-4d1c-9942-b0c39307edac', 'CAMILE OLIVEIRA LUCAS ALVES', '20401561400153751', '2025-08-03 18:09:29.659617+00:00');
INSERT INTO sala_de_aula_alunos (id, sala_id, nome_aluno, turma, created_at) VALUES ('4c508e07-679e-4231-a59c-666f7b7631c8', 'ccf06d5a-38fa-4d1c-9942-b0c39307edac', 'CARLOS EDUARDO ALMEIDA DA SILVA', '20401561400153951', '2025-08-03 18:09:29.659617+00:00');
INSERT INTO sala_de_aula_alunos (id, sala_id, nome_aluno, turma, created_at) VALUES ('327a4b78-57e9-457c-8b8d-56ac2a2ce406', 'ccf06d5a-38fa-4d1c-9942-b0c39307edac', 'DANIEL ISAAC RANGEL NATERA', '20401561400153952', '2025-08-03 18:09:29.659617+00:00');
INSERT INTO sala_de_aula_alunos (id, sala_id, nome_aluno, turma, created_at) VALUES ('49858441-3ba8-4d01-a672-d9d6ea8836d8', 'ccf06d5a-38fa-4d1c-9942-b0c39307edac', 'DANILO RICHARD MACHADO VERGILIO', '20401561400153979', '2025-08-03 18:09:29.659617+00:00');
INSERT INTO sala_de_aula_alunos (id, sala_id, nome_aluno, turma, created_at) VALUES ('15a05950-58e8-44fc-9192-80cca817daca', 'ccf06d5a-38fa-4d1c-9942-b0c39307edac', 'DANILO SKORIE ALVES', '20401561400153853', '2025-08-03 18:09:29.659617+00:00');
INSERT INTO sala_de_aula_alunos (id, sala_id, nome_aluno, turma, created_at) VALUES ('90590c85-1246-428a-853b-4ec378e96932', 'ccf06d5a-38fa-4d1c-9942-b0c39307edac', 'DERICK ADRIAN BORBA DE SOUZA', '20401561400153923', '2025-08-03 18:09:29.659617+00:00');
INSERT INTO sala_de_aula_alunos (id, sala_id, nome_aluno, turma, created_at) VALUES ('cd4df722-8056-4e66-9efc-7ce640cbb4ac', 'ccf06d5a-38fa-4d1c-9942-b0c39307edac', 'ESDRAS PADILHA', '20401561400153858', '2025-08-03 18:09:29.659617+00:00');
INSERT INTO sala_de_aula_alunos (id, sala_id, nome_aluno, turma, created_at) VALUES ('938b754e-b9ff-4f6c-8f81-6ca78dbcc396', 'ccf06d5a-38fa-4d1c-9942-b0c39307edac', 'FABRICIO CAMARGO PEREIRA', '20401561400153859', '2025-08-03 18:09:29.659617+00:00');
INSERT INTO sala_de_aula_alunos (id, sala_id, nome_aluno, turma, created_at) VALUES ('abfe927c-e83a-472f-96c0-330cfe0987c6', 'ccf06d5a-38fa-4d1c-9942-b0c39307edac', 'GABRIEL HENRIQUE MARTINS', '20401561400153983', '2025-08-03 18:09:29.659617+00:00');
INSERT INTO sala_de_aula_alunos (id, sala_id, nome_aluno, turma, created_at) VALUES ('20e3186a-6be3-47e7-8ebf-b7edae0c68b7', 'ccf06d5a-38fa-4d1c-9942-b0c39307edac', 'GABRIELLA FARIAS CORDEIRO', '20401561400153953', '2025-08-03 18:09:29.659617+00:00');
INSERT INTO sala_de_aula_alunos (id, sala_id, nome_aluno, turma, created_at) VALUES ('b178b5aa-085a-475c-a3d3-979cbe91d177', 'ccf06d5a-38fa-4d1c-9942-b0c39307edac', 'GUILHERME FREITAS SILVA', '20401561400153985', '2025-08-03 18:09:29.659617+00:00');
INSERT INTO sala_de_aula_alunos (id, sala_id, nome_aluno, turma, created_at) VALUES ('ed331de9-cfdf-425b-9b3d-57a2e9805e20', 'ff960c0b-7b0f-4c78-ae42-f546ce8aa034', 'ALANIS CRISTINA CRUZ DOS SANTOS', '20401561400153848', '2025-08-07 23:13:02.734700+00:00');
INSERT INTO sala_de_aula_alunos (id, sala_id, nome_aluno, turma, created_at) VALUES ('5c15364a-e888-4d7a-a5f7-95de7de17c9f', 'ccf06d5a-38fa-4d1c-9942-b0c39307edac', 'GUSTAVO FERREIRA DOS SANTOS', '20401561400153757', '2025-08-03 18:09:29.659617+00:00');
INSERT INTO sala_de_aula_alunos (id, sala_id, nome_aluno, turma, created_at) VALUES ('035ea247-99b6-4fb4-9ec8-8fad2378056e', 'ccf06d5a-38fa-4d1c-9942-b0c39307edac', 'HEMANUELLY VITORIA LEMES DE LIMA DE ARRUDA', '20401561400153928', '2025-08-03 18:09:29.659617+00:00');
INSERT INTO sala_de_aula_alunos (id, sala_id, nome_aluno, turma, created_at) VALUES ('e8074ec6-56e8-476c-8855-68db2c212415', 'ccf06d5a-38fa-4d1c-9942-b0c39307edac', 'JOAO PEDRO ALMEIDA DA SILVA', '20401561400153959', '2025-08-03 18:09:29.659617+00:00');
INSERT INTO sala_de_aula_alunos (id, sala_id, nome_aluno, turma, created_at) VALUES ('a6970287-e86b-4605-9738-41eba13136da', 'ccf06d5a-38fa-4d1c-9942-b0c39307edac', 'JOAO VITOR DE OLIVEIRA LEMES', '20401561400153929', '2025-08-03 18:09:29.659617+00:00');
INSERT INTO sala_de_aula_alunos (id, sala_id, nome_aluno, turma, created_at) VALUES ('e6b302e7-1fde-4d2f-98c6-a4291bf7f13a', 'ccf06d5a-38fa-4d1c-9942-b0c39307edac', 'JOAO VITOR PIMENTEL DA SILVA', '20401561400153930', '2025-08-03 18:09:29.659617+00:00');
INSERT INTO sala_de_aula_alunos (id, sala_id, nome_aluno, turma, created_at) VALUES ('14493f9f-6e13-4052-b52a-7400eda520b9', 'ccf06d5a-38fa-4d1c-9942-b0c39307edac', 'JOAQUIM DALBEM MEDEIROS', '20401561400153763', '2025-08-03 18:09:29.659617+00:00');
INSERT INTO sala_de_aula_alunos (id, sala_id, nome_aluno, turma, created_at) VALUES ('ea376450-4157-44d8-8c90-8d9e63008059', 'ccf06d5a-38fa-4d1c-9942-b0c39307edac', 'KAUA HENRIQUE DOS SANTOS PAULO', '20401561400153960', '2025-08-03 18:09:29.659617+00:00');
INSERT INTO sala_de_aula_alunos (id, sala_id, nome_aluno, turma, created_at) VALUES ('0abcc0ef-0a87-4134-8bc7-516851a0594a', 'ccf06d5a-38fa-4d1c-9942-b0c39307edac', 'KAUAN MURILO DE MATOS CARVALHO', '20401561400153961', '2025-08-03 18:09:29.659617+00:00');
INSERT INTO sala_de_aula_alunos (id, sala_id, nome_aluno, turma, created_at) VALUES ('8d5f7ce7-5682-401b-ac26-f49ac3404034', 'ccf06d5a-38fa-4d1c-9942-b0c39307edac', 'LEANDRO ADRIANO SANTOS CORREIA', '20401561400153934', '2025-08-03 18:09:29.659617+00:00');
INSERT INTO sala_de_aula_alunos (id, sala_id, nome_aluno, turma, created_at) VALUES ('0593e61e-1edb-4927-95bd-a94dc33dcdcf', 'ccf06d5a-38fa-4d1c-9942-b0c39307edac', 'LEVI PEREIRA DE ARAUJO', '20401561400153935', '2025-08-03 18:09:29.659617+00:00');
INSERT INTO sala_de_aula_alunos (id, sala_id, nome_aluno, turma, created_at) VALUES ('7e9393fd-8956-4c23-b8d8-89e6da817b50', 'ccf06d5a-38fa-4d1c-9942-b0c39307edac', 'LUAN SUZANO DE PAULA ARAUJO', '20401561400153936', '2025-08-03 18:09:29.659617+00:00');
INSERT INTO sala_de_aula_alunos (id, sala_id, nome_aluno, turma, created_at) VALUES ('fdf8c19f-61c0-4a03-8f5b-ecebe0e292d1', 'ccf06d5a-38fa-4d1c-9942-b0c39307edac', 'MALKON FLORIANO DE PAULA ARAUJO', '20401561400153990', '2025-08-03 18:09:29.659617+00:00');
INSERT INTO sala_de_aula_alunos (id, sala_id, nome_aluno, turma, created_at) VALUES ('15bae18e-1dbb-4a41-8e12-40fb831e861b', 'ccf06d5a-38fa-4d1c-9942-b0c39307edac', 'MARIA GABRIELLI DE LIMA FERNANDES', '20401561400153774', '2025-08-03 18:09:29.659617+00:00');
INSERT INTO sala_de_aula_alunos (id, sala_id, nome_aluno, turma, created_at) VALUES ('73b21a46-5c80-4c28-805b-8d86c6791329', 'ccf06d5a-38fa-4d1c-9942-b0c39307edac', 'MARIANA BRANDES DE ARAUJO', '20401561400153938', '2025-08-03 18:09:29.659617+00:00');
INSERT INTO sala_de_aula_alunos (id, sala_id, nome_aluno, turma, created_at) VALUES ('c8fe089a-44e1-425f-9a1b-58b747cf1d0f', 'ccf06d5a-38fa-4d1c-9942-b0c39307edac', 'MARYA EDUARDA MACEDO CHAVES', '20401561400153992', '2025-08-03 18:09:29.659617+00:00');
INSERT INTO sala_de_aula_alunos (id, sala_id, nome_aluno, turma, created_at) VALUES ('cbbd62dd-626f-4c40-a4ac-6491ddd70df8', 'ccf06d5a-38fa-4d1c-9942-b0c39307edac', 'MATHEUS GABRIEL DA SILVA TERREROS', '20401561400153994', '2025-08-03 18:09:29.659617+00:00');
INSERT INTO sala_de_aula_alunos (id, sala_id, nome_aluno, turma, created_at) VALUES ('443f394e-5b04-4dd6-bbc2-f0b30a149351', 'ccf06d5a-38fa-4d1c-9942-b0c39307edac', 'MAYRA BAEZ DE LIMA', '20401561400153995', '2025-08-03 18:09:29.659617+00:00');
INSERT INTO sala_de_aula_alunos (id, sala_id, nome_aluno, turma, created_at) VALUES ('37c9472d-23da-4d9c-affd-7d6f6b23673d', 'ccf06d5a-38fa-4d1c-9942-b0c39307edac', 'NATAN VENANCIO GARCIA', '20401561400153966', '2025-08-03 18:09:29.659617+00:00');
INSERT INTO sala_de_aula_alunos (id, sala_id, nome_aluno, turma, created_at) VALUES ('3e2a5145-9825-4457-b55c-2daef3e7d0d5', 'ccf06d5a-38fa-4d1c-9942-b0c39307edac', 'NICOLLY BEATRIZ DO NASCIMENTO', '20401561400153998', '2025-08-03 18:09:29.659617+00:00');
INSERT INTO sala_de_aula_alunos (id, sala_id, nome_aluno, turma, created_at) VALUES ('6e381c58-0947-4bb1-b22b-eb1dd5133a30', 'ccf06d5a-38fa-4d1c-9942-b0c39307edac', 'NICOLY RAFAELY DO PRADO PINTO', '20401561400153940', '2025-08-03 18:09:29.659617+00:00');
INSERT INTO sala_de_aula_alunos (id, sala_id, nome_aluno, turma, created_at) VALUES ('72c08621-0e46-4870-a4e5-2efb9997d14f', 'ccf06d5a-38fa-4d1c-9942-b0c39307edac', 'PAULO CESAR SANTANA DE OLIVEIRA', '20401561400153872', '2025-08-03 18:09:29.659617+00:00');
INSERT INTO sala_de_aula_alunos (id, sala_id, nome_aluno, turma, created_at) VALUES ('ed6a4554-37e6-4173-b1fa-bf4cbb1ab3cd', 'ccf06d5a-38fa-4d1c-9942-b0c39307edac', 'PIETRO GUIMARAES FERNANDES', '20401561400153873', '2025-08-03 18:09:29.659617+00:00');
INSERT INTO sala_de_aula_alunos (id, sala_id, nome_aluno, turma, created_at) VALUES ('8f345155-1531-4bd5-be4d-a651040fa3ea', 'ccf06d5a-38fa-4d1c-9942-b0c39307edac', 'RENAN HENRIQUE FERREIRA LIMA', '20401561400153941', '2025-08-03 18:09:29.659617+00:00');
INSERT INTO sala_de_aula_alunos (id, sala_id, nome_aluno, turma, created_at) VALUES ('66cb100c-3922-411e-8eaa-c5a123d35c42', 'ccf06d5a-38fa-4d1c-9942-b0c39307edac', 'RAFAELLY DHORANA BATISTA DE ANDRADE', '20401561400154001', '2025-08-03 18:09:29.659617+00:00');
INSERT INTO sala_de_aula_alunos (id, sala_id, nome_aluno, turma, created_at) VALUES ('eb3c5e74-284b-4cf7-9ad2-97bf1e6a6a56', 'ccf06d5a-38fa-4d1c-9942-b0c39307edac', 'RHUAN DE LIMA DE OLIVEIRA', '20401561400153942', '2025-08-03 18:09:29.659617+00:00');
INSERT INTO sala_de_aula_alunos (id, sala_id, nome_aluno, turma, created_at) VALUES ('67d6659e-6e42-403c-9b01-0df893a2df3b', 'ccf06d5a-38fa-4d1c-9942-b0c39307edac', 'RICARDO ADRIANO SANTOS CORREIA', '20401561400154002', '2025-08-03 18:09:29.659617+00:00');
INSERT INTO sala_de_aula_alunos (id, sala_id, nome_aluno, turma, created_at) VALUES ('fdf4d7df-04e3-4920-b0a2-cec5cbac201b', 'ccf06d5a-38fa-4d1c-9942-b0c39307edac', 'RICARDO GULCHINSKI', '20401561400154003', '2025-08-03 18:09:29.659617+00:00');
INSERT INTO sala_de_aula_alunos (id, sala_id, nome_aluno, turma, created_at) VALUES ('0cd3d225-1ccf-493b-a0da-1a9fd1e454fd', 'ccf06d5a-38fa-4d1c-9942-b0c39307edac', 'RICARDO MARQUES DE ARRUDA', '20401561400153874', '2025-08-03 18:09:29.659617+00:00');
INSERT INTO sala_de_aula_alunos (id, sala_id, nome_aluno, turma, created_at) VALUES ('24f3c139-4c88-4383-aef5-0f4d1194cbe0', 'ccf06d5a-38fa-4d1c-9942-b0c39307edac', 'ROBERTO NIRAJ DIAS PETROVSKI', '20401561400153943', '2025-08-03 18:09:29.659617+00:00');
INSERT INTO sala_de_aula_alunos (id, sala_id, nome_aluno, turma, created_at) VALUES ('3a0b61f8-9599-4032-9eb7-6a5f6645d162', 'ccf06d5a-38fa-4d1c-9942-b0c39307edac', 'SAMUEL CALHARES', '20401561400154004', '2025-08-03 18:09:29.659617+00:00');
INSERT INTO sala_de_aula_alunos (id, sala_id, nome_aluno, turma, created_at) VALUES ('1603320d-c1a8-4097-be2d-7c5f50c81bc9', 'ccf06d5a-38fa-4d1c-9942-b0c39307edac', 'VALENTINA CLOCK DE ARRUDA', '20401561400153875', '2025-08-03 18:09:29.659617+00:00');
INSERT INTO sala_de_aula_alunos (id, sala_id, nome_aluno, turma, created_at) VALUES ('167ad10b-6b76-4185-85cb-561b50dbe465', 'ccf06d5a-38fa-4d1c-9942-b0c39307edac', 'WESLEY CAUE AMARAL PINTO', '20401561400153877', '2025-08-03 18:09:29.659617+00:00');
INSERT INTO sala_de_aula_alunos (id, sala_id, nome_aluno, turma, created_at) VALUES ('04b6fcd9-e647-4c75-bac3-0c20cd13effa', 'ccf06d5a-38fa-4d1c-9942-b0c39307edac', 'YAGO HENRIQUE DA SILVA FARIAS', '20401561400153973', '2025-08-03 18:09:29.659617+00:00');
INSERT INTO sala_de_aula_alunos (id, sala_id, nome_aluno, turma, created_at) VALUES ('4cbaa952-1b44-4df3-95b5-fe8b5ea92919', 'ccf06d5a-38fa-4d1c-9942-b0c39307edac', 'YASMIN KAUANY DE LIMA NOVASKI', '20401561400153976', '2025-08-03 18:09:29.659617+00:00');
INSERT INTO sala_de_aula_alunos (id, sala_id, nome_aluno, turma, created_at) VALUES ('3d6881a7-65da-423a-85fb-3fc5af9ea2d6', 'ccf06d5a-38fa-4d1c-9942-b0c39307edac', 'YASMIN MARTINS FRANCO', '20401561400153946', '2025-08-03 18:09:29.659617+00:00');
INSERT INTO sala_de_aula_alunos (id, sala_id, nome_aluno, turma, created_at) VALUES ('5901a5b5-7823-43ed-8ebc-dcf3ad91c99f', 'ccf06d5a-38fa-4d1c-9942-b0c39307edac', 'YNGRIDI HELOISE DOS SANTOS', '20401561400154008', '2025-08-03 18:09:29.659617+00:00');
INSERT INTO sala_de_aula_alunos (id, sala_id, nome_aluno, turma, created_at) VALUES ('9be7c9ad-d59d-456a-9f18-3ce160de3e3c', 'ccf06d5a-38fa-4d1c-9942-b0c39307edac', 'VITOR SAMUEL BATISTA', '20401561400154007', '2025-08-03 18:10:48.491160+00:00');
INSERT INTO sala_de_aula_alunos (id, sala_id, nome_aluno, turma, created_at) VALUES ('5bf405a4-45c5-4bac-b200-92f401db802d', 'ccf06d5a-38fa-4d1c-9942-b0c39307edac', 'VICTOR HUGO VIEIRA ROSA', '20401561400153945', '2025-08-03 18:11:01.967173+00:00');
INSERT INTO sala_de_aula_alunos (id, sala_id, nome_aluno, turma, created_at) VALUES ('a89578bb-443a-432c-a9a4-a97002176165', 'ccf06d5a-38fa-4d1c-9942-b0c39307edac', 'VITOR EMANOEL NOGUEIRA PIOLA', '20401561400154006', '2025-08-03 18:11:16.243198+00:00');
INSERT INTO sala_de_aula_alunos (id, sala_id, nome_aluno, turma, created_at) VALUES ('2e6866ee-10b2-4cbf-aaff-ba06e846ecc4', '079d4433-a5ba-4ee9-a062-abc56ff24db6', 'ADRYAN MARQUES DE SOUZA', '20401561400153947', '2025-08-03 18:33:16.803435+00:00');
INSERT INTO sala_de_aula_alunos (id, sala_id, nome_aluno, turma, created_at) VALUES ('4aeb4fa4-fbc8-42b6-80f6-b0dbe07578c1', '079d4433-a5ba-4ee9-a062-abc56ff24db6', 'ALLANA CAMILLY LUNA VILAS BOAS', '20401561400153747', '2025-08-03 18:33:16.803435+00:00');
INSERT INTO sala_de_aula_alunos (id, sala_id, nome_aluno, turma, created_at) VALUES ('2f4059bb-94d8-4219-900f-017f409359d8', '079d4433-a5ba-4ee9-a062-abc56ff24db6', 'ANA FLAVIA CORREA DE SOUZA', '20401561400153949', '2025-08-03 18:33:16.803435+00:00');
INSERT INTO sala_de_aula_alunos (id, sala_id, nome_aluno, turma, created_at) VALUES ('3fa22711-823a-4f06-9d6c-87836ca374a0', '079d4433-a5ba-4ee9-a062-abc56ff24db6', 'ANNA JULIA LINHARES DOS SANTOS', '20401561400153919', '2025-08-03 18:33:16.803435+00:00');
INSERT INTO sala_de_aula_alunos (id, sala_id, nome_aluno, turma, created_at) VALUES ('71ca16ee-670a-4114-9774-aef7c99fc98d', '079d4433-a5ba-4ee9-a062-abc56ff24db6', 'ARTHUR DOS SANTOS MENDES DE OLIVEIRA', '20401561400153950', '2025-08-03 18:33:16.803435+00:00');
INSERT INTO sala_de_aula_alunos (id, sala_id, nome_aluno, turma, created_at) VALUES ('257c30a4-bee3-4c2b-a3f6-48cbea03ef3a', '079d4433-a5ba-4ee9-a062-abc56ff24db6', 'BRENNO FERREIRA TIETJEN', '20401561400153920', '2025-08-03 18:33:16.803435+00:00');
INSERT INTO sala_de_aula_alunos (id, sala_id, nome_aluno, turma, created_at) VALUES ('696c9660-0eb3-4857-9ab4-b76c2e79e075', '079d4433-a5ba-4ee9-a062-abc56ff24db6', 'BRUNO CARVALHO DE FRANCA', '20401561400153978', '2025-08-03 18:33:16.803435+00:00');
INSERT INTO sala_de_aula_alunos (id, sala_id, nome_aluno, turma, created_at) VALUES ('e6101834-cf0a-46c9-bc61-c0a8c4e53e9e', '079d4433-a5ba-4ee9-a062-abc56ff24db6', 'CARLOS EDUARDO ALMEIDA DA SILVA', '20401561400153951', '2025-08-03 18:33:16.803435+00:00');
INSERT INTO sala_de_aula_alunos (id, sala_id, nome_aluno, turma, created_at) VALUES ('34ba5741-94f8-4e99-9572-5ab84986725d', '079d4433-a5ba-4ee9-a062-abc56ff24db6', 'DANIEL ISAAC RANGEL NATERA', '20401561400153952', '2025-08-03 18:33:16.803435+00:00');
INSERT INTO sala_de_aula_alunos (id, sala_id, nome_aluno, turma, created_at) VALUES ('d62b45a6-d883-4dae-8879-bb5a9bc000a2', '079d4433-a5ba-4ee9-a062-abc56ff24db6', 'DANILO RICHARD MACHADO VERGILIO', '20401561400153979', '2025-08-03 18:33:16.803435+00:00');
INSERT INTO sala_de_aula_alunos (id, sala_id, nome_aluno, turma, created_at) VALUES ('1f7b2e30-6588-449a-aa49-f570781b2a8b', '079d4433-a5ba-4ee9-a062-abc56ff24db6', 'DANILO SKORIE ALVES', '20401561400153853', '2025-08-03 18:33:16.803435+00:00');
INSERT INTO sala_de_aula_alunos (id, sala_id, nome_aluno, turma, created_at) VALUES ('846bdd0e-01aa-42c5-bfa7-ccbe30565195', '079d4433-a5ba-4ee9-a062-abc56ff24db6', 'DERICK ADRIAN BORBA DE SOUZA', '20401561400153923', '2025-08-03 18:33:16.803435+00:00');
INSERT INTO sala_de_aula_alunos (id, sala_id, nome_aluno, turma, created_at) VALUES ('0d4f6df1-1ae5-48d9-9179-cc3ebb7fba48', '079d4433-a5ba-4ee9-a062-abc56ff24db6', 'FELIPE AUGUSTO DE SOUZA LEMOS', '20401561400153754', '2025-08-03 18:33:16.803435+00:00');
INSERT INTO sala_de_aula_alunos (id, sala_id, nome_aluno, turma, created_at) VALUES ('699a6fd5-02a6-42b6-8dd6-1230c5ac8102', '079d4433-a5ba-4ee9-a062-abc56ff24db6', 'GABRIEL DIAS DANTAS GOMES', '20401561400153982', '2025-08-03 18:33:16.803435+00:00');
INSERT INTO sala_de_aula_alunos (id, sala_id, nome_aluno, turma, created_at) VALUES ('48843577-036d-4717-a97c-6a39b96c6720', '079d4433-a5ba-4ee9-a062-abc56ff24db6', 'GABRIEL HENRIQUE MARTINS', '20401561400153983', '2025-08-03 18:33:16.803435+00:00');
INSERT INTO sala_de_aula_alunos (id, sala_id, nome_aluno, turma, created_at) VALUES ('5ab64a73-8b3d-446d-8b65-6b2b14286554', '079d4433-a5ba-4ee9-a062-abc56ff24db6', 'GABRIELE APARECIDA DA SILVA', '20401561400153861', '2025-08-03 18:33:16.803435+00:00');
INSERT INTO sala_de_aula_alunos (id, sala_id, nome_aluno, turma, created_at) VALUES ('bb941644-95be-4635-8955-23a21917b069', '079d4433-a5ba-4ee9-a062-abc56ff24db6', 'GEAN BRUNNO AMORIM DA SILVA', '20401561400153954', '2025-08-03 18:33:16.803435+00:00');
INSERT INTO sala_de_aula_alunos (id, sala_id, nome_aluno, turma, created_at) VALUES ('13159e3c-fc38-4a25-9eab-5ecd4ed5f1b3', '079d4433-a5ba-4ee9-a062-abc56ff24db6', 'GUILHERME FREITAS SILVA', '20401561400153985', '2025-08-03 18:33:16.803435+00:00');
INSERT INTO sala_de_aula_alunos (id, sala_id, nome_aluno, turma, created_at) VALUES ('33a46a3f-abab-4c6a-8630-475565de4bf8', '079d4433-a5ba-4ee9-a062-abc56ff24db6', 'GUSTAVO FERREIRA DOS SANTOS', '20401561400153757', '2025-08-03 18:33:16.803435+00:00');
INSERT INTO sala_de_aula_alunos (id, sala_id, nome_aluno, turma, created_at) VALUES ('b4188c99-55d1-4de6-bca6-abeaa19028b1', '079d4433-a5ba-4ee9-a062-abc56ff24db6', 'HEMANUELLY VITORIA LEMES DE LIMA DE ARRUDA', '20401561400153928', '2025-08-03 18:33:16.803435+00:00');
INSERT INTO sala_de_aula_alunos (id, sala_id, nome_aluno, turma, created_at) VALUES ('e458b665-df57-4fc4-8516-489e2c277914', '079d4433-a5ba-4ee9-a062-abc56ff24db6', 'JOAO GUILHERME OLIVEIRA DE MACEDO', '20401561400153987', '2025-08-03 18:33:16.803435+00:00');
INSERT INTO sala_de_aula_alunos (id, sala_id, nome_aluno, turma, created_at) VALUES ('b0ae00dc-a193-4908-a3e2-34fe930e6d0d', '079d4433-a5ba-4ee9-a062-abc56ff24db6', 'JOAO PEDRO ALMEIDA DA SILVA', '20401561400153959', '2025-08-03 18:33:16.803435+00:00');
INSERT INTO sala_de_aula_alunos (id, sala_id, nome_aluno, turma, created_at) VALUES ('3faa1eec-9c2c-48b8-9eb5-3003e57655ee', '079d4433-a5ba-4ee9-a062-abc56ff24db6', 'JULIA GABRYELLA MACIEL CAMARGO', '20401561400153931', '2025-08-03 18:33:16.803435+00:00');
INSERT INTO sala_de_aula_alunos (id, sala_id, nome_aluno, turma, created_at) VALUES ('f8b06a4e-7c40-4a46-85e3-fdba7b97db69', '079d4433-a5ba-4ee9-a062-abc56ff24db6', 'JULYA CAROLINE LANGE DOS SANTOS', '20401561400153765', '2025-08-03 18:33:16.803435+00:00');
INSERT INTO sala_de_aula_alunos (id, sala_id, nome_aluno, turma, created_at) VALUES ('36ae9ef4-4930-4e29-b9bc-3909022e7e9b', '079d4433-a5ba-4ee9-a062-abc56ff24db6', 'KAUA HENRIQUE DOS SANTOS PAULO', '20401561400153960', '2025-08-03 18:33:16.803435+00:00');
INSERT INTO sala_de_aula_alunos (id, sala_id, nome_aluno, turma, created_at) VALUES ('8437b4bf-12af-4e5a-93f0-36d3cd53c4c0', '079d4433-a5ba-4ee9-a062-abc56ff24db6', 'KAUAN COSTA DE QUADROS', '20401561400153932', '2025-08-03 18:33:16.803435+00:00');
INSERT INTO sala_de_aula_alunos (id, sala_id, nome_aluno, turma, created_at) VALUES ('b99f3bc4-b0a5-4e6a-8b72-d00578e212f5', '079d4433-a5ba-4ee9-a062-abc56ff24db6', 'KAUAN MURILO DE MATOS CARVALHO', '20401561400153961', '2025-08-03 18:33:16.803435+00:00');
INSERT INTO sala_de_aula_alunos (id, sala_id, nome_aluno, turma, created_at) VALUES ('d4efa754-42a4-4a39-9ec7-acbfe56a56d2', '079d4433-a5ba-4ee9-a062-abc56ff24db6', 'LAURA SOFIA DO PRADO', '20401561400153988', '2025-08-03 18:33:16.803435+00:00');
INSERT INTO sala_de_aula_alunos (id, sala_id, nome_aluno, turma, created_at) VALUES ('37f2d3db-f82a-4bf1-8de9-e7e922720e23', '079d4433-a5ba-4ee9-a062-abc56ff24db6', 'LEANDRO ADRIANO SANTOS CORREIA', '20401561400153934', '2025-08-03 18:33:16.803435+00:00');
INSERT INTO sala_de_aula_alunos (id, sala_id, nome_aluno, turma, created_at) VALUES ('374203a5-65a8-43c9-a719-cfea04f915ae', '079d4433-a5ba-4ee9-a062-abc56ff24db6', 'LEONARDO BEVILAQUA STABEN', '20401561400153963', '2025-08-03 18:33:16.803435+00:00');
INSERT INTO sala_de_aula_alunos (id, sala_id, nome_aluno, turma, created_at) VALUES ('a2892997-f8d4-4ef3-8ce1-083a5b6c3294', '079d4433-a5ba-4ee9-a062-abc56ff24db6', 'LEVI PEREIRA DE ARAUJO', '20401561400153935', '2025-08-03 18:33:16.803435+00:00');
INSERT INTO sala_de_aula_alunos (id, sala_id, nome_aluno, turma, created_at) VALUES ('9796b6e0-bcab-4aee-b509-477735ed435a', '079d4433-a5ba-4ee9-a062-abc56ff24db6', 'LUAN SUZANO DE PAULA ARAUJO', '20401561400153936', '2025-08-03 18:33:16.803435+00:00');
INSERT INTO sala_de_aula_alunos (id, sala_id, nome_aluno, turma, created_at) VALUES ('e4ce0774-2127-494b-bbb1-012a46d64c22', '079d4433-a5ba-4ee9-a062-abc56ff24db6', 'LUIZ PAULO MARQUES DA SILVA BOLIN', '20401561400153773', '2025-08-03 18:33:16.803435+00:00');
INSERT INTO sala_de_aula_alunos (id, sala_id, nome_aluno, turma, created_at) VALUES ('48cd10ab-d564-4b11-b2f4-e1b7c2b5ca7e', '079d4433-a5ba-4ee9-a062-abc56ff24db6', 'MALKON FLORIANO DE PAULA ARAUJO', '20401561400153990', '2025-08-03 18:33:16.803435+00:00');
INSERT INTO sala_de_aula_alunos (id, sala_id, nome_aluno, turma, created_at) VALUES ('143bf832-fdb4-43e1-bdf0-c159b7c94a33', '079d4433-a5ba-4ee9-a062-abc56ff24db6', 'MARIA GABRIELLI DE LIMA FERNANDES', '20401561400153774', '2025-08-03 18:33:16.803435+00:00');
INSERT INTO sala_de_aula_alunos (id, sala_id, nome_aluno, turma, created_at) VALUES ('f68fad9c-5d8c-49f9-8ac0-8888ed265572', '079d4433-a5ba-4ee9-a062-abc56ff24db6', 'MARIA VITORIA DOS SANTOS BATISTA', '20401561400153937', '2025-08-03 18:33:16.803435+00:00');
INSERT INTO sala_de_aula_alunos (id, sala_id, nome_aluno, turma, created_at) VALUES ('2a57365d-3f4d-4af3-ba22-c0afee299d11', '079d4433-a5ba-4ee9-a062-abc56ff24db6', 'MARIA VITORIA PADILHA ASSIZ', '20401561400153965', '2025-08-03 18:33:16.803435+00:00');
INSERT INTO sala_de_aula_alunos (id, sala_id, nome_aluno, turma, created_at) VALUES ('46c84c2f-84f7-4b86-bf27-907474f756d1', '079d4433-a5ba-4ee9-a062-abc56ff24db6', 'MARIANNE RODRIGUES ELER', '20401561400153991', '2025-08-03 18:33:16.803435+00:00');
INSERT INTO sala_de_aula_alunos (id, sala_id, nome_aluno, turma, created_at) VALUES ('1c0d6888-9136-4074-b7d9-021d247647f2', '079d4433-a5ba-4ee9-a062-abc56ff24db6', 'MARYA EDUARDA MACEDO CHAVES', '20401561400153992', '2025-08-03 18:33:16.803435+00:00');
INSERT INTO sala_de_aula_alunos (id, sala_id, nome_aluno, turma, created_at) VALUES ('5bb629e8-5d55-4a55-959e-23f88edb9090', '079d4433-a5ba-4ee9-a062-abc56ff24db6', 'MATHEUS EDUARDO DA SILVA PEREIRA', '20401561400153993', '2025-08-03 18:33:16.803435+00:00');
INSERT INTO sala_de_aula_alunos (id, sala_id, nome_aluno, turma, created_at) VALUES ('aae621c8-b3e7-4e93-8637-9cfc7e7e2df7', '079d4433-a5ba-4ee9-a062-abc56ff24db6', 'MATHEUS GABRIEL DA SILVA TERREROS', '20401561400153994', '2025-08-03 18:33:16.803435+00:00');
INSERT INTO sala_de_aula_alunos (id, sala_id, nome_aluno, turma, created_at) VALUES ('0f00a96a-0a48-4cf2-9d23-c6f21a433bea', '079d4433-a5ba-4ee9-a062-abc56ff24db6', 'MAYRA BAEZ DE LIMA', '20401561400153995', '2025-08-03 18:33:16.803435+00:00');
INSERT INTO sala_de_aula_alunos (id, sala_id, nome_aluno, turma, created_at) VALUES ('d055395f-c8e3-4e53-bc5b-c49fe5f47fde', '079d4433-a5ba-4ee9-a062-abc56ff24db6', 'NATAN VENANCIO GARCIA', '20401561400153966', '2025-08-03 18:33:16.803435+00:00');
INSERT INTO sala_de_aula_alunos (id, sala_id, nome_aluno, turma, created_at) VALUES ('9fe13e69-03c5-453f-8aa6-99fa18c150d1', '079d4433-a5ba-4ee9-a062-abc56ff24db6', 'NICOLLY BEATRIZ DO NASCIMENTO', '20401561400153998', '2025-08-03 18:33:16.803435+00:00');
INSERT INTO sala_de_aula_alunos (id, sala_id, nome_aluno, turma, created_at) VALUES ('3b9d28be-7fdb-4b31-94ad-4b67d8fb5e6c', '079d4433-a5ba-4ee9-a062-abc56ff24db6', 'NICOLY RAFAELY DO PRADO PINTO', '20401561400153940', '2025-08-03 18:33:16.803435+00:00');
INSERT INTO sala_de_aula_alunos (id, sala_id, nome_aluno, turma, created_at) VALUES ('5adcdb77-39f1-411d-9d3e-b867de3f066d', '079d4433-a5ba-4ee9-a062-abc56ff24db6', 'PAULO CESAR SANTANA DE OLIVEIRA', '20401561400153872', '2025-08-03 18:33:16.803435+00:00');
INSERT INTO sala_de_aula_alunos (id, sala_id, nome_aluno, turma, created_at) VALUES ('4860b0bb-4b8a-43ac-86a5-377b0357c55f', '079d4433-a5ba-4ee9-a062-abc56ff24db6', 'PIETRO GUIMARAES FERNANDES', '20401561400153873', '2025-08-03 18:33:16.803435+00:00');
INSERT INTO sala_de_aula_alunos (id, sala_id, nome_aluno, turma, created_at) VALUES ('e482c0ea-a116-45c0-b61a-f7ec7544b8f1', '079d4433-a5ba-4ee9-a062-abc56ff24db6', 'RAFAELLY DHORANA BATISTA DE ANDRADE', '20401561400154001', '2025-08-03 18:33:16.803435+00:00');
INSERT INTO sala_de_aula_alunos (id, sala_id, nome_aluno, turma, created_at) VALUES ('495a8e49-70ce-402d-9564-3ecbcd2b66ba', '079d4433-a5ba-4ee9-a062-abc56ff24db6', 'RENAN HENRIQUE FERREIRA LIMA', '20401561400153941', '2025-08-03 18:33:16.803435+00:00');
INSERT INTO sala_de_aula_alunos (id, sala_id, nome_aluno, turma, created_at) VALUES ('acdbfda7-c299-49df-9f83-8eefac64512c', '079d4433-a5ba-4ee9-a062-abc56ff24db6', 'RICARDO ADRIANO SANTOS CORREIA', '20401561400154002', '2025-08-03 18:33:16.803435+00:00');
INSERT INTO sala_de_aula_alunos (id, sala_id, nome_aluno, turma, created_at) VALUES ('fbd01785-6123-44be-952f-8019ab5b63ab', '079d4433-a5ba-4ee9-a062-abc56ff24db6', 'RICARDO GULCHINSKI', '20401561400154003', '2025-08-03 18:33:16.803435+00:00');
INSERT INTO sala_de_aula_alunos (id, sala_id, nome_aluno, turma, created_at) VALUES ('3978c489-c1c1-4adb-b838-9f1b0097ee62', '079d4433-a5ba-4ee9-a062-abc56ff24db6', 'RICARDO MARQUES DE ARRUDA', '20401561400153874', '2025-08-03 18:33:16.803435+00:00');
INSERT INTO sala_de_aula_alunos (id, sala_id, nome_aluno, turma, created_at) VALUES ('bed5ea74-4ec7-4599-b90b-f3541ed622ae', '079d4433-a5ba-4ee9-a062-abc56ff24db6', 'ROBERTO NIRAJ DIAS PETROVSKI', '20401561400153943', '2025-08-03 18:33:16.803435+00:00');
INSERT INTO sala_de_aula_alunos (id, sala_id, nome_aluno, turma, created_at) VALUES ('091f7ceb-290b-4110-91fd-452111376a3a', '079d4433-a5ba-4ee9-a062-abc56ff24db6', 'SAMUEL CALHARES', '20401561400154004', '2025-08-03 18:33:16.803435+00:00');
INSERT INTO sala_de_aula_alunos (id, sala_id, nome_aluno, turma, created_at) VALUES ('7418effb-3315-4167-ba98-8beb4d19617e', '079d4433-a5ba-4ee9-a062-abc56ff24db6', 'STEPHANIE CAROLINE DE SOUZA DA SILVA', '20401561400154005', '2025-08-03 18:33:16.803435+00:00');
INSERT INTO sala_de_aula_alunos (id, sala_id, nome_aluno, turma, created_at) VALUES ('e0b011d1-80c1-40f1-b3b7-917c4c2d8862', '079d4433-a5ba-4ee9-a062-abc56ff24db6', 'VALENTINA CLOCK DE ARRUDA', '20401561400153875', '2025-08-03 18:33:16.803435+00:00');
INSERT INTO sala_de_aula_alunos (id, sala_id, nome_aluno, turma, created_at) VALUES ('3acc4380-b1fb-46f7-be89-9ed3459c3e0b', '079d4433-a5ba-4ee9-a062-abc56ff24db6', 'VICTOR HUGO COSTA DO NASCIMENTO', '20401561400153972', '2025-08-03 18:33:16.803435+00:00');
INSERT INTO sala_de_aula_alunos (id, sala_id, nome_aluno, turma, created_at) VALUES ('6ea59752-b80e-4146-92b0-942a588c58a1', '079d4433-a5ba-4ee9-a062-abc56ff24db6', 'VICTOR HUGO VIEIRA ROSA', '20401561400153945', '2025-08-03 18:33:16.803435+00:00');
INSERT INTO sala_de_aula_alunos (id, sala_id, nome_aluno, turma, created_at) VALUES ('70344a03-fec3-434c-b9f4-509f8215019f', '079d4433-a5ba-4ee9-a062-abc56ff24db6', 'VITOR EMANOEL NOGUEIRA PIOLA', '20401561400154006', '2025-08-03 18:33:16.803435+00:00');
INSERT INTO sala_de_aula_alunos (id, sala_id, nome_aluno, turma, created_at) VALUES ('67764b9e-8ed9-46f8-be15-b558431fab50', '079d4433-a5ba-4ee9-a062-abc56ff24db6', 'WESLEY CAUE AMARAL PINTO', '20401561400153877', '2025-08-03 18:33:16.803435+00:00');
INSERT INTO sala_de_aula_alunos (id, sala_id, nome_aluno, turma, created_at) VALUES ('9782f64e-9b97-4fa6-aea7-d5822af29546', '079d4433-a5ba-4ee9-a062-abc56ff24db6', 'YAGO HENRIQUE DA SILVA FARIAS', '20401561400153973', '2025-08-03 18:33:16.803435+00:00');
INSERT INTO sala_de_aula_alunos (id, sala_id, nome_aluno, turma, created_at) VALUES ('860b84f9-0521-43e5-8f9b-8356e1e995b0', '079d4433-a5ba-4ee9-a062-abc56ff24db6', 'YASMIN MARTINS FRANCO', '20401561400153946', '2025-08-03 18:33:16.803435+00:00');
INSERT INTO sala_de_aula_alunos (id, sala_id, nome_aluno, turma, created_at) VALUES ('30c55d16-a34a-4de8-ab41-149a9d5ca4aa', '35b4a833-43ab-465a-bc7a-d2d5a5bb6ffe', 'ADRYAN MARQUES DE SOUZA', '20401561400153947', '2025-08-03 18:49:24.940339+00:00');
INSERT INTO sala_de_aula_alunos (id, sala_id, nome_aluno, turma, created_at) VALUES ('9adb05a4-06f7-47f6-b238-1aae82f5bbf1', '35b4a833-43ab-465a-bc7a-d2d5a5bb6ffe', 'ALEXANDRE OLIVEIRA MICHELS', '20401561400153917', '2025-08-03 18:49:24.940339+00:00');
INSERT INTO sala_de_aula_alunos (id, sala_id, nome_aluno, turma, created_at) VALUES ('8f68f164-1422-4c38-ad4c-aa8e8209e38d', '35b4a833-43ab-465a-bc7a-d2d5a5bb6ffe', 'ANA FLAVIA CORREA DE SOUZA', '20401561400153949', '2025-08-03 18:49:24.940339+00:00');
INSERT INTO sala_de_aula_alunos (id, sala_id, nome_aluno, turma, created_at) VALUES ('b3440ff7-436c-42ea-95cb-d676080d46b7', '35b4a833-43ab-465a-bc7a-d2d5a5bb6ffe', 'ANNA JULIA LINHARES DOS SANTOS', '20401561400153919', '2025-08-03 18:49:24.940339+00:00');
INSERT INTO sala_de_aula_alunos (id, sala_id, nome_aluno, turma, created_at) VALUES ('0bb2b96b-73d2-456c-82b3-efbacaacba1d', '35b4a833-43ab-465a-bc7a-d2d5a5bb6ffe', 'BRUNO CARVALHO DE FRANCA', '20401561400153978', '2025-08-03 18:49:24.940339+00:00');
INSERT INTO sala_de_aula_alunos (id, sala_id, nome_aluno, turma, created_at) VALUES ('b6199c12-a534-438a-a76a-4bdbda257292', '35b4a833-43ab-465a-bc7a-d2d5a5bb6ffe', 'CAMILE OLIVEIRA LUCAS ALVES', '20401561400153751', '2025-08-03 18:49:24.940339+00:00');
INSERT INTO sala_de_aula_alunos (id, sala_id, nome_aluno, turma, created_at) VALUES ('1608a29a-057f-4143-83f2-1975275e2b77', '35b4a833-43ab-465a-bc7a-d2d5a5bb6ffe', 'DANIEL LIMA', '20401561400153852', '2025-08-03 18:49:24.940339+00:00');
INSERT INTO sala_de_aula_alunos (id, sala_id, nome_aluno, turma, created_at) VALUES ('d6d722ac-be47-454d-80dc-f11a19e8fd13', '35b4a833-43ab-465a-bc7a-d2d5a5bb6ffe', 'DANILO SKORIE ALVES', '20401561400153853', '2025-08-03 18:49:24.940339+00:00');
INSERT INTO sala_de_aula_alunos (id, sala_id, nome_aluno, turma, created_at) VALUES ('ceb1f9da-60c2-4ab5-b53e-052a5dda07b8', '35b4a833-43ab-465a-bc7a-d2d5a5bb6ffe', 'DERICK ADRIAN BORBA DE SOUZA', '20401561400153923', '2025-08-03 18:49:24.940339+00:00');
INSERT INTO sala_de_aula_alunos (id, sala_id, nome_aluno, turma, created_at) VALUES ('df76a429-2a5d-442e-9a6c-7095ca123dac', '35b4a833-43ab-465a-bc7a-d2d5a5bb6ffe', 'FABRICIO CAMARGO PEREIRA', '20401561400153859', '2025-08-03 18:49:24.940339+00:00');
INSERT INTO sala_de_aula_alunos (id, sala_id, nome_aluno, turma, created_at) VALUES ('d7c6008d-deeb-4ee9-a059-68aeabedc4b8', '35b4a833-43ab-465a-bc7a-d2d5a5bb6ffe', 'FELIPE AUGUSTO DE SOUZA LEMOS', '20401561400153754', '2025-08-03 18:49:24.940339+00:00');
INSERT INTO sala_de_aula_alunos (id, sala_id, nome_aluno, turma, created_at) VALUES ('92883c02-5b6b-4d3a-b811-10513190cc55', '35b4a833-43ab-465a-bc7a-d2d5a5bb6ffe', 'GABRIEL DIAS DANTAS GOMES', '20401561400153982', '2025-08-03 18:49:24.940339+00:00');
INSERT INTO sala_de_aula_alunos (id, sala_id, nome_aluno, turma, created_at) VALUES ('6d12af96-2996-45ee-b201-6a5e3efe01ba', '35b4a833-43ab-465a-bc7a-d2d5a5bb6ffe', 'GABRIEL HENRIQUE MARTINS', '20401561400153983', '2025-08-03 18:49:24.940339+00:00');
INSERT INTO sala_de_aula_alunos (id, sala_id, nome_aluno, turma, created_at) VALUES ('14011d34-e492-438c-9859-57d1663bdf7b', '35b4a833-43ab-465a-bc7a-d2d5a5bb6ffe', 'GABRIELLA FARIAS CORDEIRO', '20401561400153953', '2025-08-03 18:49:24.940339+00:00');
INSERT INTO sala_de_aula_alunos (id, sala_id, nome_aluno, turma, created_at) VALUES ('5cf82d96-356a-4609-a85f-61fa31550291', '35b4a833-43ab-465a-bc7a-d2d5a5bb6ffe', 'GEAN BRUNNO AMORIM DA SILVA', '20401561400153954', '2025-08-03 18:49:24.940339+00:00');
INSERT INTO sala_de_aula_alunos (id, sala_id, nome_aluno, turma, created_at) VALUES ('63cd5da1-dddc-45b1-bd54-6775f9e3727c', '35b4a833-43ab-465a-bc7a-d2d5a5bb6ffe', 'GUILHERME FREITAS SILVA', '20401561400153985', '2025-08-03 18:49:24.940339+00:00');
INSERT INTO sala_de_aula_alunos (id, sala_id, nome_aluno, turma, created_at) VALUES ('4f7a025c-0194-4dd5-833b-0a3da281a4d9', '35b4a833-43ab-465a-bc7a-d2d5a5bb6ffe', 'HEMANUELLY VITORIA LEMES DE LIMA DE ARRUDA', '20401561400153928', '2025-08-03 18:49:24.940339+00:00');
INSERT INTO sala_de_aula_alunos (id, sala_id, nome_aluno, turma, created_at) VALUES ('724d8a65-5082-4fd5-9655-cb8a50229e4a', '35b4a833-43ab-465a-bc7a-d2d5a5bb6ffe', 'JOAO GUILHERME OLIVEIRA DE MACEDO', '20401561400153987', '2025-08-03 18:49:24.940339+00:00');
INSERT INTO sala_de_aula_alunos (id, sala_id, nome_aluno, turma, created_at) VALUES ('83df1138-c811-46ff-8e89-5b0957f986a9', '35b4a833-43ab-465a-bc7a-d2d5a5bb6ffe', 'JOAO VITOR DE OLIVEIRA LEMES', '20401561400153929', '2025-08-03 18:49:24.940339+00:00');
INSERT INTO sala_de_aula_alunos (id, sala_id, nome_aluno, turma, created_at) VALUES ('e22f398d-92c3-4908-8724-084f6ee7f83e', '35b4a833-43ab-465a-bc7a-d2d5a5bb6ffe', 'JOAQUIM DALBEM MEDEIROS', '20401561400153763', '2025-08-03 18:49:24.940339+00:00');
INSERT INTO sala_de_aula_alunos (id, sala_id, nome_aluno, turma, created_at) VALUES ('4dc69aa0-02ae-4c21-9240-06eabb757987', '35b4a833-43ab-465a-bc7a-d2d5a5bb6ffe', 'JULIA GABRYELLA MACIEL CAMARGO', '20401561400153931', '2025-08-03 18:49:24.940339+00:00');
INSERT INTO sala_de_aula_alunos (id, sala_id, nome_aluno, turma, created_at) VALUES ('81c0c3a5-4612-4732-9d09-82121bc1e591', '35b4a833-43ab-465a-bc7a-d2d5a5bb6ffe', 'KAUAN MURILO DE MATOS CARVALHO', '20401561400153961', '2025-08-03 18:49:24.940339+00:00');
INSERT INTO sala_de_aula_alunos (id, sala_id, nome_aluno, turma, created_at) VALUES ('77e04031-a7c3-456d-a08d-698b779e0c50', '35b4a833-43ab-465a-bc7a-d2d5a5bb6ffe', 'LEANDRO ADRIANO SANTOS CORREIA', '20401561400153934', '2025-08-03 18:49:24.940339+00:00');
INSERT INTO sala_de_aula_alunos (id, sala_id, nome_aluno, turma, created_at) VALUES ('d231f952-10a5-40b7-8f18-f8e8b5dc7b9a', '35b4a833-43ab-465a-bc7a-d2d5a5bb6ffe', 'LEVI PEREIRA DE ARAUJO', '20401561400153935', '2025-08-03 18:49:24.940339+00:00');
INSERT INTO sala_de_aula_alunos (id, sala_id, nome_aluno, turma, created_at) VALUES ('f0d0ecb6-efc5-42d6-a2f1-7b69812d54ad', '35b4a833-43ab-465a-bc7a-d2d5a5bb6ffe', 'MARIA VITORIA PADILHA ASSIZ', '20401561400153965', '2025-08-03 18:49:24.940339+00:00');
INSERT INTO sala_de_aula_alunos (id, sala_id, nome_aluno, turma, created_at) VALUES ('9e10c5fa-0074-47bc-8678-22266fde5895', '35b4a833-43ab-465a-bc7a-d2d5a5bb6ffe', 'MAYRA BAEZ DE LIMA', '20401561400153995', '2025-08-03 18:49:24.940339+00:00');
INSERT INTO sala_de_aula_alunos (id, sala_id, nome_aluno, turma, created_at) VALUES ('a0be7acc-a5e3-481a-a6a0-c6575f3d97b6', '35b4a833-43ab-465a-bc7a-d2d5a5bb6ffe', 'MIGUEL SALES DA SILVA', '20401561400153939', '2025-08-03 18:49:24.940339+00:00');
INSERT INTO sala_de_aula_alunos (id, sala_id, nome_aluno, turma, created_at) VALUES ('45f7764c-25f5-43a5-bdb6-95c115ab9c5a', '35b4a833-43ab-465a-bc7a-d2d5a5bb6ffe', 'NICOLY RAFAELY DO PRADO PINTO', '20401561400153940', '2025-08-03 18:49:24.940339+00:00');
INSERT INTO sala_de_aula_alunos (id, sala_id, nome_aluno, turma, created_at) VALUES ('72f80904-f6ff-450b-a5a8-c9d2af7d42bd', '35b4a833-43ab-465a-bc7a-d2d5a5bb6ffe', 'PAULO CESAR SANTANA DE OLIVEIRA', '20401561400153872', '2025-08-03 18:49:24.940339+00:00');
INSERT INTO sala_de_aula_alunos (id, sala_id, nome_aluno, turma, created_at) VALUES ('50e7a7ed-e478-4bc4-95fc-7468811d2469', '35b4a833-43ab-465a-bc7a-d2d5a5bb6ffe', 'PIETRO GUIMARAES FERNANDES', '20401561400153873', '2025-08-03 18:49:24.940339+00:00');
INSERT INTO sala_de_aula_alunos (id, sala_id, nome_aluno, turma, created_at) VALUES ('da815556-f5fb-41b6-a314-251675bffcad', '35b4a833-43ab-465a-bc7a-d2d5a5bb6ffe', 'RAFAELLY DHORANA BATISTA DE ANDRADE', '20401561400154001', '2025-08-03 18:49:24.940339+00:00');
INSERT INTO sala_de_aula_alunos (id, sala_id, nome_aluno, turma, created_at) VALUES ('ec3c1583-cc54-46fd-baaf-e872781a5ebb', '35b4a833-43ab-465a-bc7a-d2d5a5bb6ffe', 'RENAN HENRIQUE FERREIRA LIMA', '20401561400153941', '2025-08-03 18:49:24.940339+00:00');
INSERT INTO sala_de_aula_alunos (id, sala_id, nome_aluno, turma, created_at) VALUES ('f569b8bb-6139-4e67-bd22-f45b7ff8a796', '35b4a833-43ab-465a-bc7a-d2d5a5bb6ffe', 'RHUAN DE LIMA DE OLIVEIRA', '20401561400153942', '2025-08-03 18:49:24.940339+00:00');
INSERT INTO sala_de_aula_alunos (id, sala_id, nome_aluno, turma, created_at) VALUES ('3947890d-3e99-4586-9fb1-421b8b7e28c2', '35b4a833-43ab-465a-bc7a-d2d5a5bb6ffe', 'RICARDO ADRIANO SANTOS CORREIA', '20401561400154002', '2025-08-03 18:49:24.940339+00:00');
INSERT INTO sala_de_aula_alunos (id, sala_id, nome_aluno, turma, created_at) VALUES ('69899226-5d4c-48cf-b8a6-b3594ab7c13e', '35b4a833-43ab-465a-bc7a-d2d5a5bb6ffe', 'RICARDO GULCHINSKI', '20401561400154003', '2025-08-03 18:49:24.940339+00:00');
INSERT INTO sala_de_aula_alunos (id, sala_id, nome_aluno, turma, created_at) VALUES ('10132d13-60f3-45d6-b1dc-fb97d3c1405d', '35b4a833-43ab-465a-bc7a-d2d5a5bb6ffe', 'RICARDO MARQUES DE ARRUDA', '20401561400153874', '2025-08-03 18:49:24.940339+00:00');
INSERT INTO sala_de_aula_alunos (id, sala_id, nome_aluno, turma, created_at) VALUES ('b0cfb537-8c8d-48e9-a075-b80b14e93534', '35b4a833-43ab-465a-bc7a-d2d5a5bb6ffe', 'SAMUEL CALHARES', '20401561400154004', '2025-08-03 18:49:24.940339+00:00');
INSERT INTO sala_de_aula_alunos (id, sala_id, nome_aluno, turma, created_at) VALUES ('970449b8-0611-45d4-9ca5-9f78b7d02891', '35b4a833-43ab-465a-bc7a-d2d5a5bb6ffe', 'STEPHANIE CAROLINE DE SOUZA DA SILVA', '20401561400154005', '2025-08-03 18:49:24.940339+00:00');
INSERT INTO sala_de_aula_alunos (id, sala_id, nome_aluno, turma, created_at) VALUES ('c1e61f1b-b5c9-4cec-bed7-9fcd6fe69047', '35b4a833-43ab-465a-bc7a-d2d5a5bb6ffe', 'VALENTINA CLOCK DE ARRUDA', '20401561400153875', '2025-08-03 18:49:24.940339+00:00');
INSERT INTO sala_de_aula_alunos (id, sala_id, nome_aluno, turma, created_at) VALUES ('da682123-913d-44d1-b464-0d9451ec719a', '35b4a833-43ab-465a-bc7a-d2d5a5bb6ffe', 'VICTOR HUGO COSTA DO NASCIMENTO', '20401561400153972', '2025-08-03 18:49:24.940339+00:00');
INSERT INTO sala_de_aula_alunos (id, sala_id, nome_aluno, turma, created_at) VALUES ('58c7b2e2-67f7-456d-b3fd-3006724efe3b', '35b4a833-43ab-465a-bc7a-d2d5a5bb6ffe', 'VICTOR HUGO VIEIRA ROSA', '20401561400153945', '2025-08-03 18:49:24.940339+00:00');
INSERT INTO sala_de_aula_alunos (id, sala_id, nome_aluno, turma, created_at) VALUES ('4c6f0bcd-bab7-49a2-a8df-54aec37fb632', '35b4a833-43ab-465a-bc7a-d2d5a5bb6ffe', 'YAGO HENRIQUE DA SILVA FARIAS', '20401561400153973', '2025-08-03 18:49:24.940339+00:00');
INSERT INTO sala_de_aula_alunos (id, sala_id, nome_aluno, turma, created_at) VALUES ('a6eac7c5-6532-483f-953b-37627a2a3321', '35b4a833-43ab-465a-bc7a-d2d5a5bb6ffe', 'YASMIN KAUANY DE LIMA NOVASKI', '20401561400153976', '2025-08-03 18:49:24.940339+00:00');
INSERT INTO sala_de_aula_alunos (id, sala_id, nome_aluno, turma, created_at) VALUES ('6011197d-bf21-466d-a510-38e05ca73acb', '35b4a833-43ab-465a-bc7a-d2d5a5bb6ffe', 'YASMIN MARTINS FRANCO', '20401561400153946', '2025-08-03 18:49:24.940339+00:00');
INSERT INTO sala_de_aula_alunos (id, sala_id, nome_aluno, turma, created_at) VALUES ('6189b388-ce6e-4d78-969c-5b69331fac16', '35b4a833-43ab-465a-bc7a-d2d5a5bb6ffe', 'YNGRIDI HELOISE DOS SANTOS', '20401561400154008', '2025-08-03 18:49:24.940339+00:00');
INSERT INTO sala_de_aula_alunos (id, sala_id, nome_aluno, turma, created_at) VALUES ('5f8de72d-1124-4b03-9765-a127861a2c7e', 'eba12c84-002d-44e8-9b5a-48f07c6f4461', 'ALEXANDRE LUCAS DOS SANTOS CRUZ', '20401561400153780', '2025-08-03 19:01:10.461010+00:00');
INSERT INTO sala_de_aula_alunos (id, sala_id, nome_aluno, turma, created_at) VALUES ('8890a682-677c-4454-95e4-f98cf121e8ca', 'eba12c84-002d-44e8-9b5a-48f07c6f4461', 'ALLAN MATTES SANTIAGO', '20401561400153715', '2025-08-03 19:01:10.461010+00:00');
INSERT INTO sala_de_aula_alunos (id, sala_id, nome_aluno, turma, created_at) VALUES ('1bb501d5-5231-4703-8465-080284d580c5', 'eba12c84-002d-44e8-9b5a-48f07c6f4461', 'AMANDA LIMA CARVALHO', '20401561400153879', '2025-08-03 19:01:10.461010+00:00');
INSERT INTO sala_de_aula_alunos (id, sala_id, nome_aluno, turma, created_at) VALUES ('efbaba5e-2e10-4f50-a7ff-3d0438e20b10', 'eba12c84-002d-44e8-9b5a-48f07c6f4461', 'ANDRYELE BEATRIZ ZANDROWSKI FLECK', '20401561400153880', '2025-08-03 19:01:10.461010+00:00');
INSERT INTO sala_de_aula_alunos (id, sala_id, nome_aluno, turma, created_at) VALUES ('be41d48e-7633-4b2e-add5-2ec1f0b962b5', 'eba12c84-002d-44e8-9b5a-48f07c6f4461', 'ANNA CAROLINY ALMEIDA DA SILVA', '20401561400153881', '2025-08-03 19:01:10.461010+00:00');
INSERT INTO sala_de_aula_alunos (id, sala_id, nome_aluno, turma, created_at) VALUES ('c4837d78-9050-404c-8986-462511dd6e20', 'eba12c84-002d-44e8-9b5a-48f07c6f4461', 'CRISTIAN RAMON DE LIMA', '20401561400153784', '2025-08-03 19:01:10.461010+00:00');
INSERT INTO sala_de_aula_alunos (id, sala_id, nome_aluno, turma, created_at) VALUES ('79eebad9-d7a4-4775-9b26-8d0c2d9746e9', 'eba12c84-002d-44e8-9b5a-48f07c6f4461', 'DAVID DA SILVA DE SOUZA', '20401561400153717', '2025-08-03 19:01:10.461010+00:00');
INSERT INTO sala_de_aula_alunos (id, sala_id, nome_aluno, turma, created_at) VALUES ('9398e063-79f5-44e4-8b26-5d0c64950716', 'eba12c84-002d-44e8-9b5a-48f07c6f4461', 'DEBORA MEL FERREIRA DOS SANTOS', '20401561400153718', '2025-08-03 19:01:10.461010+00:00');
INSERT INTO sala_de_aula_alunos (id, sala_id, nome_aluno, turma, created_at) VALUES ('ad524d6c-a3b0-46d9-848b-ec3856ddce6f', 'eba12c84-002d-44e8-9b5a-48f07c6f4461', 'ELOYSA PROENCA CALIXTO', '20401561400153719', '2025-08-03 19:01:10.461010+00:00');
INSERT INTO sala_de_aula_alunos (id, sala_id, nome_aluno, turma, created_at) VALUES ('47103297-998e-4c00-9863-7d29e556ad84', 'eba12c84-002d-44e8-9b5a-48f07c6f4461', 'EMILLY JAINE GOMES DA SILVA', '20401561400153885', '2025-08-03 19:01:10.461010+00:00');
INSERT INTO sala_de_aula_alunos (id, sala_id, nome_aluno, turma, created_at) VALUES ('50028846-c8d8-4072-b958-98a81b96ce58', 'eba12c84-002d-44e8-9b5a-48f07c6f4461', 'ERICK NYCOLAS DE SOUZA CORDEIRO CORAGEM', '20401561400153886', '2025-08-03 19:01:10.461010+00:00');
INSERT INTO sala_de_aula_alunos (id, sala_id, nome_aluno, turma, created_at) VALUES ('c9f9d6ac-50f8-4b8f-b820-1677baba7842', 'eba12c84-002d-44e8-9b5a-48f07c6f4461', 'FELIPE MARCANDES LIBERATO', '20401561400153787', '2025-08-03 19:01:10.461010+00:00');
INSERT INTO sala_de_aula_alunos (id, sala_id, nome_aluno, turma, created_at) VALUES ('08c390ec-1a15-4121-b7e3-419f19f3f733', 'eba12c84-002d-44e8-9b5a-48f07c6f4461', 'GABRIEL ALEXANDRE ALVES MARQUES', '20401561400153887', '2025-08-03 19:01:10.461010+00:00');
INSERT INTO sala_de_aula_alunos (id, sala_id, nome_aluno, turma, created_at) VALUES ('6f288d5e-1e3d-4a38-864c-3f88779d721a', 'eba12c84-002d-44e8-9b5a-48f07c6f4461', 'GABRIEL OLAION BECKER DE SOUZA', '20401561400153790', '2025-08-03 19:01:10.461010+00:00');
INSERT INTO sala_de_aula_alunos (id, sala_id, nome_aluno, turma, created_at) VALUES ('5024522c-9413-48f0-88cb-d6f1241acd66', 'eba12c84-002d-44e8-9b5a-48f07c6f4461', 'GUSTAVO DE SOUZA DA CONCEICAO', '20401561400153724', '2025-08-03 19:01:10.461010+00:00');
INSERT INTO sala_de_aula_alunos (id, sala_id, nome_aluno, turma, created_at) VALUES ('f49da66e-ff85-4dca-bca6-46d0935b7b7b', 'eba12c84-002d-44e8-9b5a-48f07c6f4461', 'GUSTAVO LOPES RODRIGUES', '20401561400153791', '2025-08-03 19:01:10.461010+00:00');
INSERT INTO sala_de_aula_alunos (id, sala_id, nome_aluno, turma, created_at) VALUES ('222abb16-2e1a-4ec8-a4a2-ba734f818253', 'eba12c84-002d-44e8-9b5a-48f07c6f4461', 'HIGOR PACHECO SILVA COUTINHO COSTA', '20401561400153792', '2025-08-03 19:01:10.461010+00:00');
INSERT INTO sala_de_aula_alunos (id, sala_id, nome_aluno, turma, created_at) VALUES ('f6c48a1e-aa76-4fc7-9cf7-ebdd02d1c7e2', 'eba12c84-002d-44e8-9b5a-48f07c6f4461', 'IGOR NATANAEL CHIMANSKI DA FONSECA', '20401561400153889', '2025-08-03 19:01:10.461010+00:00');
INSERT INTO sala_de_aula_alunos (id, sala_id, nome_aluno, turma, created_at) VALUES ('07008d86-b070-4d04-b81d-d0a78a396b0f', 'eba12c84-002d-44e8-9b5a-48f07c6f4461', 'ISABELLA KLEIN DA SILVEIRA', '20401561400153726', '2025-08-03 19:01:10.461010+00:00');
INSERT INTO sala_de_aula_alunos (id, sala_id, nome_aluno, turma, created_at) VALUES ('b71fe46d-9323-42bf-9b88-da89bb9df8c6', 'eba12c84-002d-44e8-9b5a-48f07c6f4461', 'JOAO PEDRO PENICHE DOS SANTOS', '20401561400153728', '2025-08-03 19:01:10.461010+00:00');
INSERT INTO sala_de_aula_alunos (id, sala_id, nome_aluno, turma, created_at) VALUES ('8f45c1b0-df42-4cc4-bf80-a2fa9da91f7a', 'eba12c84-002d-44e8-9b5a-48f07c6f4461', 'JOAO VICTOR BISCAIA ZINKO', '20401561400153794', '2025-08-03 19:01:10.461010+00:00');
INSERT INTO sala_de_aula_alunos (id, sala_id, nome_aluno, turma, created_at) VALUES ('f617078f-62af-457d-bb74-94d396b895fb', 'eba12c84-002d-44e8-9b5a-48f07c6f4461', 'KAMILA COSTA PORTO SOUSA', '20401561400153795', '2025-08-03 19:01:10.461010+00:00');
INSERT INTO sala_de_aula_alunos (id, sala_id, nome_aluno, turma, created_at) VALUES ('2712fd26-df1a-4cce-a2fb-ab672bda0334', 'eba12c84-002d-44e8-9b5a-48f07c6f4461', 'KAUA SILVA DE CARVALHO', '20401561400153895', '2025-08-03 19:01:10.461010+00:00');
INSERT INTO sala_de_aula_alunos (id, sala_id, nome_aluno, turma, created_at) VALUES ('e21541aa-e5e6-4a59-bd3d-643ca6c9667c', 'eba12c84-002d-44e8-9b5a-48f07c6f4461', 'KAUE FONSECA DO AMARAL', '20401561400153896', '2025-08-03 19:01:10.461010+00:00');
INSERT INTO sala_de_aula_alunos (id, sala_id, nome_aluno, turma, created_at) VALUES ('c813f043-3c21-4212-9680-7e227222868d', 'eba12c84-002d-44e8-9b5a-48f07c6f4461', 'KAYKY BLODORN AMARAL', '20401561400153796', '2025-08-03 19:01:10.461010+00:00');
INSERT INTO sala_de_aula_alunos (id, sala_id, nome_aluno, turma, created_at) VALUES ('e68e6ee3-aed2-4310-973b-e8c6f8c98dd9', 'eba12c84-002d-44e8-9b5a-48f07c6f4461', 'KAYLANI MORDASKI CORREA', '20401561400153897', '2025-08-03 19:01:10.461010+00:00');
INSERT INTO sala_de_aula_alunos (id, sala_id, nome_aluno, turma, created_at) VALUES ('f4ea1a29-3f37-4dd7-ad46-d6d18adc3e8b', 'eba12c84-002d-44e8-9b5a-48f07c6f4461', 'KAYQUE PEREIRA RAMOS', '20401561400153797', '2025-08-03 19:01:10.461010+00:00');
INSERT INTO sala_de_aula_alunos (id, sala_id, nome_aluno, turma, created_at) VALUES ('eefd0099-af62-4a42-867e-4a64d00f2fb7', 'eba12c84-002d-44e8-9b5a-48f07c6f4461', 'KETELIN BIANCA CIUS', '20401561400275480', '2025-08-03 19:01:10.461010+00:00');
INSERT INTO sala_de_aula_alunos (id, sala_id, nome_aluno, turma, created_at) VALUES ('33d20c9d-f0b7-449f-b37a-45ec11843ce1', 'eba12c84-002d-44e8-9b5a-48f07c6f4461', 'LUAN DA SILVA WOSNIAKI', '20401561400153733', '2025-08-03 19:01:10.461010+00:00');
INSERT INTO sala_de_aula_alunos (id, sala_id, nome_aluno, turma, created_at) VALUES ('60ee8a3b-5853-4f64-b9cd-fb60d309d1ca', 'eba12c84-002d-44e8-9b5a-48f07c6f4461', 'LUCAS LOPES DE CAMARGOS LEODORO', '20401561400153800', '2025-08-03 19:01:10.461010+00:00');
INSERT INTO sala_de_aula_alunos (id, sala_id, nome_aluno, turma, created_at) VALUES ('947bf40d-93df-4d9b-bf4a-629ecd2a9bcb', 'eba12c84-002d-44e8-9b5a-48f07c6f4461', 'MARIA EDUARDA ORTEGA DE ALMEIDA', '20401561400153734', '2025-08-03 19:01:10.461010+00:00');
INSERT INTO sala_de_aula_alunos (id, sala_id, nome_aluno, turma, created_at) VALUES ('2b9a64a3-1e1b-4128-8b33-426b383f76b8', 'eba12c84-002d-44e8-9b5a-48f07c6f4461', 'MARIA EDUARDA SOBEGEIRO CZERNIAK', '20401561400153801', '2025-08-03 19:01:10.461010+00:00');
INSERT INTO sala_de_aula_alunos (id, sala_id, nome_aluno, turma, created_at) VALUES ('f082a9c7-22d2-419f-bdc9-8b4a0663b871', 'eba12c84-002d-44e8-9b5a-48f07c6f4461', 'MARIANY PADILHA FERNANDES', '20401561400153736', '2025-08-03 19:01:10.461010+00:00');
INSERT INTO sala_de_aula_alunos (id, sala_id, nome_aluno, turma, created_at) VALUES ('efe323f3-43ee-42de-91e0-cda845dbadb4', 'eba12c84-002d-44e8-9b5a-48f07c6f4461', 'MATHEUS DOS SANTOS VIEIRA', '20401561400153904', '2025-08-03 19:01:10.461010+00:00');
INSERT INTO sala_de_aula_alunos (id, sala_id, nome_aluno, turma, created_at) VALUES ('ce4ba7d3-ad49-499a-9105-a32e37bfae42', 'eba12c84-002d-44e8-9b5a-48f07c6f4461', 'MATHEUS WILLIAN MORTAIS FAGUNDES', '20401561400153803', '2025-08-03 19:01:10.461010+00:00');
INSERT INTO sala_de_aula_alunos (id, sala_id, nome_aluno, turma, created_at) VALUES ('649d48a2-a0d0-4846-9e2c-b10bbd8ca422', 'eba12c84-002d-44e8-9b5a-48f07c6f4461', 'MIGUEL HENRIQUE REIS CUNHA', '20401561400153905', '2025-08-03 19:01:10.461010+00:00');
INSERT INTO sala_de_aula_alunos (id, sala_id, nome_aluno, turma, created_at) VALUES ('e81c6b76-5312-4f23-81c9-86bff382e22f', 'eba12c84-002d-44e8-9b5a-48f07c6f4461', 'MOISES YAN FERREIRA DO NASCIMENTO', '20401561400153804', '2025-08-03 19:01:10.461010+00:00');
INSERT INTO sala_de_aula_alunos (id, sala_id, nome_aluno, turma, created_at) VALUES ('4bd61c0a-8f0c-477d-8ef0-34c2f2eba761', 'eba12c84-002d-44e8-9b5a-48f07c6f4461', 'MURILO OTAVIO ARANTES', '20401561400153737', '2025-08-03 19:01:10.461010+00:00');
INSERT INTO sala_de_aula_alunos (id, sala_id, nome_aluno, turma, created_at) VALUES ('f723eeeb-9142-4f3e-9a43-5cda24cd1fa1', 'eba12c84-002d-44e8-9b5a-48f07c6f4461', 'NATHAN PRATES DE MACEDO', '20401561400153906', '2025-08-03 19:01:10.461010+00:00');
INSERT INTO sala_de_aula_alunos (id, sala_id, nome_aluno, turma, created_at) VALUES ('bcb76c2d-906e-4db5-b22c-ed06d604202d', 'eba12c84-002d-44e8-9b5a-48f07c6f4461', 'PEDRO HENRIQUE DA SILVA SCHIO DOS SANTOS', '20401561400153805', '2025-08-03 19:01:10.461010+00:00');
INSERT INTO sala_de_aula_alunos (id, sala_id, nome_aluno, turma, created_at) VALUES ('a81bd34f-d6f0-48f3-9071-b746073f471e', 'eba12c84-002d-44e8-9b5a-48f07c6f4461', 'PIETRO MANFRIN STIPP KULKAMP', '20401561400153806', '2025-08-03 19:01:10.461010+00:00');
INSERT INTO sala_de_aula_alunos (id, sala_id, nome_aluno, turma, created_at) VALUES ('6d6b9705-2c3c-411c-8307-d87609c100b4', 'eba12c84-002d-44e8-9b5a-48f07c6f4461', 'RAYANE VICTORIA DIAS SANTOS', '20401561400153742', '2025-08-03 19:01:10.461010+00:00');
INSERT INTO sala_de_aula_alunos (id, sala_id, nome_aluno, turma, created_at) VALUES ('421f6a09-3b4d-4d54-a37f-ff236759a002', 'eba12c84-002d-44e8-9b5a-48f07c6f4461', 'STHEFANY EVELLYN ARAUJO MARTINS', '20401561400153910', '2025-08-03 19:01:10.461010+00:00');
INSERT INTO sala_de_aula_alunos (id, sala_id, nome_aluno, turma, created_at) VALUES ('cdf0eba8-d3ec-4064-a926-d51966666b94', 'eba12c84-002d-44e8-9b5a-48f07c6f4461', 'VICTOR GABRIEL SOUZA GONCALVES', '20401561400153808', '2025-08-03 19:01:10.461010+00:00');
INSERT INTO sala_de_aula_alunos (id, sala_id, nome_aluno, turma, created_at) VALUES ('a3a3dac0-84f5-4a17-bacc-89394c8205de', 'eba12c84-002d-44e8-9b5a-48f07c6f4461', 'VINICIUS ANDRE PINTO LEMES', '20401561400153912', '2025-08-03 19:01:10.461010+00:00');
INSERT INTO sala_de_aula_alunos (id, sala_id, nome_aluno, turma, created_at) VALUES ('4179260a-3718-4ffc-bdf0-e726a896be3b', 'eba12c84-002d-44e8-9b5a-48f07c6f4461', 'VINICYUS DE SOUZA BRAZ', '20401561400153810', '2025-08-03 19:01:10.461010+00:00');
INSERT INTO sala_de_aula_alunos (id, sala_id, nome_aluno, turma, created_at) VALUES ('29edef19-62c2-46f9-8dad-d743c2cd6cf9', 'eba12c84-002d-44e8-9b5a-48f07c6f4461', 'VITOR MATHEUS BARBOSA DO PRADO', '20401561400153914', '2025-08-03 19:01:10.461010+00:00');
INSERT INTO sala_de_aula_alunos (id, sala_id, nome_aluno, turma, created_at) VALUES ('962bb929-e40d-4c31-bcf4-b99371f2d399', 'eba12c84-002d-44e8-9b5a-48f07c6f4461', 'YASMIN CAROLINE SILVA SANCHES', '20401561400153813', '2025-08-03 19:01:10.461010+00:00');
INSERT INTO sala_de_aula_alunos (id, sala_id, nome_aluno, turma, created_at) VALUES ('c0dc37ec-1f2d-419e-b2f4-62f67d6b9d00', '7acd4cbe-90a2-4997-8ec5-92404e063a8d', 'BIANKA MACHADO TEREZA', '20401561400029433', '2025-08-03 20:26:04.874323+00:00');
INSERT INTO sala_de_aula_alunos (id, sala_id, nome_aluno, turma, created_at) VALUES ('3aa27866-f14d-443f-96a2-b8fe01f85ef3', '7acd4cbe-90a2-4997-8ec5-92404e063a8d', 'MARIA ISABELLY DO NASCIMENTO MARTINS', '20401561400029448', '2025-08-03 20:26:04.874323+00:00');
INSERT INTO sala_de_aula_alunos (id, sala_id, nome_aluno, turma, created_at) VALUES ('3b1021ec-8256-4afe-93f9-f4956e49b021', '7acd4cbe-90a2-4997-8ec5-92404e063a8d', 'AMANDA CORREA DOS SANTOS', '20401561400029428', '2025-08-03 20:26:04.874323+00:00');
INSERT INTO sala_de_aula_alunos (id, sala_id, nome_aluno, turma, created_at) VALUES ('d25af9aa-3bdf-41bd-9a01-f48e73af6450', '7acd4cbe-90a2-4997-8ec5-92404e063a8d', 'YURI CHAIA', '20401561400029486', '2025-08-03 20:26:04.874323+00:00');
INSERT INTO sala_de_aula_alunos (id, sala_id, nome_aluno, turma, created_at) VALUES ('fab446ef-49c0-477b-bee2-32c7249721f0', '7acd4cbe-90a2-4997-8ec5-92404e063a8d', 'BRYAN SAMUEL VINITES', '20401561400029460', '2025-08-03 20:26:04.874323+00:00');
INSERT INTO sala_de_aula_alunos (id, sala_id, nome_aluno, turma, created_at) VALUES ('e196b778-71ca-42f5-85a2-085187c42852', '7acd4cbe-90a2-4997-8ec5-92404e063a8d', 'RYCHARD DOS SANTOS DE PAULA', '20401561400029480', '2025-08-03 20:26:04.874323+00:00');
INSERT INTO sala_de_aula_alunos (id, sala_id, nome_aluno, turma, created_at) VALUES ('0fde9bd6-ba27-4d3e-b726-c80c74e18bdd', '7acd4cbe-90a2-4997-8ec5-92404e063a8d', 'MARIAH MADALENA FERREIRA ASSIS', '20401561400029470', '2025-08-03 20:26:04.874323+00:00');
INSERT INTO sala_de_aula_alunos (id, sala_id, nome_aluno, turma, created_at) VALUES ('8ac4c90f-9633-467d-9002-627a0a3147c5', '7acd4cbe-90a2-4997-8ec5-92404e063a8d', 'LUIZ FELIPE MELNICK', '20401561400029465', '2025-08-03 20:26:04.874323+00:00');
INSERT INTO sala_de_aula_alunos (id, sala_id, nome_aluno, turma, created_at) VALUES ('328c59a9-4129-4f2e-9ba7-c00b745ed3e3', '7acd4cbe-90a2-4997-8ec5-92404e063a8d', 'ANA CLARA BRITO MARQUES', '20401561400029459', '2025-08-03 20:26:04.874323+00:00');
INSERT INTO sala_de_aula_alunos (id, sala_id, nome_aluno, turma, created_at) VALUES ('335c77a5-8abe-4604-8069-f04ef0a37c3a', '7acd4cbe-90a2-4997-8ec5-92404e063a8d', 'RAFAELLY FREITAS DE LIMA', '20401561400029479', '2025-08-03 20:26:04.874323+00:00');
INSERT INTO sala_de_aula_alunos (id, sala_id, nome_aluno, turma, created_at) VALUES ('e0c8abb7-5742-4c30-b69b-90bae5c00b7f', '7acd4cbe-90a2-4997-8ec5-92404e063a8d', 'LARA CASSIANE DOS SANTOS', '20401561400029445', '2025-08-03 20:26:04.874323+00:00');
INSERT INTO sala_de_aula_alunos (id, sala_id, nome_aluno, turma, created_at) VALUES ('d341028f-80f3-46f3-b6b5-632d934fab78', '7acd4cbe-90a2-4997-8ec5-92404e063a8d', 'MARIANA TOLEDO DE OLIVEIRA', '20401561400029471', '2025-08-03 20:26:04.874323+00:00');
INSERT INTO sala_de_aula_alunos (id, sala_id, nome_aluno, turma, created_at) VALUES ('1a3bdf2d-f3ce-455a-9508-2fac738de58a', '7acd4cbe-90a2-4997-8ec5-92404e063a8d', 'MARIANI GABRIELI GONCALVES TEIXEIRA', '20401561400029472', '2025-08-03 20:26:04.874323+00:00');
INSERT INTO sala_de_aula_alunos (id, sala_id, nome_aluno, turma, created_at) VALUES ('742def74-d927-40ba-8a42-2fe86e476c52', '7acd4cbe-90a2-4997-8ec5-92404e063a8d', 'HENRIQUE LACERDA GONCALVES', '20401561400029462', '2025-08-03 20:26:04.874323+00:00');
INSERT INTO sala_de_aula_alunos (id, sala_id, nome_aluno, turma, created_at) VALUES ('ed4415a2-a37b-4907-b36a-9451da850054', 'ee35eab0-5ddd-408c-8b06-d8c07dc2e372', 'ALLAN MATTES SANTIAGO', '20401561400153715', '2025-08-03 21:45:21.450913+00:00');
INSERT INTO sala_de_aula_alunos (id, sala_id, nome_aluno, turma, created_at) VALUES ('a4cd3f1f-1f2e-434b-b318-72875c4d7744', 'ee35eab0-5ddd-408c-8b06-d8c07dc2e372', 'ANNA CAROLINY ALMEIDA DA SILVA', '20401561400153881', '2025-08-03 21:45:21.450913+00:00');
INSERT INTO sala_de_aula_alunos (id, sala_id, nome_aluno, turma, created_at) VALUES ('f85356ce-a42d-462e-b006-6383f9642799', 'ee35eab0-5ddd-408c-8b06-d8c07dc2e372', 'CRISTIAN RAMON DE LIMA', '20401561400153784', '2025-08-03 21:45:21.450913+00:00');
INSERT INTO sala_de_aula_alunos (id, sala_id, nome_aluno, turma, created_at) VALUES ('5d0e42bb-ee2f-47bf-8391-a854ef2f6e71', 'ee35eab0-5ddd-408c-8b06-d8c07dc2e372', 'DAVID DA SILVA DE SOUZA', '20401561400153717', '2025-08-03 21:45:21.450913+00:00');
INSERT INTO sala_de_aula_alunos (id, sala_id, nome_aluno, turma, created_at) VALUES ('92866b57-e47e-47e4-9b2e-9804a0629d39', 'ee35eab0-5ddd-408c-8b06-d8c07dc2e372', 'EDUARDO AZEVEDO DE OLIVEIRA', '20401561400153884', '2025-08-03 21:45:21.450913+00:00');
INSERT INTO sala_de_aula_alunos (id, sala_id, nome_aluno, turma, created_at) VALUES ('cb0df4fa-bd51-46d8-9ac7-6a734474dee0', 'ee35eab0-5ddd-408c-8b06-d8c07dc2e372', 'ELOYSA PROENCA CALIXTO', '20401561400153719', '2025-08-03 21:45:21.450913+00:00');
INSERT INTO sala_de_aula_alunos (id, sala_id, nome_aluno, turma, created_at) VALUES ('9a2d81ad-993a-4ddc-9841-2e1e8f419149', 'ee35eab0-5ddd-408c-8b06-d8c07dc2e372', 'EMILLY JAINE GOMES DA SILVA', '20401561400153885', '2025-08-03 21:45:21.450913+00:00');
INSERT INTO sala_de_aula_alunos (id, sala_id, nome_aluno, turma, created_at) VALUES ('4458761d-2001-4923-af37-7288c131786f', 'ee35eab0-5ddd-408c-8b06-d8c07dc2e372', 'FELIPE MARCANDES LIBERATO', '20401561400153787', '2025-08-03 21:45:21.450913+00:00');
INSERT INTO sala_de_aula_alunos (id, sala_id, nome_aluno, turma, created_at) VALUES ('03f9f468-a3c9-4f1f-a095-de2f4ebf4df3', 'ee35eab0-5ddd-408c-8b06-d8c07dc2e372', 'FELLIPE SCHOTT MACHADO', '20401561400153788', '2025-08-03 21:45:21.450913+00:00');
INSERT INTO sala_de_aula_alunos (id, sala_id, nome_aluno, turma, created_at) VALUES ('94528938-716b-46d3-b15c-7e96d21e71e9', 'ee35eab0-5ddd-408c-8b06-d8c07dc2e372', 'GABRIEL ALEXANDRE ALVES MARQUES', '20401561400153887', '2025-08-03 21:45:21.450913+00:00');
INSERT INTO sala_de_aula_alunos (id, sala_id, nome_aluno, turma, created_at) VALUES ('9a55f67c-4923-463d-bd56-df31a281c22c', 'ee35eab0-5ddd-408c-8b06-d8c07dc2e372', 'GABRIEL HERICKS SCHMOELER', '20401561400153789', '2025-08-03 21:45:21.450913+00:00');
INSERT INTO sala_de_aula_alunos (id, sala_id, nome_aluno, turma, created_at) VALUES ('6b65ba5e-9936-4123-9f85-bd848acf9492', 'ee35eab0-5ddd-408c-8b06-d8c07dc2e372', 'GABRIELLA DE LIMA QUADROS', '20401561400153722', '2025-08-03 21:45:21.450913+00:00');
INSERT INTO sala_de_aula_alunos (id, sala_id, nome_aluno, turma, created_at) VALUES ('e41d921b-d188-42df-8321-ca29316735e6', 'ee35eab0-5ddd-408c-8b06-d8c07dc2e372', 'GUSTAVO DE SOUZA DA CONCEICAO', '20401561400153724', '2025-08-03 21:45:21.450913+00:00');
INSERT INTO sala_de_aula_alunos (id, sala_id, nome_aluno, turma, created_at) VALUES ('5ccf4beb-d527-4472-9f21-76b6a7477952', 'ee35eab0-5ddd-408c-8b06-d8c07dc2e372', 'ISABELLE OLIVEIRA QUEIROZ', '20401561400153727', '2025-08-03 21:45:21.450913+00:00');
INSERT INTO sala_de_aula_alunos (id, sala_id, nome_aluno, turma, created_at) VALUES ('83f88446-82ba-47e6-9503-6c80fe6c102a', 'ee35eab0-5ddd-408c-8b06-d8c07dc2e372', 'JOAO PEDRO PENICHE DOS SANTOS', '20401561400153728', '2025-08-03 21:45:21.450913+00:00');
INSERT INTO sala_de_aula_alunos (id, sala_id, nome_aluno, turma, created_at) VALUES ('b3548213-5494-4e94-bfb3-dbd07059837b', 'ee35eab0-5ddd-408c-8b06-d8c07dc2e372', 'KETELIN BIANCA CIUS', '20401561400275480', '2025-08-03 21:45:21.450913+00:00');
INSERT INTO sala_de_aula_alunos (id, sala_id, nome_aluno, turma, created_at) VALUES ('7b8314e1-c953-4677-8c7e-85ea643c67f7', 'ee35eab0-5ddd-408c-8b06-d8c07dc2e372', 'KAYKY BLODORN AMARAL', '20401561400153796', '2025-08-03 21:45:21.450913+00:00');
INSERT INTO sala_de_aula_alunos (id, sala_id, nome_aluno, turma, created_at) VALUES ('0b9e3253-2da6-43dc-b3e5-ad0f7f0b9f0a', 'ee35eab0-5ddd-408c-8b06-d8c07dc2e372', 'MARIA EDUARDA SOBEGEIRO CZERNIAK', '20401561400153801', '2025-08-03 21:45:21.450913+00:00');
INSERT INTO sala_de_aula_alunos (id, sala_id, nome_aluno, turma, created_at) VALUES ('63b48e7b-f77e-4001-a5be-e1006f4a7952', 'ee35eab0-5ddd-408c-8b06-d8c07dc2e372', 'MATHEUS HENRIQUE DOS SANTOS', '20401561400153802', '2025-08-03 21:45:21.450913+00:00');
INSERT INTO sala_de_aula_alunos (id, sala_id, nome_aluno, turma, created_at) VALUES ('43b586ef-bf2c-4bd7-8d0e-1a7fbe0390e3', 'ee35eab0-5ddd-408c-8b06-d8c07dc2e372', 'MATHEUS WILLIAN MORTAIS FAGUNDES', '20401561400153803', '2025-08-03 21:45:21.450913+00:00');
INSERT INTO sala_de_aula_alunos (id, sala_id, nome_aluno, turma, created_at) VALUES ('02d354f5-3cfe-41a1-8369-0667c0aab680', 'ee35eab0-5ddd-408c-8b06-d8c07dc2e372', 'MIGUEL HENRIQUE REIS CUNHA', '20401561400153905', '2025-08-03 21:45:21.450913+00:00');
INSERT INTO sala_de_aula_alunos (id, sala_id, nome_aluno, turma, created_at) VALUES ('9ae43d2d-0a7a-4015-afbf-e6a2e63039b2', 'ee35eab0-5ddd-408c-8b06-d8c07dc2e372', 'MURILO OTAVIO ARANTES', '20401561400153737', '2025-08-03 21:45:21.450913+00:00');
INSERT INTO sala_de_aula_alunos (id, sala_id, nome_aluno, turma, created_at) VALUES ('fb5003c9-f471-42a1-8dba-86b87c46727c', 'ee35eab0-5ddd-408c-8b06-d8c07dc2e372', 'NATHAN PRATES DE MACEDO', '20401561400153906', '2025-08-03 21:45:21.450913+00:00');
INSERT INTO sala_de_aula_alunos (id, sala_id, nome_aluno, turma, created_at) VALUES ('1bc1e4c0-8bfa-4a90-ab78-0d32b667a911', 'ee35eab0-5ddd-408c-8b06-d8c07dc2e372', 'NICOLE DA LUZ DOS SANTOS', '20401561400153907', '2025-08-03 21:45:21.450913+00:00');
INSERT INTO sala_de_aula_alunos (id, sala_id, nome_aluno, turma, created_at) VALUES ('57cdb006-e702-42e8-8940-f94775e43c35', 'ee35eab0-5ddd-408c-8b06-d8c07dc2e372', 'NICOLLY STHEFANY PEREIRA', '20401561400153908', '2025-08-03 21:45:21.450913+00:00');
INSERT INTO sala_de_aula_alunos (id, sala_id, nome_aluno, turma, created_at) VALUES ('3523bf0b-473c-4692-bb12-b0e36c8383b0', 'ee35eab0-5ddd-408c-8b06-d8c07dc2e372', 'PEDRO HENRIQUE DA SILVA SCHIO DOS SANTOS', '20401561400153805', '2025-08-03 21:45:21.450913+00:00');
INSERT INTO sala_de_aula_alunos (id, sala_id, nome_aluno, turma, created_at) VALUES ('d29657ad-2e0d-4a7e-a7a8-7d6445c1cdc3', 'ee35eab0-5ddd-408c-8b06-d8c07dc2e372', 'PIETRO MANFRIN STIPP KULKAMP', '20401561400153806', '2025-08-03 21:45:21.450913+00:00');
INSERT INTO sala_de_aula_alunos (id, sala_id, nome_aluno, turma, created_at) VALUES ('6a76737d-0ad3-4dce-9501-ab3b4b1910f1', 'ee35eab0-5ddd-408c-8b06-d8c07dc2e372', 'STHEFANY EVELLYN ARAUJO MARTINS', '20401561400153910', '2025-08-03 21:45:21.450913+00:00');
INSERT INTO sala_de_aula_alunos (id, sala_id, nome_aluno, turma, created_at) VALUES ('0eb301ea-1aa1-4208-b7ee-9b104e7df8d1', 'ee35eab0-5ddd-408c-8b06-d8c07dc2e372', 'VINICYUS DE SOUZA BRAZ', '20401561400153810', '2025-08-03 21:45:21.450913+00:00');
INSERT INTO sala_de_aula_alunos (id, sala_id, nome_aluno, turma, created_at) VALUES ('443ee8ff-86b5-4c7d-9076-e5abe72ca640', 'ee35eab0-5ddd-408c-8b06-d8c07dc2e372', 'VITOR EDUARDO VALENDOLF CARNEIRO', '20401561400153913', '2025-08-03 21:45:21.450913+00:00');
INSERT INTO sala_de_aula_alunos (id, sala_id, nome_aluno, turma, created_at) VALUES ('a8b3c84a-5232-46de-ba0e-d73eec400c96', 'ee35eab0-5ddd-408c-8b06-d8c07dc2e372', 'VITOR MATHEUS BARBOSA DO PRADO', '20401561400153914', '2025-08-03 21:45:21.450913+00:00');
INSERT INTO sala_de_aula_alunos (id, sala_id, nome_aluno, turma, created_at) VALUES ('46447579-9a07-41d9-b6c5-8c87e22ed3bc', 'ee35eab0-5ddd-408c-8b06-d8c07dc2e372', 'VITORIA GABRIELI DE SOUZA GOIS', '20401561400153915', '2025-08-03 21:45:21.450913+00:00');
INSERT INTO sala_de_aula_alunos (id, sala_id, nome_aluno, turma, created_at) VALUES ('10a36f2a-7230-48c3-b9a3-9ed80624362d', 'ee35eab0-5ddd-408c-8b06-d8c07dc2e372', 'YASMIN CAROLINE SILVA SANCHES', '20401561400153813', '2025-08-03 21:45:21.450913+00:00');
INSERT INTO sala_de_aula_alunos (id, sala_id, nome_aluno, turma, created_at) VALUES ('38a5c1d0-c6b8-4337-ae4d-d39c3249df2e', '15d10ad5-a813-4186-a9ba-1ce9186323f8', 'MATHIAS CARRARO LOURENCO', '20401561400029419', '2025-08-03 22:06:06.320126+00:00');
INSERT INTO sala_de_aula_alunos (id, sala_id, nome_aluno, turma, created_at) VALUES ('2ba2ff59-efa5-4bce-b4ad-d806468ccfa6', '15d10ad5-a813-4186-a9ba-1ce9186323f8', 'KAUAN FRANCISCO SHIMANSCKI ANTUNES', '20401561400029413', '2025-08-03 22:06:06.320126+00:00');
INSERT INTO sala_de_aula_alunos (id, sala_id, nome_aluno, turma, created_at) VALUES ('2a62b30d-2f15-4bb2-8023-6bef5383807f', '15d10ad5-a813-4186-a9ba-1ce9186323f8', 'MARIA EDUARDA CAMARGO', '20401561400029416', '2025-08-03 22:06:06.320126+00:00');
INSERT INTO sala_de_aula_alunos (id, sala_id, nome_aluno, turma, created_at) VALUES ('53a97be7-a50b-4762-bb26-a8f4e0a6ca4f', '15d10ad5-a813-4186-a9ba-1ce9186323f8', 'ANTONY MATEUS DE ASSIS MACHADO', '20401561400029404', '2025-08-03 22:06:06.320126+00:00');
INSERT INTO sala_de_aula_alunos (id, sala_id, nome_aluno, turma, created_at) VALUES ('8b60224b-64a7-44c0-9165-1d70d79367ca', '15d10ad5-a813-4186-a9ba-1ce9186323f8', 'RHEROLD OLIVEIRA SANTOS', '20401561400029422', '2025-08-03 22:06:06.320126+00:00');
INSERT INTO sala_de_aula_alunos (id, sala_id, nome_aluno, turma, created_at) VALUES ('75196776-3586-4fea-8082-f9019905bfd8', '15d10ad5-a813-4186-a9ba-1ce9186323f8', 'ANTONY GUSTAVO DE ASSIS MACHADO', '20401561400029403', '2025-08-03 22:06:06.320126+00:00');
INSERT INTO sala_de_aula_alunos (id, sala_id, nome_aluno, turma, created_at) VALUES ('3bf87e5f-7ea1-4dbb-b7f4-79f209511175', '15d10ad5-a813-4186-a9ba-1ce9186323f8', 'DIOGO DANIEL DE OLIVEIRA DA SILVA', '20401561400029406', '2025-08-03 22:06:06.320126+00:00');
INSERT INTO sala_de_aula_alunos (id, sala_id, nome_aluno, turma, created_at) VALUES ('499d67fd-97cb-48fa-8fb2-1dd7f74ade18', '15d10ad5-a813-4186-a9ba-1ce9186323f8', 'ISADORA APARECIDA PEREIRA NEVES', '20401561400029411', '2025-08-03 22:06:06.320126+00:00');
INSERT INTO sala_de_aula_alunos (id, sala_id, nome_aluno, turma, created_at) VALUES ('077a8336-636e-4761-b3ca-8b90481aea6a', '15d10ad5-a813-4186-a9ba-1ce9186323f8', 'ESTEFANY CAMARGO DE LIMA', '20401561400029492', '2025-08-03 22:06:06.320126+00:00');
INSERT INTO sala_de_aula_alunos (id, sala_id, nome_aluno, turma, created_at) VALUES ('e3f0ace0-989a-46dc-aaa8-72b4b3efe2af', '15d10ad5-a813-4186-a9ba-1ce9186323f8', 'AMANDA CORREA CALDAS', '20401561400029489', '2025-08-03 22:06:06.320126+00:00');
INSERT INTO sala_de_aula_alunos (id, sala_id, nome_aluno, turma, created_at) VALUES ('3d57b3df-cc9a-43e2-bd84-89f7e4351b97', '15d10ad5-a813-4186-a9ba-1ce9186323f8', 'EMILY VITORIA ESTESKI DE SOUZA', '20401561400273066', '2025-08-03 22:06:06.320126+00:00');
INSERT INTO sala_de_aula_alunos (id, sala_id, nome_aluno, turma, created_at) VALUES ('8d3ea0cb-1763-490f-b925-7da640152ea2', '15d10ad5-a813-4186-a9ba-1ce9186323f8', 'WAGNER MATHEUS NUNES LENARTOVICZ', '20401561400029507', '2025-08-03 22:06:06.320126+00:00');
INSERT INTO sala_de_aula_alunos (id, sala_id, nome_aluno, turma, created_at) VALUES ('b07b4eb7-1ae3-4830-b891-9757eaad43fa', '15d10ad5-a813-4186-a9ba-1ce9186323f8', 'THIAGO DE MATTOS PEDROSO', '20401561400029506', '2025-08-03 22:06:06.320126+00:00');
INSERT INTO sala_de_aula_alunos (id, sala_id, nome_aluno, turma, created_at) VALUES ('c9176e10-6be7-40e2-bbb1-207c27ced466', '15d10ad5-a813-4186-a9ba-1ce9186323f8', 'GABRIELLI VITORIA CORREA FARIAS', '20401561400273064', '2025-08-03 22:06:06.320126+00:00');
INSERT INTO sala_de_aula_alunos (id, sala_id, nome_aluno, turma, created_at) VALUES ('950f6d2b-62d5-4ed5-a434-027ece2c5924', '15d10ad5-a813-4186-a9ba-1ce9186323f8', 'LUAN DE ALMEIDA LOURENCO', '20401561400029500', '2025-08-03 22:06:06.320126+00:00');
INSERT INTO sala_de_aula_alunos (id, sala_id, nome_aluno, turma, created_at) VALUES ('15b3977b-c405-4141-9e55-6921573f1a69', 'd698518c-7198-48d9-a0ad-811303e6d59f', 'ANA BEATRIZ BRAZ DE SOUZA', '20401561400095807', '2025-08-05 19:24:02.827904+00:00');
INSERT INTO sala_de_aula_alunos (id, sala_id, nome_aluno, turma, created_at) VALUES ('07bad095-09b8-419e-b409-da6960745fca', 'd698518c-7198-48d9-a0ad-811303e6d59f', 'ANGELO MIGUEL DARRI', '20401561400095809', '2025-08-05 19:24:02.827904+00:00');
INSERT INTO sala_de_aula_alunos (id, sala_id, nome_aluno, turma, created_at) VALUES ('dacd160c-2e63-4f12-94b9-2c6d14bbf3f7', 'd698518c-7198-48d9-a0ad-811303e6d59f', 'DHIENIFER GABRIELI DOMBROSKI RIBEIRO', '20401561400095862', '2025-08-05 19:24:02.827904+00:00');
INSERT INTO sala_de_aula_alunos (id, sala_id, nome_aluno, turma, created_at) VALUES ('8ecb3597-e2a8-4e13-93e8-4486bb1251d4', 'd698518c-7198-48d9-a0ad-811303e6d59f', 'GABRIEL TODERO DO PRADO', '20401561400095815', '2025-08-05 19:24:02.827904+00:00');
INSERT INTO sala_de_aula_alunos (id, sala_id, nome_aluno, turma, created_at) VALUES ('319268f9-90e8-42c6-955f-5b098326b55a', 'd698518c-7198-48d9-a0ad-811303e6d59f', 'GABRIEL CAMARGO CAOVILLA', '20401561400095813', '2025-08-05 19:24:02.827904+00:00');
INSERT INTO sala_de_aula_alunos (id, sala_id, nome_aluno, turma, created_at) VALUES ('0b22af2b-8593-420b-b460-2d5eb93ca5f7', 'd698518c-7198-48d9-a0ad-811303e6d59f', 'HUGO HENRIQUE ALVES DO CARMO', '20401561400095867', '2025-08-05 19:24:02.827904+00:00');
INSERT INTO sala_de_aula_alunos (id, sala_id, nome_aluno, turma, created_at) VALUES ('74921c1a-5fe4-4145-9dd5-4913182d82cd', 'd698518c-7198-48d9-a0ad-811303e6d59f', 'JOAO GUILHERME HIPOLITO KROSESKI', '20401561400095817', '2025-08-05 19:24:02.827904+00:00');
INSERT INTO sala_de_aula_alunos (id, sala_id, nome_aluno, turma, created_at) VALUES ('6059c3f7-68ad-4d53-a73d-18e99ee475bd', 'd698518c-7198-48d9-a0ad-811303e6d59f', 'JOAO VICTOR DOS SANTOS', '20401561400095819', '2025-08-05 19:24:02.827904+00:00');
INSERT INTO sala_de_aula_alunos (id, sala_id, nome_aluno, turma, created_at) VALUES ('6d951b10-68a9-442d-82c9-7e98e9236cd3', 'd698518c-7198-48d9-a0ad-811303e6d59f', 'KAUA PEREIRA MARINHO DA SILVA', '20401561400095870', '2025-08-05 19:24:02.827904+00:00');
INSERT INTO sala_de_aula_alunos (id, sala_id, nome_aluno, turma, created_at) VALUES ('0d220212-0e1c-440b-8e70-173f97aa275d', 'd698518c-7198-48d9-a0ad-811303e6d59f', 'MAYARA CASTRO DA SILVA', '20401561400095827', '2025-08-05 19:24:02.827904+00:00');
INSERT INTO sala_de_aula_alunos (id, sala_id, nome_aluno, turma, created_at) VALUES ('c231bdad-09ec-4272-acdf-285a8e7bcf32', 'd698518c-7198-48d9-a0ad-811303e6d59f', 'PEDRO VINICIUS DO NASCIMENTO FIDELCINO', '20401561400095829', '2025-08-05 19:24:02.827904+00:00');
INSERT INTO sala_de_aula_alunos (id, sala_id, nome_aluno, turma, created_at) VALUES ('9c9e87e9-a778-4609-a575-79e5fb0c51cc', 'd698518c-7198-48d9-a0ad-811303e6d59f', 'RENAN DIMAS GOULART VIANA', '20401561400095879', '2025-08-05 19:24:02.827904+00:00');
INSERT INTO sala_de_aula_alunos (id, sala_id, nome_aluno, turma, created_at) VALUES ('c778eded-850d-4d65-8a9f-2d3e434387d5', '6216137b-9b17-47dc-8c21-dcdbc45c5626', 'BRAYAM HENRIQUE PAIM DE OLIVEIRA', '20401561400095744', '2025-08-05 19:38:38.202109+00:00');
INSERT INTO sala_de_aula_alunos (id, sala_id, nome_aluno, turma, created_at) VALUES ('68aaa509-ebde-4eef-ad1b-82218356db74', '6216137b-9b17-47dc-8c21-dcdbc45c5626', 'ENRICO VICCENZO NASCIMENTO CANSINI', '20401561400095751', '2025-08-05 19:38:38.202109+00:00');
INSERT INTO sala_de_aula_alunos (id, sala_id, nome_aluno, turma, created_at) VALUES ('58477f87-24f3-4342-b51d-afead9f159ec', '6216137b-9b17-47dc-8c21-dcdbc45c5626', 'GUSTAVO PEREIRA DE SOUZA', '20401561400095754', '2025-08-05 19:38:38.202109+00:00');
INSERT INTO sala_de_aula_alunos (id, sala_id, nome_aluno, turma, created_at) VALUES ('27b4ef99-0e19-474c-96fd-fb4b243388ec', '6216137b-9b17-47dc-8c21-dcdbc45c5626', 'IZABEL BITTENCOURT LEITE', '20401561400095758', '2025-08-05 19:38:38.202109+00:00');
INSERT INTO sala_de_aula_alunos (id, sala_id, nome_aluno, turma, created_at) VALUES ('50dbf119-03c2-4e34-84b1-87945def8a70', '6216137b-9b17-47dc-8c21-dcdbc45c5626', 'LARA ROSELI ZANARDI ALVES', '20401561400095761', '2025-08-05 19:38:38.202109+00:00');
INSERT INTO sala_de_aula_alunos (id, sala_id, nome_aluno, turma, created_at) VALUES ('7f89176f-c462-451b-8f7a-ef3588ab4051', '6216137b-9b17-47dc-8c21-dcdbc45c5626', 'LIANE ROSALIA ZANARDI ALVES', '20401561400095762', '2025-08-05 19:38:38.202109+00:00');
INSERT INTO sala_de_aula_alunos (id, sala_id, nome_aluno, turma, created_at) VALUES ('1366a530-15ae-48ba-9bcb-9f273a15a648', '6216137b-9b17-47dc-8c21-dcdbc45c5626', 'RAISSA ORZECHOWSKI', '20401561400095770', '2025-08-05 19:38:38.202109+00:00');
INSERT INTO sala_de_aula_alunos (id, sala_id, nome_aluno, turma, created_at) VALUES ('6a18078b-8856-446c-9860-cfea94106bda', '6216137b-9b17-47dc-8c21-dcdbc45c5626', 'RODRIGO DA SILVA RODRIGUES DE LIMA', '20401561400095772', '2025-08-05 19:38:38.202109+00:00');
INSERT INTO sala_de_aula_alunos (id, sala_id, nome_aluno, turma, created_at) VALUES ('3cd2840d-d389-4560-bbc1-d1edb60c0b4c', '40652109-e812-4f40-b4a7-1f417dab398a', 'BEATRIZ CONSULIN BRITO', '20401561400095859', '2025-08-05 19:24:30.891075+00:00');
INSERT INTO sala_de_aula_alunos (id, sala_id, nome_aluno, turma, created_at) VALUES ('9a4590f9-0a9d-4898-8378-08af6c171360', '40652109-e812-4f40-b4a7-1f417dab398a', 'ANA JULIA DA COSTA DA SILVA', '20401561400095808', '2025-08-06 13:57:08.535276+00:00');
INSERT INTO sala_de_aula_alunos (id, sala_id, nome_aluno, turma, created_at) VALUES ('3868f2e9-e4e0-4d33-8d1e-25dd6ee2cba2', 'ff960c0b-7b0f-4c78-ae42-f546ce8aa034', 'ALESSANDRA EDUARDA DOMINGUES GARCIA', '20401561400153948', '2025-08-07 23:13:09.764213+00:00');
INSERT INTO sala_de_aula_alunos (id, sala_id, nome_aluno, turma, created_at) VALUES ('6eccbb37-4108-4de7-a7b8-264e8e62c14b', 'ff960c0b-7b0f-4c78-ae42-f546ce8aa034', 'ALICIA PICHLER BATISTA', '20401561400153746', '2025-08-07 23:14:29.870892+00:00');
INSERT INTO sala_de_aula_alunos (id, sala_id, nome_aluno, turma, created_at) VALUES ('1356106d-8a43-4782-af43-26b4e62451d4', 'ff960c0b-7b0f-4c78-ae42-f546ce8aa034', 'ANA CLARA ARNDT FERREIRA', '20401561400153977', '2025-08-07 23:16:20.134240+00:00');
INSERT INTO sala_de_aula_alunos (id, sala_id, nome_aluno, turma, created_at) VALUES ('cddc1e36-a695-4330-b183-5dc3d6829c60', 'ff960c0b-7b0f-4c78-ae42-f546ce8aa034', 'ANNA JULIA LINHARES DOS SANTOS', '20401561400153919', '2025-08-07 23:18:44.039386+00:00');
INSERT INTO sala_de_aula_alunos (id, sala_id, nome_aluno, turma, created_at) VALUES ('b641b1b5-86e9-4d48-9920-99e4f3318b0f', 'ff960c0b-7b0f-4c78-ae42-f546ce8aa034', 'ARTHUR DOS SANTOS MENDES DE OLIVEIRA', '20401561400153950', '2025-08-07 23:20:10.441667+00:00');
INSERT INTO sala_de_aula_alunos (id, sala_id, nome_aluno, turma, created_at) VALUES ('662af6c4-1570-4b2e-b851-2f1f5d788f54', 'ff960c0b-7b0f-4c78-ae42-f546ce8aa034', 'BRENNO FERREIRA TIETJEN', '20401561400153920', '2025-08-07 23:20:21.504603+00:00');
INSERT INTO sala_de_aula_alunos (id, sala_id, nome_aluno, turma, created_at) VALUES ('300063ce-8c85-44e4-a227-17b20452b171', 'ff960c0b-7b0f-4c78-ae42-f546ce8aa034', 'CAMILE OLIVEIRA LUCAS ALVES', '20401561400153751', '2025-08-07 23:21:34.555469+00:00');
INSERT INTO sala_de_aula_alunos (id, sala_id, nome_aluno, turma, created_at) VALUES ('abc02faa-3521-4797-8e6a-2652d5b5a489', 'ff960c0b-7b0f-4c78-ae42-f546ce8aa034', 'CRISTIANO GABRIEL DE SOUZA LIMA', '20401561400153921', '2025-08-07 23:23:09.991721+00:00');
INSERT INTO sala_de_aula_alunos (id, sala_id, nome_aluno, turma, created_at) VALUES ('4ab6924a-3cb4-4c7e-9073-dad4a6741a6d', 'ff960c0b-7b0f-4c78-ae42-f546ce8aa034', 'DAVI RODRIGO DE FREITAS CARVALHO', '20401561400153854', '2025-08-07 23:25:02.555420+00:00');
INSERT INTO sala_de_aula_alunos (id, sala_id, nome_aluno, turma, created_at) VALUES ('8c69d372-5e77-4dc8-afbe-0ba81b057a46', 'ff960c0b-7b0f-4c78-ae42-f546ce8aa034', 'DERICK ADRIAN BORBA DE SOUZA', '20401561400153923', '2025-08-07 23:27:03.441991+00:00');
INSERT INTO sala_de_aula_alunos (id, sala_id, nome_aluno, turma, created_at) VALUES ('6f2fa064-5e18-44f1-b488-27dc02d2fa2f', 'ff960c0b-7b0f-4c78-ae42-f546ce8aa034', 'EDUARDO ANDRADE PEREIRA DE ALMEIDA', '20401561400153856', '2025-08-07 23:27:12.344961+00:00');
INSERT INTO sala_de_aula_alunos (id, sala_id, nome_aluno, turma, created_at) VALUES ('512dd048-3fd3-4ec8-9e91-7f9874d36818', 'ff960c0b-7b0f-4c78-ae42-f546ce8aa034', 'ESDRAS PADILHA', '20401561400153858', '2025-08-07 23:31:19.261144+00:00');
INSERT INTO sala_de_aula_alunos (id, sala_id, nome_aluno, turma, created_at) VALUES ('3645f0f4-d1a6-43da-b352-e3643c9c3a01', 'ff960c0b-7b0f-4c78-ae42-f546ce8aa034', 'FRANCIELE DE SOUZA PINHEIRO', '20401561400153755', '2025-08-07 23:31:29.024114+00:00');
INSERT INTO sala_de_aula_alunos (id, sala_id, nome_aluno, turma, created_at) VALUES ('4117267f-37fd-41f9-ad0b-dc1e7f312b07', 'ff960c0b-7b0f-4c78-ae42-f546ce8aa034', 'GABRIELLA FARIAS CORDEIRO', '20401561400153953', '2025-08-07 23:31:38.533126+00:00');
INSERT INTO sala_de_aula_alunos (id, sala_id, nome_aluno, turma, created_at) VALUES ('7f31a26b-3908-4151-8474-8bd429d23687', 'ff960c0b-7b0f-4c78-ae42-f546ce8aa034', 'GEOVANA DOS SANTOS DA SILVA', '20401561400153955', '2025-08-07 23:31:47.772955+00:00');
INSERT INTO sala_de_aula_alunos (id, sala_id, nome_aluno, turma, created_at) VALUES ('3ce4a26f-555e-4301-8599-7ad13e78eb0a', 'ff960c0b-7b0f-4c78-ae42-f546ce8aa034', 'HEMANUELLY VITORIA LEMES DE LIMA DE ARRUDA', '20401561400153928', '2025-08-07 23:32:01.042299+00:00');
INSERT INTO sala_de_aula_alunos (id, sala_id, nome_aluno, turma, created_at) VALUES ('24e9a2f0-eebd-462f-b0ce-e0abbab0dbe5', 'ff960c0b-7b0f-4c78-ae42-f546ce8aa034', 'JOAO GUILHERME OLIVEIRA DE MACEDO', '20401561400153987', '2025-08-07 23:33:57.709104+00:00');
INSERT INTO sala_de_aula_alunos (id, sala_id, nome_aluno, turma, created_at) VALUES ('3355bb77-95da-442f-af21-90b2b2e10f56', 'ff960c0b-7b0f-4c78-ae42-f546ce8aa034', 'JOAO PIETRO CARDOSO MACHADO', '20401561400153762', '2025-08-07 23:34:06.083651+00:00');
INSERT INTO sala_de_aula_alunos (id, sala_id, nome_aluno, turma, created_at) VALUES ('0953adff-15b7-4fb4-b6ea-978114c5eebe', 'ff960c0b-7b0f-4c78-ae42-f546ce8aa034', 'JULYA CAROLINE LANGE DOS SANTOS', '20401561400153765', '2025-08-07 23:34:11.002875+00:00');
INSERT INTO sala_de_aula_alunos (id, sala_id, nome_aluno, turma, created_at) VALUES ('8581f89e-b88c-4459-8fca-d804eb02dccb', 'ff960c0b-7b0f-4c78-ae42-f546ce8aa034', 'JOAQUIM DALBEM MEDEIROS', '20401561400153763', '2025-08-07 23:34:19.247839+00:00');
INSERT INTO sala_de_aula_alunos (id, sala_id, nome_aluno, turma, created_at) VALUES ('f052a8fe-7bac-4c99-a255-f6d9a56bfd2e', 'ff960c0b-7b0f-4c78-ae42-f546ce8aa034', 'JOAO VITOR DE OLIVEIRA LEMES', '20401561400153929', '2025-08-07 23:34:22.697450+00:00');
INSERT INTO sala_de_aula_alunos (id, sala_id, nome_aluno, turma, created_at) VALUES ('a5678fb7-2c7a-4692-8ce0-d8a3b40f3263', 'ff960c0b-7b0f-4c78-ae42-f546ce8aa034', 'KARINE VITORIA DOS SANTOS', '20401561400153864', '2025-08-07 23:35:26.126611+00:00');
INSERT INTO sala_de_aula_alunos (id, sala_id, nome_aluno, turma, created_at) VALUES ('8e96397d-f2a4-4b5d-8ca7-4baaedbe9279', 'ff960c0b-7b0f-4c78-ae42-f546ce8aa034', 'KAUAN MURILO DE MATOS CARVALHO', '20401561400153961', '2025-08-07 23:36:30.542852+00:00');
INSERT INTO sala_de_aula_alunos (id, sala_id, nome_aluno, turma, created_at) VALUES ('dac1b0fb-90ce-43b8-8963-5d4bb67c4a00', 'ff960c0b-7b0f-4c78-ae42-f546ce8aa034', 'LARISSA ROSA DUARTE', '20401561400153962', '2025-08-07 23:40:17.532554+00:00');
INSERT INTO sala_de_aula_alunos (id, sala_id, nome_aluno, turma, created_at) VALUES ('bdc0a0ef-5936-4942-98f3-13a12ee836bd', 'ff960c0b-7b0f-4c78-ae42-f546ce8aa034', 'LEVI PEREIRA DE ARAUJO', '20401561400153935', '2025-08-07 23:40:28.963161+00:00');
INSERT INTO sala_de_aula_alunos (id, sala_id, nome_aluno, turma, created_at) VALUES ('b5206b32-440c-4f8e-bde8-2071c12f1548', 'ff960c0b-7b0f-4c78-ae42-f546ce8aa034', 'LUCIANO DOMINGUES', '20401561400153771', '2025-08-07 23:40:42.118671+00:00');
INSERT INTO sala_de_aula_alunos (id, sala_id, nome_aluno, turma, created_at) VALUES ('a3b90594-fc32-4840-9f90-3ffce33cf2ef', 'ff960c0b-7b0f-4c78-ae42-f546ce8aa034', 'LUIZ EDUARDO SANTOS DE LIMA', '20401561400153866', '2025-08-07 23:40:45.488548+00:00');
INSERT INTO sala_de_aula_alunos (id, sala_id, nome_aluno, turma, created_at) VALUES ('0364e92a-6d7f-4d87-b978-a41807ff8db1', 'ff960c0b-7b0f-4c78-ae42-f546ce8aa034', 'MARIA CLARA DIAS PEREIRA', '20401561400153868', '2025-08-07 23:40:50.988486+00:00');
INSERT INTO sala_de_aula_alunos (id, sala_id, nome_aluno, turma, created_at) VALUES ('da6a55f2-3fe8-4637-8be7-2dc099b59140', 'ff960c0b-7b0f-4c78-ae42-f546ce8aa034', 'LUIZ PAULO MARQUES DA SILVA BOLIN', '20401561400153773', '2025-08-07 23:40:54.468316+00:00');
INSERT INTO sala_de_aula_alunos (id, sala_id, nome_aluno, turma, created_at) VALUES ('8003fa60-9bd8-4a15-8ee9-28574599cdb9', 'ff960c0b-7b0f-4c78-ae42-f546ce8aa034', 'MARIA VITORIA CARVALHO', '20401561400153869', '2025-08-07 23:40:58.333645+00:00');
INSERT INTO sala_de_aula_alunos (id, sala_id, nome_aluno, turma, created_at) VALUES ('b494c467-241f-4adf-b182-15e4a290f699', 'ff960c0b-7b0f-4c78-ae42-f546ce8aa034', 'MARIA GABRIELLI DE LIMA FERNANDES', '20401561400153774', '2025-08-07 23:41:01.271937+00:00');
INSERT INTO sala_de_aula_alunos (id, sala_id, nome_aluno, turma, created_at) VALUES ('908206db-b66a-4755-962b-a8f1e569262a', 'ff960c0b-7b0f-4c78-ae42-f546ce8aa034', 'MARIA VITORIA PADILHA ASSIZ', '20401561400153965', '2025-08-07 23:41:04.541022+00:00');
INSERT INTO sala_de_aula_alunos (id, sala_id, nome_aluno, turma, created_at) VALUES ('19fa0bd5-8927-4ea4-bed1-1e57b137cf4e', 'ff960c0b-7b0f-4c78-ae42-f546ce8aa034', 'MARIA VITORIA DOS SANTOS BATISTA', '20401561400153937', '2025-08-07 23:41:07.866387+00:00');
INSERT INTO sala_de_aula_alunos (id, sala_id, nome_aluno, turma, created_at) VALUES ('1f68a8fc-1e51-4e0a-8b47-2178696fc6eb', 'ff960c0b-7b0f-4c78-ae42-f546ce8aa034', 'MARIANA BRANDES DE ARAUJO', '20401561400153938', '2025-08-07 23:41:14.220280+00:00');
INSERT INTO sala_de_aula_alunos (id, sala_id, nome_aluno, turma, created_at) VALUES ('986b16d8-91b3-4b1a-8083-8018304e1584', 'ff960c0b-7b0f-4c78-ae42-f546ce8aa034', 'MARYA EDUARDA MACEDO CHAVES', '20401561400153992', '2025-08-07 23:45:53.672571+00:00');
INSERT INTO sala_de_aula_alunos (id, sala_id, nome_aluno, turma, created_at) VALUES ('78c29edf-542f-43b7-9061-e0c1c1232cb0', '98260a06-0b8e-472e-a753-b8bd8cf5ab7f', 'ALEX WILLIAN BUENO', '20401561400095780', '2025-08-05 15:13:53.841583+00:00');
INSERT INTO sala_de_aula_alunos (id, sala_id, nome_aluno, turma, created_at) VALUES ('2ee47d46-affa-43c3-934b-74d213666555', '98260a06-0b8e-472e-a753-b8bd8cf5ab7f', 'ALICE DE PAULA MENDES', '20401561400095856', '2025-08-05 15:13:53.841583+00:00');
INSERT INTO sala_de_aula_alunos (id, sala_id, nome_aluno, turma, created_at) VALUES ('44994a6f-c450-4e63-bbe7-6fb3f546bc7b', '98260a06-0b8e-472e-a753-b8bd8cf5ab7f', 'ALINE WENGLAREK MOURA DA SILVA', '20401561400095857', '2025-08-05 15:13:53.841583+00:00');
INSERT INTO sala_de_aula_alunos (id, sala_id, nome_aluno, turma, created_at) VALUES ('c3016f3b-36d0-437d-bcad-522fd0c0a523', '98260a06-0b8e-472e-a753-b8bd8cf5ab7f', 'ANA BEATRIZ BRAZ DE SOUZA', '20401561400095807', '2025-08-05 15:13:53.841583+00:00');
INSERT INTO sala_de_aula_alunos (id, sala_id, nome_aluno, turma, created_at) VALUES ('6d61f0d2-69af-47f9-a60d-38d20bb79739', '98260a06-0b8e-472e-a753-b8bd8cf5ab7f', 'ANA GIULIA MENDONCA DE JESUS', '20401561400095782', '2025-08-05 15:13:53.841583+00:00');
INSERT INTO sala_de_aula_alunos (id, sala_id, nome_aluno, turma, created_at) VALUES ('fec7703b-9d36-442c-8a8d-56787055f7e3', '98260a06-0b8e-472e-a753-b8bd8cf5ab7f', 'ANA VITORIA SILVA DE SOUZA SOLITO', '20401561400095832', '2025-08-05 15:13:53.841583+00:00');
INSERT INTO sala_de_aula_alunos (id, sala_id, nome_aluno, turma, created_at) VALUES ('40aad98d-7ccf-4df9-b9c8-ebee799d2af0', '98260a06-0b8e-472e-a753-b8bd8cf5ab7f', 'ANGELO MIGUEL DARRI', '20401561400095809', '2025-08-05 15:13:53.841583+00:00');
INSERT INTO sala_de_aula_alunos (id, sala_id, nome_aluno, turma, created_at) VALUES ('0a46c21e-c773-4234-b71d-4c97801e8df0', '98260a06-0b8e-472e-a753-b8bd8cf5ab7f', 'ANTHONY HENRIQUE CAMINSKI', '20401561400095834', '2025-08-05 15:13:53.841583+00:00');
INSERT INTO sala_de_aula_alunos (id, sala_id, nome_aluno, turma, created_at) VALUES ('bb24ea66-0369-430f-82c6-1e565f38e10b', '98260a06-0b8e-472e-a753-b8bd8cf5ab7f', 'BRUNO JESUS DE SOUZA JUNIOR', '20401561400095810', '2025-08-05 15:13:53.841583+00:00');
INSERT INTO sala_de_aula_alunos (id, sala_id, nome_aluno, turma, created_at) VALUES ('854877fb-3258-4d62-820b-edb780f16686', '98260a06-0b8e-472e-a753-b8bd8cf5ab7f', 'CAMILLY VITORIA ARAUJO ROCHA', '20401561400095836', '2025-08-05 15:13:53.841583+00:00');
INSERT INTO sala_de_aula_alunos (id, sala_id, nome_aluno, turma, created_at) VALUES ('2b90ffe3-0ace-4d7a-9cf8-dc7ff6f8b946', '98260a06-0b8e-472e-a753-b8bd8cf5ab7f', 'CAUA MARINS DOS SANTOS', '20401561400095784', '2025-08-05 15:13:53.841583+00:00');
INSERT INTO sala_de_aula_alunos (id, sala_id, nome_aluno, turma, created_at) VALUES ('ca4ed248-8c5f-4417-bd36-5b5d76a8f471', '98260a06-0b8e-472e-a753-b8bd8cf5ab7f', 'DANIEL DOS SANTOS BARBOSA', '20401561400095811', '2025-08-05 15:13:53.841583+00:00');
INSERT INTO sala_de_aula_alunos (id, sala_id, nome_aluno, turma, created_at) VALUES ('2d638675-d35e-4064-bdd9-418b881dbe5a', '98260a06-0b8e-472e-a753-b8bd8cf5ab7f', 'DAVI JORGE DE MORAES', '20401561400095785', '2025-08-05 15:13:53.841583+00:00');
INSERT INTO sala_de_aula_alunos (id, sala_id, nome_aluno, turma, created_at) VALUES ('e58a2e78-6db1-4f89-93ca-00522e2e4954', '98260a06-0b8e-472e-a753-b8bd8cf5ab7f', 'DERIK ALESSANDRO ALMEIDA DE SOUZA', '20401561400095837', '2025-08-05 15:13:53.841583+00:00');
INSERT INTO sala_de_aula_alunos (id, sala_id, nome_aluno, turma, created_at) VALUES ('585a2ddb-6208-4e30-9aa3-d9facef6cfb2', '98260a06-0b8e-472e-a753-b8bd8cf5ab7f', 'DHIENIFER GABRIELI DOMBROSKI RIBEIRO', '20401561400095862', '2025-08-05 15:13:53.841583+00:00');
INSERT INTO sala_de_aula_alunos (id, sala_id, nome_aluno, turma, created_at) VALUES ('20a122b8-13de-40d2-a576-9a4b0c028167', '98260a06-0b8e-472e-a753-b8bd8cf5ab7f', 'ELOISA BATISTA DO NASCIMENTO', '20401561400095786', '2025-08-05 15:13:53.841583+00:00');
INSERT INTO sala_de_aula_alunos (id, sala_id, nome_aluno, turma, created_at) VALUES ('5d02306c-ac05-45c5-a101-8d526b309a17', '98260a06-0b8e-472e-a753-b8bd8cf5ab7f', 'FELIPE MARTINS MIRANDA', '20401561400095812', '2025-08-05 15:13:53.841583+00:00');
INSERT INTO sala_de_aula_alunos (id, sala_id, nome_aluno, turma, created_at) VALUES ('cb296aef-1d12-4175-b650-c7252e07f9f6', '98260a06-0b8e-472e-a753-b8bd8cf5ab7f', 'GABRIEL BATISTA DE LIMA ALVES', '20401561400095838', '2025-08-05 15:13:53.841583+00:00');
INSERT INTO sala_de_aula_alunos (id, sala_id, nome_aluno, turma, created_at) VALUES ('f7d45de9-4041-4d0a-8ea1-16cb606fe585', '98260a06-0b8e-472e-a753-b8bd8cf5ab7f', 'GABRIEL DE OLIVEIRA LEITE', '20401561400095814', '2025-08-05 15:13:53.841583+00:00');
INSERT INTO sala_de_aula_alunos (id, sala_id, nome_aluno, turma, created_at) VALUES ('7684e16c-0433-4125-8ef3-3dea9f522c99', '98260a06-0b8e-472e-a753-b8bd8cf5ab7f', 'GUSTAVO MINAIF DE OLIVEIRA GONZALES', '20401561400095840', '2025-08-05 15:13:53.841583+00:00');
INSERT INTO sala_de_aula_alunos (id, sala_id, nome_aluno, turma, created_at) VALUES ('f34ea737-8e90-44b8-b16a-7446f3d665fb', '98260a06-0b8e-472e-a753-b8bd8cf5ab7f', 'HUGO HENRIQUE ALVES DO CARMO', '20401561400095867', '2025-08-05 15:13:53.841583+00:00');
INSERT INTO sala_de_aula_alunos (id, sala_id, nome_aluno, turma, created_at) VALUES ('d75aced2-5ba7-4cf3-bd45-a2e5be0260ba', '98260a06-0b8e-472e-a753-b8bd8cf5ab7f', 'ISABELLY CRISTINA CARNEIRO DO NASCIMENTO', '20401561400095868', '2025-08-05 15:13:53.841583+00:00');
INSERT INTO sala_de_aula_alunos (id, sala_id, nome_aluno, turma, created_at) VALUES ('7064b818-fa34-4446-bdd0-70c3e148f95f', '98260a06-0b8e-472e-a753-b8bd8cf5ab7f', 'JENIFFER RODRIGUES VALERIO', '20401561400095789', '2025-08-05 15:13:53.841583+00:00');
INSERT INTO sala_de_aula_alunos (id, sala_id, nome_aluno, turma, created_at) VALUES ('9ef6513d-ecc0-4d6c-9d42-34d1c55bef95', '98260a06-0b8e-472e-a753-b8bd8cf5ab7f', 'JOAO ANTONIO FRANCELINO DO CARMO', '20401561400095869', '2025-08-05 15:13:53.841583+00:00');
INSERT INTO sala_de_aula_alunos (id, sala_id, nome_aluno, turma, created_at) VALUES ('da2b0f32-8740-465f-b015-4a029d8d1550', '98260a06-0b8e-472e-a753-b8bd8cf5ab7f', 'JOAO ANTONIO MUNIZ CIPRIANO DE FREITAS', '20401561400095790', '2025-08-05 15:13:53.841583+00:00');
INSERT INTO sala_de_aula_alunos (id, sala_id, nome_aluno, turma, created_at) VALUES ('ae430076-6c57-4e71-968b-03d99f239376', '98260a06-0b8e-472e-a753-b8bd8cf5ab7f', 'JOAO PEDRO SOARES DE OLIVEIRA', '20401561400095818', '2025-08-05 15:13:53.841583+00:00');
INSERT INTO sala_de_aula_alunos (id, sala_id, nome_aluno, turma, created_at) VALUES ('f8a8dde6-22bc-4c48-a136-10adf0c1eec2', '98260a06-0b8e-472e-a753-b8bd8cf5ab7f', 'JOAO VICTOR CAPATO AUGUSTO', '20401561400095791', '2025-08-05 15:13:53.841583+00:00');
INSERT INTO sala_de_aula_alunos (id, sala_id, nome_aluno, turma, created_at) VALUES ('b23eb554-2435-4a75-8038-73904608f7f9', '98260a06-0b8e-472e-a753-b8bd8cf5ab7f', 'JULIA GONCALVES DA SILVA', '20401561400095821', '2025-08-05 15:13:53.841583+00:00');
INSERT INTO sala_de_aula_alunos (id, sala_id, nome_aluno, turma, created_at) VALUES ('178faa75-1e4c-4a65-8c3f-c0ace4ba6385', '98260a06-0b8e-472e-a753-b8bd8cf5ab7f', 'KAMILA EDUARDA DE PAULA DOS SANTOS', '20401561400095842', '2025-08-05 15:13:53.841583+00:00');
INSERT INTO sala_de_aula_alunos (id, sala_id, nome_aluno, turma, created_at) VALUES ('a31667a7-7730-4610-aa64-aae8efb09cc8', '98260a06-0b8e-472e-a753-b8bd8cf5ab7f', 'KAUA OLIVEIRA SOARES', '20401561400095843', '2025-08-05 15:13:53.841583+00:00');
INSERT INTO sala_de_aula_alunos (id, sala_id, nome_aluno, turma, created_at) VALUES ('1a62c335-a1fe-4c60-8e36-4e79449d41db', '98260a06-0b8e-472e-a753-b8bd8cf5ab7f', 'KAUA PEREIRA MARINHO DA SILVA', '20401561400095870', '2025-08-05 15:13:53.841583+00:00');
INSERT INTO sala_de_aula_alunos (id, sala_id, nome_aluno, turma, created_at) VALUES ('daee4240-7f41-429b-b369-c185d7d4088b', '98260a06-0b8e-472e-a753-b8bd8cf5ab7f', 'KAUAN GABRIEL MOTTA', '20401561400095872', '2025-08-05 15:13:53.841583+00:00');
INSERT INTO sala_de_aula_alunos (id, sala_id, nome_aluno, turma, created_at) VALUES ('7f7a8b0f-9a53-4f8a-a1ce-5359ef829653', '98260a06-0b8e-472e-a753-b8bd8cf5ab7f', 'KEMILY BIANCA TORRES DOS SANTOS', '20401561400095823', '2025-08-05 15:13:53.841583+00:00');
INSERT INTO sala_de_aula_alunos (id, sala_id, nome_aluno, turma, created_at) VALUES ('5b859888-e033-4537-a56d-0fcce8716755', '98260a06-0b8e-472e-a753-b8bd8cf5ab7f', 'LEONARDO DE SOUZA OLIVEIRA', '20401561400095824', '2025-08-05 15:13:53.841583+00:00');
INSERT INTO sala_de_aula_alunos (id, sala_id, nome_aluno, turma, created_at) VALUES ('c8c5900e-bbeb-4a33-b111-99c19a40c4b2', '98260a06-0b8e-472e-a753-b8bd8cf5ab7f', 'MANUEL VICTOR GODINHO BARBOSA', '20401561400095844', '2025-08-05 15:13:53.841583+00:00');
INSERT INTO sala_de_aula_alunos (id, sala_id, nome_aluno, turma, created_at) VALUES ('c8e1d276-5a9e-4ace-95c8-40ee0de7967b', '98260a06-0b8e-472e-a753-b8bd8cf5ab7f', 'MARCELA TEREZA BELARMINO DA SILVA', '20401561400095825', '2025-08-05 15:13:53.841583+00:00');
INSERT INTO sala_de_aula_alunos (id, sala_id, nome_aluno, turma, created_at) VALUES ('843876c1-70ec-4f21-8038-8a364f74f423', '98260a06-0b8e-472e-a753-b8bd8cf5ab7f', 'MARIA AMELIA GOMES', '20401561400095845', '2025-08-05 15:13:53.841583+00:00');
INSERT INTO sala_de_aula_alunos (id, sala_id, nome_aluno, turma, created_at) VALUES ('137d8f9c-a77d-4b07-957a-873d2d9cc2bb', '98260a06-0b8e-472e-a753-b8bd8cf5ab7f', 'MARIA EDUARDA DOS ANJOS DA SILVA', '20401561400095846', '2025-08-05 15:13:53.841583+00:00');
INSERT INTO sala_de_aula_alunos (id, sala_id, nome_aluno, turma, created_at) VALUES ('cb2c8fa9-9bba-4ff1-b1b4-e38b9f9e3fcd', '98260a06-0b8e-472e-a753-b8bd8cf5ab7f', 'MARIA EDUARDA DOS SANTOS LIMA DA SILVA', '20401561400095826', '2025-08-05 15:13:53.841583+00:00');
INSERT INTO sala_de_aula_alunos (id, sala_id, nome_aluno, turma, created_at) VALUES ('0d7d5a9b-5a31-4483-aa0d-daf55e189ce5', '98260a06-0b8e-472e-a753-b8bd8cf5ab7f', 'MATHEUS WALACHY MATEUS', '20401561400095847', '2025-08-05 15:13:53.841583+00:00');
INSERT INTO sala_de_aula_alunos (id, sala_id, nome_aluno, turma, created_at) VALUES ('2ee14071-dfb1-4cab-ad48-0577f9c76707', '98260a06-0b8e-472e-a753-b8bd8cf5ab7f', 'MAYARA CASTRO DA SILVA', '20401561400095827', '2025-08-05 15:13:53.841583+00:00');
INSERT INTO sala_de_aula_alunos (id, sala_id, nome_aluno, turma, created_at) VALUES ('895739a7-e660-4639-a3c8-dad5b9e67a87', '98260a06-0b8e-472e-a753-b8bd8cf5ab7f', 'MICAELLY CASSYDY RODRIGUES', '20401561400095848', '2025-08-05 15:13:53.841583+00:00');
INSERT INTO sala_de_aula_alunos (id, sala_id, nome_aluno, turma, created_at) VALUES ('23da26bd-9f65-48d1-bc27-43a571e5ff2b', '98260a06-0b8e-472e-a753-b8bd8cf5ab7f', 'MISAEL RODRIGO DA SILVA MACHADO', '20401561400095794', '2025-08-05 15:13:53.841583+00:00');
INSERT INTO sala_de_aula_alunos (id, sala_id, nome_aluno, turma, created_at) VALUES ('f88cc5bb-a355-4790-b036-35ba1e2f315d', '98260a06-0b8e-472e-a753-b8bd8cf5ab7f', 'MURILO WALACHY MATEUS', '20401561400095795', '2025-08-05 15:13:53.841583+00:00');
INSERT INTO sala_de_aula_alunos (id, sala_id, nome_aluno, turma, created_at) VALUES ('4bcb778e-f256-40dd-83eb-2664ca2475e5', '98260a06-0b8e-472e-a753-b8bd8cf5ab7f', 'NICOLAS DA SILVA FERREIRA', '20401561400095796', '2025-08-05 15:13:53.841583+00:00');
INSERT INTO sala_de_aula_alunos (id, sala_id, nome_aluno, turma, created_at) VALUES ('12a8ad05-9957-4fac-b486-ea24e7f5f545', '98260a06-0b8e-472e-a753-b8bd8cf5ab7f', 'NICOLAS EDMO SANTOS DOS REIS', '20401561400095850', '2025-08-05 15:13:53.841583+00:00');
INSERT INTO sala_de_aula_alunos (id, sala_id, nome_aluno, turma, created_at) VALUES ('e392b4d2-300d-4279-9e3c-0e2471f8c73c', '98260a06-0b8e-472e-a753-b8bd8cf5ab7f', 'NICOLAS FERNANDO CAMARGO CARNEIRO', '20401561400095828', '2025-08-05 15:13:53.841583+00:00');
INSERT INTO sala_de_aula_alunos (id, sala_id, nome_aluno, turma, created_at) VALUES ('598c4e11-74ad-429d-8fc5-fa9f2933162b', '98260a06-0b8e-472e-a753-b8bd8cf5ab7f', 'PABLO HENRIQUE MARTINS DE ANDRADE', '20401561400095852', '2025-08-05 15:13:53.841583+00:00');
INSERT INTO sala_de_aula_alunos (id, sala_id, nome_aluno, turma, created_at) VALUES ('3b630b8f-9eba-40cc-9673-ac32ab38741d', '98260a06-0b8e-472e-a753-b8bd8cf5ab7f', 'PAMELA NICOLY DA ROCHA TAVARES', '20401561400095875', '2025-08-05 15:13:53.841583+00:00');
INSERT INTO sala_de_aula_alunos (id, sala_id, nome_aluno, turma, created_at) VALUES ('997d6e97-b332-4b80-9d52-ad052e0af330', '98260a06-0b8e-472e-a753-b8bd8cf5ab7f', 'PEDRO AUGUSTO PADILHA PEREIRA', '20401561400095853', '2025-08-05 15:13:53.841583+00:00');
INSERT INTO sala_de_aula_alunos (id, sala_id, nome_aluno, turma, created_at) VALUES ('1a9dc599-6444-48c0-89cd-167abd0001ff', '98260a06-0b8e-472e-a753-b8bd8cf5ab7f', 'PEDRO VINICIUS DO NASCIMENTO FIDELCINO', '20401561400095829', '2025-08-05 15:13:53.841583+00:00');
INSERT INTO sala_de_aula_alunos (id, sala_id, nome_aluno, turma, created_at) VALUES ('f6802896-6e72-43a8-ae85-d2c05c728d9a', '98260a06-0b8e-472e-a753-b8bd8cf5ab7f', 'PEDRO HENRIQUE DE LIBORIO GERMANO', '20401561400095797', '2025-08-05 15:13:53.841583+00:00');
INSERT INTO sala_de_aula_alunos (id, sala_id, nome_aluno, turma, created_at) VALUES ('eda8e85c-4fd3-415f-8204-87dbfe1d35f4', '98260a06-0b8e-472e-a753-b8bd8cf5ab7f', 'PIETRO HENRIQUE DOS SANTOS RODRIGUES', '20401561400095854', '2025-08-05 15:13:53.841583+00:00');
INSERT INTO sala_de_aula_alunos (id, sala_id, nome_aluno, turma, created_at) VALUES ('99df7e05-d1f6-4c0e-bf64-8d87c490ed6f', '98260a06-0b8e-472e-a753-b8bd8cf5ab7f', 'RAFAEL SIMAO DA SILVA', '20401561400095877', '2025-08-05 15:13:53.841583+00:00');
INSERT INTO sala_de_aula_alunos (id, sala_id, nome_aluno, turma, created_at) VALUES ('4ba08b01-e709-4b2c-a0ed-86c23ab6faa3', '98260a06-0b8e-472e-a753-b8bd8cf5ab7f', 'RAFAELA FERREIRA DA SILVA', '20401561400095878', '2025-08-05 15:13:53.841583+00:00');
INSERT INTO sala_de_aula_alunos (id, sala_id, nome_aluno, turma, created_at) VALUES ('acd7c547-6df2-45d6-a1c1-fde309a6846a', '98260a06-0b8e-472e-a753-b8bd8cf5ab7f', 'RENAN DIMAS GOULART VIANA', '20401561400095879', '2025-08-05 15:13:53.841583+00:00');
INSERT INTO sala_de_aula_alunos (id, sala_id, nome_aluno, turma, created_at) VALUES ('a55ebe12-548d-4083-8cf7-8fb864a16b0f', '98260a06-0b8e-472e-a753-b8bd8cf5ab7f', 'SAMANTA APARECIDA RIBAS DE JESUS', '20401561400095798', '2025-08-05 15:13:53.841583+00:00');
INSERT INTO sala_de_aula_alunos (id, sala_id, nome_aluno, turma, created_at) VALUES ('e4e9acae-c8aa-4f30-b4b2-97d25253b67a', '98260a06-0b8e-472e-a753-b8bd8cf5ab7f', 'SAMUEL DOS SANTOS ALVES', '20401561400095799', '2025-08-05 15:13:53.841583+00:00');
INSERT INTO sala_de_aula_alunos (id, sala_id, nome_aluno, turma, created_at) VALUES ('faeb1a14-5839-4061-b8db-36a429c07467', '98260a06-0b8e-472e-a753-b8bd8cf5ab7f', 'SAMUEL HENRIQUE CANDIDO DA SILVA', '20401561400095800', '2025-08-05 15:13:53.841583+00:00');
INSERT INTO sala_de_aula_alunos (id, sala_id, nome_aluno, turma, created_at) VALUES ('7ee9175f-6b68-44c4-b8ad-2c23eb4dbeab', '98260a06-0b8e-472e-a753-b8bd8cf5ab7f', 'SAMUEL KARPER PRADO', '20401561400095830', '2025-08-05 15:13:53.841583+00:00');
INSERT INTO sala_de_aula_alunos (id, sala_id, nome_aluno, turma, created_at) VALUES ('f0439796-9eb6-4002-8f2a-d1d7a3ec905a', '98260a06-0b8e-472e-a753-b8bd8cf5ab7f', 'SARAH SCHULTZ', '20401561400095802', '2025-08-05 15:13:53.841583+00:00');
INSERT INTO sala_de_aula_alunos (id, sala_id, nome_aluno, turma, created_at) VALUES ('ce3045c8-ced8-4ad7-bec7-d157949d2beb', '98260a06-0b8e-472e-a753-b8bd8cf5ab7f', 'STEPHANY LUNA MARCONDES RIBAS ZANELATTO', '20401561400095880', '2025-08-05 15:13:53.841583+00:00');
INSERT INTO sala_de_aula_alunos (id, sala_id, nome_aluno, turma, created_at) VALUES ('47ab2fea-56bc-48dc-9dc1-e151b94f3322', '98260a06-0b8e-472e-a753-b8bd8cf5ab7f', 'VICTOR ALEXANDRE MATHIAS ARAUJO', '20401561400095855', '2025-08-05 15:13:53.841583+00:00');
INSERT INTO sala_de_aula_alunos (id, sala_id, nome_aluno, turma, created_at) VALUES ('e6d421e6-e7ee-4f4a-bdc8-b8c9d083a3fb', '98260a06-0b8e-472e-a753-b8bd8cf5ab7f', 'VICTOR HENRIQUE NANTES FREIRE', '20401561400095803', '2025-08-05 15:13:53.841583+00:00');
INSERT INTO sala_de_aula_alunos (id, sala_id, nome_aluno, turma, created_at) VALUES ('f7c09b90-40d1-480c-8e06-232c10da67f4', '98260a06-0b8e-472e-a753-b8bd8cf5ab7f', 'WALLYSSON BORGES LOUREIRO', '20401561400095804', '2025-08-05 15:13:53.841583+00:00');
INSERT INTO sala_de_aula_alunos (id, sala_id, nome_aluno, turma, created_at) VALUES ('41cddf16-03c3-493d-9cd7-d58062e6d418', '98260a06-0b8e-472e-a753-b8bd8cf5ab7f', 'YASMIN APARECIDA DA CONCEICAO', '20401561400095805', '2025-08-05 15:13:53.841583+00:00');
INSERT INTO sala_de_aula_alunos (id, sala_id, nome_aluno, turma, created_at) VALUES ('86a4ccf7-f00d-4fe1-bf02-b041f0efd345', '98260a06-0b8e-472e-a753-b8bd8cf5ab7f', 'YURI ROCHA DE ARZAO VAKIUTI', '20401561400095806', '2025-08-05 15:13:53.841583+00:00');
INSERT INTO sala_de_aula_alunos (id, sala_id, nome_aluno, turma, created_at) VALUES ('c53b5c30-79a1-4c05-9f47-714175df133d', '40652109-e812-4f40-b4a7-1f417dab398a', 'VITOR HUGO DE FRANCA DA SILVA', '20401561400095882', '2025-08-05 19:24:54.355464+00:00');
INSERT INTO sala_de_aula_alunos (id, sala_id, nome_aluno, turma, created_at) VALUES ('6a7dc443-d475-45e9-908d-f95f4759670b', 'ff960c0b-7b0f-4c78-ae42-f546ce8aa034', 'ADRYAN MARQUES DE SOUZA', '20401561400153947', '2025-08-07 23:11:55.808537+00:00');
INSERT INTO sala_de_aula_alunos (id, sala_id, nome_aluno, turma, created_at) VALUES ('71f095e6-1eee-4bfd-bfd8-a18b709014a9', 'ff960c0b-7b0f-4c78-ae42-f546ce8aa034', 'ALEXANDRE OLIVEIRA MICHELS', '20401561400153917', '2025-08-07 23:13:44.580158+00:00');
INSERT INTO sala_de_aula_alunos (id, sala_id, nome_aluno, turma, created_at) VALUES ('e1afd13b-5894-4cfc-9132-859b1d9533e6', 'ff960c0b-7b0f-4c78-ae42-f546ce8aa034', 'ALLAN DE OLIVEIRA BRAZ', '20401561400153849', '2025-08-07 23:14:34.072952+00:00');
INSERT INTO sala_de_aula_alunos (id, sala_id, nome_aluno, turma, created_at) VALUES ('2326b30c-89cb-4998-b9cf-b6dbe416274c', 'ff960c0b-7b0f-4c78-ae42-f546ce8aa034', 'ANA FLAVIA CORREA DE SOUZA', '20401561400153949', '2025-08-07 23:16:23.871839+00:00');
INSERT INTO sala_de_aula_alunos (id, sala_id, nome_aluno, turma, created_at) VALUES ('11b6f81b-fdf1-4d24-bed0-1f0a4d7f1d2a', 'ff960c0b-7b0f-4c78-ae42-f546ce8aa034', 'ANNA KAROLLYNE COSTA DUTRA', '20401561400153748', '2025-08-07 23:18:47.621325+00:00');
INSERT INTO sala_de_aula_alunos (id, sala_id, nome_aluno, turma, created_at) VALUES ('98f43cc1-9e74-4d0c-b23a-ac05f238ea40', 'ff960c0b-7b0f-4c78-ae42-f546ce8aa034', 'BRENDA RAFAELI LIMA DA COSTA', '20401561400153851', '2025-08-07 23:20:15.371212+00:00');
INSERT INTO sala_de_aula_alunos (id, sala_id, nome_aluno, turma, created_at) VALUES ('438e53ce-5d39-4571-9fab-0f39bc54e2c6', 'ff960c0b-7b0f-4c78-ae42-f546ce8aa034', 'BRUNO CARVALHO DE FRANCA', '20401561400153978', '2025-08-07 23:21:30.492393+00:00');
INSERT INTO sala_de_aula_alunos (id, sala_id, nome_aluno, turma, created_at) VALUES ('460c466d-5c17-4f77-bbe2-5741545cc018', 'ff960c0b-7b0f-4c78-ae42-f546ce8aa034', 'DANILO RICHARD MACHADO VERGILIO', '20401561400153979', '2025-08-07 23:23:01.574287+00:00');
INSERT INTO sala_de_aula_alunos (id, sala_id, nome_aluno, turma, created_at) VALUES ('aef381e8-4b38-47c4-aa68-dd9fb8e55135', 'ff960c0b-7b0f-4c78-ae42-f546ce8aa034', 'DANIEL ISAAC RANGEL NATERA', '20401561400153952', '2025-08-07 23:23:05.967595+00:00');
INSERT INTO sala_de_aula_alunos (id, sala_id, nome_aluno, turma, created_at) VALUES ('db924ef8-e0dc-4719-bb0a-f835f722f319', 'ff960c0b-7b0f-4c78-ae42-f546ce8aa034', 'DANIEL LIMA', '20401561400153852', '2025-08-07 23:23:13.262105+00:00');
INSERT INTO sala_de_aula_alunos (id, sala_id, nome_aluno, turma, created_at) VALUES ('69a4ff36-6de7-4b67-89f4-4102b1118938', 'ff960c0b-7b0f-4c78-ae42-f546ce8aa034', 'DAVI WEITGENANT DA SILVA', '20401561400153752', '2025-08-07 23:25:06.292831+00:00');
INSERT INTO sala_de_aula_alunos (id, sala_id, nome_aluno, turma, created_at) VALUES ('05ef567d-d22f-448d-84f4-e32987b86834', 'ff960c0b-7b0f-4c78-ae42-f546ce8aa034', 'EDUARDA DE OLIVEIRA PAZ', '20401561400153855', '2025-08-07 23:27:07.737326+00:00');
INSERT INTO sala_de_aula_alunos (id, sala_id, nome_aluno, turma, created_at) VALUES ('eba93c1d-0dc2-4869-b9f9-56872c4ebf8e', 'ff960c0b-7b0f-4c78-ae42-f546ce8aa034', 'EMANUELLY DE OLIVEIRA', '20401561400153857', '2025-08-07 23:27:15.768489+00:00');
INSERT INTO sala_de_aula_alunos (id, sala_id, nome_aluno, turma, created_at) VALUES ('662048fd-d891-465f-8892-6ffb049ec488', 'ff960c0b-7b0f-4c78-ae42-f546ce8aa034', 'ERIK GABRIEL FERREIRA SANTANA', '20401561400153753', '2025-08-07 23:31:15.993339+00:00');
INSERT INTO sala_de_aula_alunos (id, sala_id, nome_aluno, turma, created_at) VALUES ('25ce2d24-a65c-4ded-8b7e-2731ac339dab', 'ff960c0b-7b0f-4c78-ae42-f546ce8aa034', 'FABRICIO CAMARGO PEREIRA', '20401561400153859', '2025-08-07 23:31:22.688275+00:00');
INSERT INTO sala_de_aula_alunos (id, sala_id, nome_aluno, turma, created_at) VALUES ('a91a7955-de58-4d7d-a784-76511d736356', 'ff960c0b-7b0f-4c78-ae42-f546ce8aa034', 'FELIPE AUGUSTO DE SOUZA LEMOS', '20401561400153754', '2025-08-07 23:31:26.117561+00:00');
INSERT INTO sala_de_aula_alunos (id, sala_id, nome_aluno, turma, created_at) VALUES ('a1605d66-384f-4f7b-a8e0-3f62ad2ac8ca', 'ff960c0b-7b0f-4c78-ae42-f546ce8aa034', 'GABRIEL DIAS DANTAS GOMES', '20401561400153982', '2025-08-07 23:31:32.499141+00:00');
INSERT INTO sala_de_aula_alunos (id, sala_id, nome_aluno, turma, created_at) VALUES ('497d219e-2bec-4f80-87b5-e755815e7afe', 'ff960c0b-7b0f-4c78-ae42-f546ce8aa034', 'GABRIEL HENRIQUE MARTINS', '20401561400153983', '2025-08-07 23:31:35.627914+00:00');
INSERT INTO sala_de_aula_alunos (id, sala_id, nome_aluno, turma, created_at) VALUES ('43b2f731-ac1c-491a-ac99-7aee7f186646', 'ff960c0b-7b0f-4c78-ae42-f546ce8aa034', 'GABRYELLA VITORIA PIRES', '20401561400153984', '2025-08-07 23:31:41.644607+00:00');
INSERT INTO sala_de_aula_alunos (id, sala_id, nome_aluno, turma, created_at) VALUES ('1243e0de-6727-4220-b3f0-3a46daab843c', 'ff960c0b-7b0f-4c78-ae42-f546ce8aa034', 'GEAN BRUNNO AMORIM DA SILVA', '20401561400153954', '2025-08-07 23:31:44.614352+00:00');
INSERT INTO sala_de_aula_alunos (id, sala_id, nome_aluno, turma, created_at) VALUES ('41709f21-0066-4fbc-91f5-cb081e2a9c97', 'ff960c0b-7b0f-4c78-ae42-f546ce8aa034', 'GUILHERME FREITAS SILVA', '20401561400153985', '2025-08-07 23:31:52.431919+00:00');
INSERT INTO sala_de_aula_alunos (id, sala_id, nome_aluno, turma, created_at) VALUES ('9a7a75a1-57a1-478d-a21e-30d025111222', 'ff960c0b-7b0f-4c78-ae42-f546ce8aa034', 'GUSTAVO RENAN RIBEIRO PAZIN', '20401561400153927', '2025-08-07 23:31:56.309309+00:00');
INSERT INTO sala_de_aula_alunos (id, sala_id, nome_aluno, turma, created_at) VALUES ('febcb789-8980-4de3-92fc-b02717844ec3', 'ff960c0b-7b0f-4c78-ae42-f546ce8aa034', 'ISABELLE MARTINS DA SILVA', '20401561400153986', '2025-08-07 23:32:04.094656+00:00');
INSERT INTO sala_de_aula_alunos (id, sala_id, nome_aluno, turma, created_at) VALUES ('25a7a167-f583-4214-96ae-d4fe2193a47e', 'ff960c0b-7b0f-4c78-ae42-f546ce8aa034', 'JOAO PEDRO ALMEIDA DA SILVA', '20401561400153959', '2025-08-07 23:34:01.994221+00:00');
INSERT INTO sala_de_aula_alunos (id, sala_id, nome_aluno, turma, created_at) VALUES ('06af4649-72a3-4c18-aede-c3d209d9fd7e', 'ff960c0b-7b0f-4c78-ae42-f546ce8aa034', 'JULIA GABRYELLA MACIEL CAMARGO', '20401561400153931', '2025-08-07 23:34:15.784419+00:00');
INSERT INTO sala_de_aula_alunos (id, sala_id, nome_aluno, turma, created_at) VALUES ('b1edd6ad-c9f5-4ea1-ad3a-2e4cb6923504', 'ff960c0b-7b0f-4c78-ae42-f546ce8aa034', 'JOAO VITOR PIMENTEL DA SILVA', '20401561400153930', '2025-08-07 23:34:26.576751+00:00');
INSERT INTO sala_de_aula_alunos (id, sala_id, nome_aluno, turma, created_at) VALUES ('f1e2d499-7b36-41a1-aded-cac81d5f2aeb', 'ff960c0b-7b0f-4c78-ae42-f546ce8aa034', 'KAUA HENRIQUE DOS SANTOS PAULO', '20401561400153960', '2025-08-07 23:35:22.040869+00:00');
INSERT INTO sala_de_aula_alunos (id, sala_id, nome_aluno, turma, created_at) VALUES ('2e127e0c-0707-4171-82f5-ebd59b31fe25', 'ff960c0b-7b0f-4c78-ae42-f546ce8aa034', 'KAUE GABRIEL OLEKSSEN ALVES', '20401561400153767', '2025-08-07 23:36:24.803431+00:00');
INSERT INTO sala_de_aula_alunos (id, sala_id, nome_aluno, turma, created_at) VALUES ('9ae8d9eb-daa2-475c-8a35-cc82b287e2c9', 'ff960c0b-7b0f-4c78-ae42-f546ce8aa034', 'LAURA SOFIA DO PRADO', '20401561400153988', '2025-08-07 23:39:54.145065+00:00');
INSERT INTO sala_de_aula_alunos (id, sala_id, nome_aluno, turma, created_at) VALUES ('a2f7bd2b-7073-4dc4-a64c-637d47f23ca3', 'ff960c0b-7b0f-4c78-ae42-f546ce8aa034', 'LAURA SOPHIA DOS SANTOS QUEIROZ', '20401561400153769', '2025-08-07 23:40:21.633408+00:00');
INSERT INTO sala_de_aula_alunos (id, sala_id, nome_aluno, turma, created_at) VALUES ('7446f83e-9171-40af-aad7-12c16fb8f689', 'ff960c0b-7b0f-4c78-ae42-f546ce8aa034', 'LEANDRO ADRIANO SANTOS CORREIA', '20401561400153934', '2025-08-07 23:40:25.170426+00:00');
INSERT INTO sala_de_aula_alunos (id, sala_id, nome_aluno, turma, created_at) VALUES ('171313e7-f3e7-412f-8075-84fcf65c502d', 'ff960c0b-7b0f-4c78-ae42-f546ce8aa034', 'LUAN SUZANO DE PAULA ARAUJO', '20401561400153936', '2025-08-07 23:40:32.605060+00:00');
INSERT INTO sala_de_aula_alunos (id, sala_id, nome_aluno, turma, created_at) VALUES ('9fa17a6d-de0d-481c-9e13-e7065b35cea7', 'ff960c0b-7b0f-4c78-ae42-f546ce8aa034', 'LEONARDO BEVILAQUA STABEN', '20401561400153963', '2025-08-07 23:40:37.151094+00:00');
INSERT INTO sala_de_aula_alunos (id, sala_id, nome_aluno, turma, created_at) VALUES ('1222eb76-0797-41cb-9910-989cab99f70c', 'ff960c0b-7b0f-4c78-ae42-f546ce8aa034', 'MATHEUS EDUARDO DA SILVA PEREIRA', '20401561400153993', '2025-08-07 23:45:57.063184+00:00');
INSERT INTO sala_de_aula_alunos (id, sala_id, nome_aluno, turma, created_at) VALUES ('91086d94-57e2-422c-8c2c-c478fab710e3', 'ff960c0b-7b0f-4c78-ae42-f546ce8aa034', 'MATHEUS GABRIEL DA SILVA TERREROS', '20401561400153994', '2025-08-07 23:46:00.394524+00:00');
INSERT INTO sala_de_aula_alunos (id, sala_id, nome_aluno, turma, created_at) VALUES ('ac8988ff-747f-4bfb-8298-89b7d96f494e', 'ff960c0b-7b0f-4c78-ae42-f546ce8aa034', 'MIGUEL SALES DA SILVA', '20401561400153939', '2025-08-07 23:46:11.404341+00:00');
INSERT INTO sala_de_aula_alunos (id, sala_id, nome_aluno, turma, created_at) VALUES ('e9218803-272d-43e3-970b-041403118171', 'ff960c0b-7b0f-4c78-ae42-f546ce8aa034', 'MAYRA BAEZ DE LIMA', '20401561400153995', '2025-08-07 23:46:07.371882+00:00');
INSERT INTO sala_de_aula_alunos (id, sala_id, nome_aluno, turma, created_at) VALUES ('e040ab9b-33df-43e8-94af-dc3869a63bfa', 'ff960c0b-7b0f-4c78-ae42-f546ce8aa034', 'MURILLO FERNANDES FRANCO', '20401561400153996', '2025-08-07 23:46:18.804806+00:00');
INSERT INTO sala_de_aula_alunos (id, sala_id, nome_aluno, turma, created_at) VALUES ('bd96292b-5a52-44ca-9cf8-97696490667b', 'ff960c0b-7b0f-4c78-ae42-f546ce8aa034', 'NATAN VENANCIO GARCIA', '20401561400153966', '2025-08-07 23:46:22.560786+00:00');
INSERT INTO sala_de_aula_alunos (id, sala_id, nome_aluno, turma, created_at) VALUES ('89c25103-5d0a-4bd5-b811-03bac9bfa4a4', 'ff960c0b-7b0f-4c78-ae42-f546ce8aa034', 'NICOLLE GABRIELLE GARCIAS MARTINS', '20401561400153967', '2025-08-07 23:46:25.586422+00:00');
INSERT INTO sala_de_aula_alunos (id, sala_id, nome_aluno, turma, created_at) VALUES ('8152af28-8a93-46a9-87ba-ddc7476b4f82', 'ff960c0b-7b0f-4c78-ae42-f546ce8aa034', 'NICOLLY BEATRIZ DO NASCIMENTO', '20401561400153998', '2025-08-07 23:46:30.257012+00:00');
INSERT INTO sala_de_aula_alunos (id, sala_id, nome_aluno, turma, created_at) VALUES ('de31b85b-53cf-47cb-bcd5-ea630293573e', 'ff960c0b-7b0f-4c78-ae42-f546ce8aa034', 'NICOLY RAFAELY DO PRADO PINTO', '20401561400153940', '2025-08-07 23:46:34.668692+00:00');
INSERT INTO sala_de_aula_alunos (id, sala_id, nome_aluno, turma, created_at) VALUES ('16e67ee0-c7ba-461d-a047-80860ebf62cc', 'ff960c0b-7b0f-4c78-ae42-f546ce8aa034', 'PABLO DE LIMA OLIVEIRA', '20401561400154000', '2025-08-07 23:46:38.887039+00:00');
INSERT INTO sala_de_aula_alunos (id, sala_id, nome_aluno, turma, created_at) VALUES ('2c396114-73a3-4574-bfab-83e65b7a50fa', 'ff960c0b-7b0f-4c78-ae42-f546ce8aa034', 'PAULO CESAR SANTANA DE OLIVEIRA', '20401561400153872', '2025-08-07 23:46:43.799003+00:00');
INSERT INTO sala_de_aula_alunos (id, sala_id, nome_aluno, turma, created_at) VALUES ('3075f97f-f885-4dc7-a5e0-9803505fba8c', 'ff960c0b-7b0f-4c78-ae42-f546ce8aa034', 'PIETRO ESTEVAO DA ROSA', '20401561400153968', '2025-08-07 23:46:47.473308+00:00');
INSERT INTO sala_de_aula_alunos (id, sala_id, nome_aluno, turma, created_at) VALUES ('477df6ba-e19a-499d-89ea-c32504dc8191', 'ff960c0b-7b0f-4c78-ae42-f546ce8aa034', 'PIETRO GUIMARAES FERNANDES', '20401561400153873', '2025-08-07 23:46:50.404366+00:00');
INSERT INTO sala_de_aula_alunos (id, sala_id, nome_aluno, turma, created_at) VALUES ('2570219c-c452-4955-9465-85eb21819659', 'ff960c0b-7b0f-4c78-ae42-f546ce8aa034', 'RAFAELA DUMA CHIAPETTI', '20401561400153969', '2025-08-07 23:46:55.446042+00:00');
INSERT INTO sala_de_aula_alunos (id, sala_id, nome_aluno, turma, created_at) VALUES ('462599a9-defb-4068-9f9f-3187098ce6cc', 'ff960c0b-7b0f-4c78-ae42-f546ce8aa034', 'RAFAELLY DHORANA BATISTA DE ANDRADE', '20401561400154001', '2025-08-07 23:46:58.263211+00:00');
INSERT INTO sala_de_aula_alunos (id, sala_id, nome_aluno, turma, created_at) VALUES ('45859173-fe9d-4905-95c9-1db3949afccf', 'ff960c0b-7b0f-4c78-ae42-f546ce8aa034', 'RENAN BENTO DE OLIVEIRA', '20401561400153970', '2025-08-07 23:47:17.703015+00:00');
INSERT INTO sala_de_aula_alunos (id, sala_id, nome_aluno, turma, created_at) VALUES ('ac076d55-1615-47c4-ba24-d99e8391f32c', 'ff960c0b-7b0f-4c78-ae42-f546ce8aa034', 'SAMUEL CALHARES', '20401561400154004', '2025-08-07 23:49:15.918542+00:00');
INSERT INTO sala_de_aula_alunos (id, sala_id, nome_aluno, turma, created_at) VALUES ('1c0ccff9-e013-4879-a0a5-5e01b14c2bd2', 'ff960c0b-7b0f-4c78-ae42-f546ce8aa034', 'RHUAN DE LIMA DE OLIVEIRA', '20401561400153942', '2025-08-07 23:49:28.763565+00:00');
INSERT INTO sala_de_aula_alunos (id, sala_id, nome_aluno, turma, created_at) VALUES ('d0b9fb83-05cf-417a-acc6-96486a72c0ac', 'ff960c0b-7b0f-4c78-ae42-f546ce8aa034', 'RICARDO ADRIANO SANTOS CORREIA', '20401561400154002', '2025-08-07 23:49:34.070293+00:00');
INSERT INTO sala_de_aula_alunos (id, sala_id, nome_aluno, turma, created_at) VALUES ('e4c5dbb8-9efe-4e9d-9e0a-3d4c6f3dc2ca', 'ff960c0b-7b0f-4c78-ae42-f546ce8aa034', 'ROBERTO NIRAJ DIAS PETROVSKI', '20401561400153943', '2025-08-07 23:49:46.305861+00:00');
INSERT INTO sala_de_aula_alunos (id, sala_id, nome_aluno, turma, created_at) VALUES ('7ae6d5f1-1ac0-4c9c-a067-c21bfcfd9c87', 'ff960c0b-7b0f-4c78-ae42-f546ce8aa034', 'RICARDO GULCHINSKI', '20401561400154003', '2025-08-07 23:49:51.999257+00:00');
INSERT INTO sala_de_aula_alunos (id, sala_id, nome_aluno, turma, created_at) VALUES ('38f5ab33-742e-4804-ac52-5b21113dcc13', 'ff960c0b-7b0f-4c78-ae42-f546ce8aa034', 'RICARDO MARQUES DE ARRUDA', '20401561400153874', '2025-08-07 23:49:58.091901+00:00');
INSERT INTO sala_de_aula_alunos (id, sala_id, nome_aluno, turma, created_at) VALUES ('8f2ddec8-93f6-48bd-8829-4ff923e39516', 'ff960c0b-7b0f-4c78-ae42-f546ce8aa034', 'TAYLA VICTORIA DOS SANTOS ALVES', '20401561400153778', '2025-08-07 23:52:36.202336+00:00');
INSERT INTO sala_de_aula_alunos (id, sala_id, nome_aluno, turma, created_at) VALUES ('fd4f125a-704c-4ce2-a607-6ffea9cf81c6', 'ff960c0b-7b0f-4c78-ae42-f546ce8aa034', 'YAGO HENRIQUE DA SILVA FARIAS', '20401561400153973', '2025-08-07 23:52:48.020863+00:00');
INSERT INTO sala_de_aula_alunos (id, sala_id, nome_aluno, turma, created_at) VALUES ('efc54af4-e57b-4d4a-a7ac-90fe1a2cc51d', 'ff960c0b-7b0f-4c78-ae42-f546ce8aa034', 'VICTOR HUGO COSTA DO NASCIMENTO', '20401561400153972', '2025-08-07 23:52:53.199312+00:00');
INSERT INTO sala_de_aula_alunos (id, sala_id, nome_aluno, turma, created_at) VALUES ('49464b41-f361-424a-98e7-2e1e89c78783', 'ff960c0b-7b0f-4c78-ae42-f546ce8aa034', 'VALENTINA CLOCK DE ARRUDA', '20401561400153875', '2025-08-07 23:52:58.965471+00:00');
INSERT INTO sala_de_aula_alunos (id, sala_id, nome_aluno, turma, created_at) VALUES ('1ff434fe-c883-43dd-a157-2a302df0141b', 'ff960c0b-7b0f-4c78-ae42-f546ce8aa034', 'WESLEY CAUE AMARAL PINTO', '20401561400153877', '2025-08-07 23:53:05.315812+00:00');
INSERT INTO sala_de_aula_alunos (id, sala_id, nome_aluno, turma, created_at) VALUES ('fbaf3357-ac0e-44d0-abd3-f0e070890236', 'ff960c0b-7b0f-4c78-ae42-f546ce8aa034', 'VICTOR GABRIEL ESTEVAO GONCALVES', '20401561400153944', '2025-08-07 23:53:10.000070+00:00');
INSERT INTO sala_de_aula_alunos (id, sala_id, nome_aluno, turma, created_at) VALUES ('f269ae9a-a243-4ceb-8256-ac9c94650704', 'ff960c0b-7b0f-4c78-ae42-f546ce8aa034', 'VICTOR HUGO VIEIRA ROSA', '20401561400153945', '2025-08-07 23:53:14.116876+00:00');
INSERT INTO sala_de_aula_alunos (id, sala_id, nome_aluno, turma, created_at) VALUES ('ae15e723-cd40-486d-a6e1-dd2e5d992476', 'ff960c0b-7b0f-4c78-ae42-f546ce8aa034', 'VITOR MACHADO ORTIZ', '20401561400153779', '2025-08-07 23:53:18.106071+00:00');
INSERT INTO sala_de_aula_alunos (id, sala_id, nome_aluno, turma, created_at) VALUES ('984fbcb4-91c6-4d97-bcc4-cf5856da02d5', 'ff960c0b-7b0f-4c78-ae42-f546ce8aa034', 'VITOR SAMUEL BATISTA', '20401561400154007', '2025-08-07 23:53:21.714098+00:00');
INSERT INTO sala_de_aula_alunos (id, sala_id, nome_aluno, turma, created_at) VALUES ('089c5afa-11bf-4911-8469-b955fe188289', 'ff960c0b-7b0f-4c78-ae42-f546ce8aa034', 'VITOR EMANOEL NOGUEIRA PIOLA', '20401561400154006', '2025-08-07 23:53:26.379609+00:00');
INSERT INTO sala_de_aula_alunos (id, sala_id, nome_aluno, turma, created_at) VALUES ('6e684267-19e4-4bf7-9b12-ac10e34e37b8', 'ff960c0b-7b0f-4c78-ae42-f546ce8aa034', 'YASMIN KAUANY DE LIMA NOVASKI', '20401561400153976', '2025-08-07 23:55:12.367226+00:00');
INSERT INTO sala_de_aula_alunos (id, sala_id, nome_aluno, turma, created_at) VALUES ('b55dc605-b3d6-4bb6-8108-01a8bdc2fbd2', 'ff960c0b-7b0f-4c78-ae42-f546ce8aa034', 'YASMIN MARTINS FRANCO', '20401561400153946', '2025-08-07 23:55:17.666711+00:00');
INSERT INTO sala_de_aula_alunos (id, sala_id, nome_aluno, turma, created_at) VALUES ('423d785f-90eb-409f-b741-0e58f93cfbbf', 'ff960c0b-7b0f-4c78-ae42-f546ce8aa034', 'YASMIN VITORIA DE PAULA NASCIMENTO', '20401561400153878', '2025-08-07 23:55:22.144579+00:00');
INSERT INTO sala_de_aula_alunos (id, sala_id, nome_aluno, turma, created_at) VALUES ('3c2b44ad-bf73-4469-bfe2-04c46af68735', 'd0fced77-01cf-46f6-b5fc-23d1ada7b7e8', 'KAUA LUCAS HOFFMANN BORGES', '20401561400027405', '2025-08-08 14:04:10.903535+00:00');
INSERT INTO sala_de_aula_alunos (id, sala_id, nome_aluno, turma, created_at) VALUES ('893b8597-b27e-482d-a5ef-a92440a14e03', 'd0fced77-01cf-46f6-b5fc-23d1ada7b7e8', 'RAFAELLY NICOLE BATISTA', '20401561400027415', '2025-08-08 14:04:10.903535+00:00');
INSERT INTO sala_de_aula_alunos (id, sala_id, nome_aluno, turma, created_at) VALUES ('6122b07c-49f0-4cc0-9285-59cfbc0b8b08', 'd0fced77-01cf-46f6-b5fc-23d1ada7b7e8', 'HILARY MANOELE KLOSTER', '20401561400027402', '2025-08-08 14:04:10.903535+00:00');
INSERT INTO sala_de_aula_alunos (id, sala_id, nome_aluno, turma, created_at) VALUES ('5b54648f-361e-4e6a-b0c1-0d5f0402ef94', 'd0fced77-01cf-46f6-b5fc-23d1ada7b7e8', 'PEDRO HENRIQUE ROSA DOS SANTOS', '20401561400027414', '2025-08-08 14:04:10.903535+00:00');
INSERT INTO sala_de_aula_alunos (id, sala_id, nome_aluno, turma, created_at) VALUES ('4964362d-7fa6-4c86-b3a3-1448fdbb990d', 'd0fced77-01cf-46f6-b5fc-23d1ada7b7e8', 'GEAN CARLOS RODRIGUES SIQUEIRA', '20401561400027452', '2025-08-08 14:04:10.903535+00:00');
INSERT INTO sala_de_aula_alunos (id, sala_id, nome_aluno, turma, created_at) VALUES ('36e86baf-a961-49de-90b8-751a41330ca6', 'd0fced77-01cf-46f6-b5fc-23d1ada7b7e8', 'LUCAS GABRIEL ALVES BATISTA', '20401561400027406', '2025-08-08 14:04:10.903535+00:00');
INSERT INTO sala_de_aula_alunos (id, sala_id, nome_aluno, turma, created_at) VALUES ('a6e1a45d-4d0e-4ba0-9814-69b8cf21cc8d', 'd0fced77-01cf-46f6-b5fc-23d1ada7b7e8', 'MATHEUS GRUPE CICHACZ', '20401561400273037', '2025-08-08 14:04:10.903535+00:00');
INSERT INTO sala_de_aula_alunos (id, sala_id, nome_aluno, turma, created_at) VALUES ('11e30f6e-3c54-4340-a801-36db4d0d3ace', 'd0fced77-01cf-46f6-b5fc-23d1ada7b7e8', 'VINICIUS METZ DE FREITAS', '20401561400027416', '2025-08-08 14:04:10.903535+00:00');
INSERT INTO sala_de_aula_alunos (id, sala_id, nome_aluno, turma, created_at) VALUES ('7bdf5253-e3bb-41c8-bfed-b909949bf73e', 'd0fced77-01cf-46f6-b5fc-23d1ada7b7e8', 'MARIA BIANCA DE MATOS SIMAO', '20401561400027407', '2025-08-08 14:04:10.903535+00:00');
INSERT INTO sala_de_aula_alunos (id, sala_id, nome_aluno, turma, created_at) VALUES ('d763fb07-e14f-4966-abc7-bdf82f19a835', 'd0fced77-01cf-46f6-b5fc-23d1ada7b7e8', 'DIEGO CAETANO ALONCO GELINSKI', '20401561400027450', '2025-08-08 14:04:10.903535+00:00');
INSERT INTO sala_de_aula_alunos (id, sala_id, nome_aluno, turma, created_at) VALUES ('19e8099d-7bc6-4105-b32a-d86bea921fc8', 'd0fced77-01cf-46f6-b5fc-23d1ada7b7e8', 'DEBORA DE ALMEIDA BATISTA', '20401561400027449', '2025-08-08 14:04:10.903535+00:00');
INSERT INTO sala_de_aula_alunos (id, sala_id, nome_aluno, turma, created_at) VALUES ('1df2b262-8057-42cf-825a-670205ab961d', 'd0fced77-01cf-46f6-b5fc-23d1ada7b7e8', 'GIULLYA GRAEBIN DE OLIVEIRA', '20401561400027453', '2025-08-08 14:04:10.903535+00:00');
INSERT INTO sala_de_aula_alunos (id, sala_id, nome_aluno, turma, created_at) VALUES ('5a7558b8-0f5c-4f65-a1ca-cc53f449c710', 'd0fced77-01cf-46f6-b5fc-23d1ada7b7e8', 'KAUANE ALVES RODRIGUES', '20401561400273034', '2025-08-08 14:04:10.903535+00:00');
INSERT INTO sala_de_aula_alunos (id, sala_id, nome_aluno, turma, created_at) VALUES ('8210d7ce-009a-403a-92b4-148658948a3c', 'd0fced77-01cf-46f6-b5fc-23d1ada7b7e8', 'EMANUELLA PRUENCA WIRTH', '20401561400027451', '2025-08-08 14:04:10.903535+00:00');
INSERT INTO sala_de_aula_alunos (id, sala_id, nome_aluno, turma, created_at) VALUES ('54c8a17f-c957-4dda-8b46-ed2326faaa83', 'd0fced77-01cf-46f6-b5fc-23d1ada7b7e8', 'MILENA GABRIELLY BASILIO CAMARGO', '20401561400027467', '2025-08-08 14:04:10.903535+00:00');
INSERT INTO sala_de_aula_alunos (id, sala_id, nome_aluno, turma, created_at) VALUES ('041e18dc-0012-4e8b-9839-d1afbca5fdea', 'd0fced77-01cf-46f6-b5fc-23d1ada7b7e8', 'RUAN DAVI KRUGER', '20401561400273035', '2025-08-08 14:04:10.903535+00:00');
INSERT INTO sala_de_aula_alunos (id, sala_id, nome_aluno, turma, created_at) VALUES ('eadb4fa4-35f2-4339-b95e-efa840821adc', 'd0fced77-01cf-46f6-b5fc-23d1ada7b7e8', 'NATHAN GABRIEL TEIXEIRA', '20401561400027516', '2025-08-08 14:04:10.903535+00:00');
INSERT INTO sala_de_aula_alunos (id, sala_id, nome_aluno, turma, created_at) VALUES ('f6cfdb16-5fde-46d3-a2c8-d5c2eb516699', 'd0fced77-01cf-46f6-b5fc-23d1ada7b7e8', 'MARIA EDUARDA BATISTA BUENO', '20401561400027511', '2025-08-08 14:04:10.903535+00:00');
INSERT INTO sala_de_aula_alunos (id, sala_id, nome_aluno, turma, created_at) VALUES ('19552a92-5ab7-48e3-b9e6-840438734e7a', 'd0fced77-01cf-46f6-b5fc-23d1ada7b7e8', 'EMILY JULIA MARQUIM', '20401561400027500', '2025-08-08 14:04:10.903535+00:00');
INSERT INTO sala_de_aula_alunos (id, sala_id, nome_aluno, turma, created_at) VALUES ('682b1d86-b85f-4c69-96bd-bec2c7de66d4', 'd0fced77-01cf-46f6-b5fc-23d1ada7b7e8', 'WILLIAM GABRIEL CRUZ DOS SANTOS', '20401561400027473', '2025-08-08 14:04:10.903535+00:00');
INSERT INTO sala_de_aula_alunos (id, sala_id, nome_aluno, turma, created_at) VALUES ('bc7460dd-84fd-42eb-944c-0633f9dc41b7', 'd0fced77-01cf-46f6-b5fc-23d1ada7b7e8', 'MARIA CLARA APARECIDA DOS SANTOS', '20401561400027510', '2025-08-08 14:04:10.903535+00:00');
INSERT INTO sala_de_aula_alunos (id, sala_id, nome_aluno, turma, created_at) VALUES ('9e4840a6-7c74-4a96-9fe5-152cf2233dbf', 'd0fced77-01cf-46f6-b5fc-23d1ada7b7e8', 'EMILLY VITORIA NATAL', '20401561400027484', '2025-08-08 14:04:10.903535+00:00');
INSERT INTO sala_de_aula_alunos (id, sala_id, nome_aluno, turma, created_at) VALUES ('dcc6093a-095d-4515-a05d-6bfa85ee079d', 'd0fced77-01cf-46f6-b5fc-23d1ada7b7e8', 'ALANA RAFAELA SANTOS LAUREANO FIKER', '20401561400273036', '2025-08-08 14:04:10.903535+00:00');
INSERT INTO sala_de_aula_alunos (id, sala_id, nome_aluno, turma, created_at) VALUES ('fccd777e-17e7-4e68-a3c1-ff7f17fd6aed', 'd0fced77-01cf-46f6-b5fc-23d1ada7b7e8', 'ANA JULIA MARCONDES FERREIRA', '20401561400027524', '2025-08-08 14:04:10.903535+00:00');
INSERT INTO sala_de_aula_alunos (id, sala_id, nome_aluno, turma, created_at) VALUES ('46dd8ece-6f51-4ee2-8eba-9ea0c47d96b2', 'd0fced77-01cf-46f6-b5fc-23d1ada7b7e8', 'ANI VITORIA SILVA DE LIMA', '20401561400027525', '2025-08-08 14:04:10.903535+00:00');
INSERT INTO sala_de_aula_alunos (id, sala_id, nome_aluno, turma, created_at) VALUES ('923a7509-994e-445e-8629-76ce6e03769f', 'd0fced77-01cf-46f6-b5fc-23d1ada7b7e8', 'BRYAN KAUAN MOREIRA RODRIGUES', '20401561400027528', '2025-08-08 14:04:10.903535+00:00');
INSERT INTO sala_de_aula_alunos (id, sala_id, nome_aluno, turma, created_at) VALUES ('82c85d9a-ccca-495f-918a-1dbf7e37ca37', 'd0fced77-01cf-46f6-b5fc-23d1ada7b7e8', 'GABRIEL COSTA SILVA', '20401561400027530', '2025-08-08 14:04:10.903535+00:00');
INSERT INTO sala_de_aula_alunos (id, sala_id, nome_aluno, turma, created_at) VALUES ('656630f1-bd8b-457c-b3d3-f3a7cf608ba9', 'd0fced77-01cf-46f6-b5fc-23d1ada7b7e8', 'ISABELA SCHELLES RIBEIRO', '20401561400027531', '2025-08-08 14:04:10.903535+00:00');
INSERT INTO sala_de_aula_alunos (id, sala_id, nome_aluno, turma, created_at) VALUES ('ab3fda48-e730-4e5b-b9e5-453b91251977', 'd0fced77-01cf-46f6-b5fc-23d1ada7b7e8', 'LEIDIANE ANDRADE DE CAMPOS', '20401561400027536', '2025-08-08 14:04:10.903535+00:00');
INSERT INTO sala_de_aula_alunos (id, sala_id, nome_aluno, turma, created_at) VALUES ('af4101c7-77a5-46a6-bc37-83016c041861', 'd0fced77-01cf-46f6-b5fc-23d1ada7b7e8', 'MARIA ISABELA FERREIRA', '20401561400027540', '2025-08-08 14:04:10.903535+00:00');
INSERT INTO sala_de_aula_alunos (id, sala_id, nome_aluno, turma, created_at) VALUES ('28df710e-6613-46c1-9cc3-c8956fe2f307', 'd0fced77-01cf-46f6-b5fc-23d1ada7b7e8', 'LEONARDO FREITAS DOS SANTOS', '20401561400027537', '2025-08-08 14:04:10.903535+00:00');
INSERT INTO sala_de_aula_alunos (id, sala_id, nome_aluno, turma, created_at) VALUES ('26972c38-ec83-4517-9463-e0add237e64b', 'd0fced77-01cf-46f6-b5fc-23d1ada7b7e8', 'MATHIAS EDUARDO DE JESUS SANTANA', '20401561400027545', '2025-08-08 14:04:10.903535+00:00');
INSERT INTO sala_de_aula_alunos (id, sala_id, nome_aluno, turma, created_at) VALUES ('398e13ee-f3d2-44ef-813c-487bd2a80ae6', 'd0fced77-01cf-46f6-b5fc-23d1ada7b7e8', 'MAYSA CLAUDIA DE LIMA', '20401561400027546', '2025-08-08 14:04:10.903535+00:00');
INSERT INTO sala_de_aula_alunos (id, sala_id, nome_aluno, turma, created_at) VALUES ('8b9f0f48-8215-419f-96fc-6e339859fbc4', 'd0fced77-01cf-46f6-b5fc-23d1ada7b7e8', 'VALENTINA DA SILVA', '20401561400027548', '2025-08-08 14:04:10.903535+00:00');
INSERT INTO sala_de_aula_alunos (id, sala_id, nome_aluno, turma, created_at) VALUES ('3a09e251-7b3b-46b9-8391-d0db0c2f0138', 'd0fced77-01cf-46f6-b5fc-23d1ada7b7e8', 'VICTOR GABRIEL GUEDES FERREIRA', '20401561400027549', '2025-08-08 14:04:10.903535+00:00');
INSERT INTO sala_de_aula_alunos (id, sala_id, nome_aluno, turma, created_at) VALUES ('1c52b28a-4a7e-48dd-bb5e-eab6e34f36cb', 'd0fced77-01cf-46f6-b5fc-23d1ada7b7e8', 'VITORIA GABRIELA BORGES DOS SANTOS', '20401561400027551', '2025-08-08 14:04:10.903535+00:00');
INSERT INTO sala_de_aula_alunos (id, sala_id, nome_aluno, turma, created_at) VALUES ('3d46830e-29d9-4dd0-af6e-869e8bd6e969', '507a861d-2329-4e60-89e1-2fe5669d33e4', 'DUALENATAN DE SOUZA', '20401561400027371', '2025-08-08 14:16:17.347032+00:00');
INSERT INTO sala_de_aula_alunos (id, sala_id, nome_aluno, turma, created_at) VALUES ('8d5ac604-3055-4fa3-90b9-a9010a704ea4', '507a861d-2329-4e60-89e1-2fe5669d33e4', 'SAMUEL LUIS ARAUJO', '20401561400027442', '2025-08-08 14:16:17.347032+00:00');
INSERT INTO sala_de_aula_alunos (id, sala_id, nome_aluno, turma, created_at) VALUES ('797d3d60-4443-4733-8381-d56855f9d67f', '507a861d-2329-4e60-89e1-2fe5669d33e4', 'CAIO HENRIQUE DE BARROS DOS SANTOS', '20401561400027477', '2025-08-08 14:16:17.347032+00:00');
INSERT INTO sala_de_aula_alunos (id, sala_id, nome_aluno, turma, created_at) VALUES ('7e8b3075-13a4-49d7-abd0-c7ad46aa9029', '507a861d-2329-4e60-89e1-2fe5669d33e4', 'ALICYA CHRISTINA VUNCHI OPATSKI', '20401561400027474', '2025-08-08 14:16:17.347032+00:00');
INSERT INTO sala_de_aula_alunos (id, sala_id, nome_aluno, turma, created_at) VALUES ('ed3217f2-7247-4e47-b3a8-c3db639a16d2', '507a861d-2329-4e60-89e1-2fe5669d33e4', 'GABRIELLE FATIMA DE CAMPOS', '20401561400027485', '2025-08-08 14:16:17.347032+00:00');
INSERT INTO sala_de_aula_alunos (id, sala_id, nome_aluno, turma, created_at) VALUES ('91c528ec-4c8c-4194-a996-e486be3e4140', '507a861d-2329-4e60-89e1-2fe5669d33e4', 'MARIA RITA COSTA DO ROSARIO', '20401561400027492', '2025-08-08 14:16:17.347032+00:00');
INSERT INTO sala_de_aula_alunos (id, sala_id, nome_aluno, turma, created_at) VALUES ('7f0d058d-13cf-4e45-bb94-bf57a4ec80a7', 'd0fced77-01cf-46f6-b5fc-23d1ada7b7e8', 'YAN FERMINO ROCHA DE LIMA', '20401561400027417', '2025-08-08 18:19:58.733113+00:00');
INSERT INTO sala_de_aula_alunos (id, sala_id, nome_aluno, turma, created_at) VALUES ('e6e21042-2ea0-459b-b6e1-7909dd891cbf', '0ed57658-2486-40d7-9e90-cab12f5d8ff3', 'ANA VITORIA OLIVEIRA DA ROSA', '20401561400027998', '2025-08-08 19:06:23.420686+00:00');
INSERT INTO sala_de_aula_alunos (id, sala_id, nome_aluno, turma, created_at) VALUES ('307832b4-5713-42d2-be16-87d8684ed87c', '0ed57658-2486-40d7-9e90-cab12f5d8ff3', 'AMANDA LISCANO DA ROSA', '20401561400028087', '2025-08-08 19:06:23.420686+00:00');
INSERT INTO sala_de_aula_alunos (id, sala_id, nome_aluno, turma, created_at) VALUES ('89798e3c-269c-4e4f-b194-8c1f5893f814', '0ed57658-2486-40d7-9e90-cab12f5d8ff3', 'CLARA MAYSA CALDAS PRESTES', '20401561400028055', '2025-08-08 19:06:23.420686+00:00');
INSERT INTO sala_de_aula_alunos (id, sala_id, nome_aluno, turma, created_at) VALUES ('ce550707-b0bf-41ae-b6c2-fc2f2d17e2a7', '0ed57658-2486-40d7-9e90-cab12f5d8ff3', 'EMANOEL ANTUNES CHAGAS', '20401561400028092', '2025-08-08 19:06:23.420686+00:00');
INSERT INTO sala_de_aula_alunos (id, sala_id, nome_aluno, turma, created_at) VALUES ('d9256bc4-8afb-4f15-b7d3-5992fb4121d0', '0ed57658-2486-40d7-9e90-cab12f5d8ff3', 'FERNANDA FONSECA', '20401561400028098', '2025-08-08 19:06:23.420686+00:00');
INSERT INTO sala_de_aula_alunos (id, sala_id, nome_aluno, turma, created_at) VALUES ('8e41fa95-4218-4a32-8faf-60a0c26c00dc', '0ed57658-2486-40d7-9e90-cab12f5d8ff3', 'GABRIELLY LAPCZAK POISKI', '20401561400028058', '2025-08-08 19:06:23.420686+00:00');
INSERT INTO sala_de_aula_alunos (id, sala_id, nome_aluno, turma, created_at) VALUES ('0e935657-b338-40c7-be33-bb40dbcea070', '0ed57658-2486-40d7-9e90-cab12f5d8ff3', 'GEAN CARLOS VELOSO', '20401561400028007', '2025-08-08 19:06:23.420686+00:00');
INSERT INTO sala_de_aula_alunos (id, sala_id, nome_aluno, turma, created_at) VALUES ('fd27335c-04a3-44f7-a4e3-a4d7f296b9f4', '0ed57658-2486-40d7-9e90-cab12f5d8ff3', 'GUILHERME DA SILVA GONCALVES', '20401561400028059', '2025-08-08 19:06:23.420686+00:00');
INSERT INTO sala_de_aula_alunos (id, sala_id, nome_aluno, turma, created_at) VALUES ('587fa0b6-47fb-4f24-b8fe-60deca14803c', '0ed57658-2486-40d7-9e90-cab12f5d8ff3', 'GUSTAVO GABRIEL VARELLA KUSTER', '20401561400028008', '2025-08-08 19:06:23.420686+00:00');
INSERT INTO sala_de_aula_alunos (id, sala_id, nome_aluno, turma, created_at) VALUES ('e98bbd4a-3915-4a55-80b3-b5e82db1b1d1', '0ed57658-2486-40d7-9e90-cab12f5d8ff3', 'JOAO EDUARDO OLIVEIRA RATUCHNE', '20401561400028102', '2025-08-08 19:06:23.420686+00:00');
INSERT INTO sala_de_aula_alunos (id, sala_id, nome_aluno, turma, created_at) VALUES ('2acf3ada-122d-4dab-b6da-62452d8ea63d', '0ed57658-2486-40d7-9e90-cab12f5d8ff3', 'JOAO EMANUEL CHAGAS DA SILVA', '20401561400028060', '2025-08-08 19:06:23.420686+00:00');
INSERT INTO sala_de_aula_alunos (id, sala_id, nome_aluno, turma, created_at) VALUES ('066f5a0d-aea0-41ad-a1e9-d53cbd065a93', '0ed57658-2486-40d7-9e90-cab12f5d8ff3', 'JOAO VITHOR HOROCOSKI', '20401561400028064', '2025-08-08 19:06:23.420686+00:00');
INSERT INTO sala_de_aula_alunos (id, sala_id, nome_aluno, turma, created_at) VALUES ('f0990350-7c35-4762-a346-7f6e4a81c2a0', '0ed57658-2486-40d7-9e90-cab12f5d8ff3', 'JOSE AUGUSTO DOS ANJOS SILVA', '20401561400028012', '2025-08-08 19:06:23.420686+00:00');
INSERT INTO sala_de_aula_alunos (id, sala_id, nome_aluno, turma, created_at) VALUES ('7c62524a-ae86-42b8-83b0-a8d1220b311f', '0ed57658-2486-40d7-9e90-cab12f5d8ff3', 'JOSE EDUARDO MARTINS', '20401561400028065', '2025-08-08 19:06:23.420686+00:00');
INSERT INTO sala_de_aula_alunos (id, sala_id, nome_aluno, turma, created_at) VALUES ('6ac48d94-4445-4664-9a10-b9ec4fe09346', '0ed57658-2486-40d7-9e90-cab12f5d8ff3', 'KAUAN VICTOR SANTOS RODRIGUES', '20401561400028013', '2025-08-08 19:06:23.420686+00:00');
INSERT INTO sala_de_aula_alunos (id, sala_id, nome_aluno, turma, created_at) VALUES ('b33d0782-489c-45d1-b838-c673e3261670', '0ed57658-2486-40d7-9e90-cab12f5d8ff3', 'KAWELLEN ASSUNCAO DE ALMEIDA', '20401561400028068', '2025-08-08 19:06:23.420686+00:00');
INSERT INTO sala_de_aula_alunos (id, sala_id, nome_aluno, turma, created_at) VALUES ('8f224340-2dc1-4a65-9ccd-cbe9caf61fe5', '0ed57658-2486-40d7-9e90-cab12f5d8ff3', 'KERRYSSON RAY DE PAULA OLIVEIRA', '20401561400273039', '2025-08-08 19:06:23.420686+00:00');
INSERT INTO sala_de_aula_alunos (id, sala_id, nome_aluno, turma, created_at) VALUES ('8be86aec-69fa-4a80-aa54-e31d5075cd87', '0ed57658-2486-40d7-9e90-cab12f5d8ff3', 'KEVIN DIEGO GARCIA', '20401561400028069', '2025-08-08 19:06:23.420686+00:00');
INSERT INTO sala_de_aula_alunos (id, sala_id, nome_aluno, turma, created_at) VALUES ('851ec1dd-b19d-4581-9fd7-bedf0bb23c1d', '0ed57658-2486-40d7-9e90-cab12f5d8ff3', 'LAYS DOS SANTOS', '20401561400028105', '2025-08-08 19:06:23.420686+00:00');
INSERT INTO sala_de_aula_alunos (id, sala_id, nome_aluno, turma, created_at) VALUES ('b9688b8a-9cd0-4364-84d1-5ddb1b4f21bb', '0ed57658-2486-40d7-9e90-cab12f5d8ff3', 'LEONARDO RAFAEL DEXTER CORREA', '20401561400028107', '2025-08-08 19:06:23.420686+00:00');
INSERT INTO sala_de_aula_alunos (id, sala_id, nome_aluno, turma, created_at) VALUES ('6d7509e0-e514-4704-a859-2acc42ac3cec', '0ed57658-2486-40d7-9e90-cab12f5d8ff3', 'LUIZ GUILHERME CORREA DE LIMA', '20401561400028108', '2025-08-08 19:06:23.420686+00:00');
INSERT INTO sala_de_aula_alunos (id, sala_id, nome_aluno, turma, created_at) VALUES ('9df74208-f34c-4411-a9c1-bb5907e51fff', '0ed57658-2486-40d7-9e90-cab12f5d8ff3', 'MARIA CLARA MOREIRA', '20401561400028018', '2025-08-08 19:06:23.420686+00:00');
INSERT INTO sala_de_aula_alunos (id, sala_id, nome_aluno, turma, created_at) VALUES ('cbb7e257-fdaf-48a5-8764-e07473a6e2d0', '0ed57658-2486-40d7-9e90-cab12f5d8ff3', 'MARIA IZABEL OPUCHKEVICH', '20401561400028109', '2025-08-08 19:06:23.420686+00:00');
INSERT INTO sala_de_aula_alunos (id, sala_id, nome_aluno, turma, created_at) VALUES ('62a4ddba-eec7-4569-b976-f8d85004498f', '0ed57658-2486-40d7-9e90-cab12f5d8ff3', 'MATHEUS RODRIGUES DA SILVA', '20401561400028075', '2025-08-08 19:06:23.420686+00:00');
INSERT INTO sala_de_aula_alunos (id, sala_id, nome_aluno, turma, created_at) VALUES ('06d4376a-b89b-4012-aac1-b7c0a436c042', '0ed57658-2486-40d7-9e90-cab12f5d8ff3', 'MATHEUS SANTOS PEREIRA', '20401561400028111', '2025-08-08 19:06:23.420686+00:00');
INSERT INTO sala_de_aula_alunos (id, sala_id, nome_aluno, turma, created_at) VALUES ('19fbd49d-d95f-4af0-b6cf-7f5afca2ce6d', '0ed57658-2486-40d7-9e90-cab12f5d8ff3', 'MATHEUS VINICIUS SANTOS', '20401561400273040', '2025-08-08 19:06:23.420686+00:00');
INSERT INTO sala_de_aula_alunos (id, sala_id, nome_aluno, turma, created_at) VALUES ('689c44d0-148b-4b09-93d2-5cba208f922e', '0ed57658-2486-40d7-9e90-cab12f5d8ff3', 'NATALY NARLOCH', '20401561400028112', '2025-08-08 19:06:23.420686+00:00');
INSERT INTO sala_de_aula_alunos (id, sala_id, nome_aluno, turma, created_at) VALUES ('91825be7-125c-42e7-8ad6-ab29324ba383', '0ed57658-2486-40d7-9e90-cab12f5d8ff3', 'NATHALY XITIUK DE OLIVEIRA', '20401561400028020', '2025-08-08 19:06:23.420686+00:00');
INSERT INTO sala_de_aula_alunos (id, sala_id, nome_aluno, turma, created_at) VALUES ('25e4b66d-46fa-4c5b-9f8e-b6b72688f927', '0ed57658-2486-40d7-9e90-cab12f5d8ff3', 'NICOLLY VITORIA DE OLIVEIRA', '20401561400028115', '2025-08-08 19:06:23.420686+00:00');
INSERT INTO sala_de_aula_alunos (id, sala_id, nome_aluno, turma, created_at) VALUES ('defe6dd3-7c12-4795-b66c-aa1c3d406e77', '0ed57658-2486-40d7-9e90-cab12f5d8ff3', 'RAYANE KLUNK MACHADO', '20401561400028080', '2025-08-08 19:06:23.420686+00:00');
INSERT INTO sala_de_aula_alunos (id, sala_id, nome_aluno, turma, created_at) VALUES ('1652cefb-4625-4097-9720-9bb9d0b61273', '0ed57658-2486-40d7-9e90-cab12f5d8ff3', 'ROBERTA PAULA DE SOUZA', '20401561400028118', '2025-08-08 19:06:23.420686+00:00');
INSERT INTO sala_de_aula_alunos (id, sala_id, nome_aluno, turma, created_at) VALUES ('ef0012f6-64f3-49db-b0fa-a883fb97d8b7', '0ed57658-2486-40d7-9e90-cab12f5d8ff3', 'ROBERTO JUAN DE ANDRADE', '20401561400028119', '2025-08-08 19:06:23.420686+00:00');
INSERT INTO sala_de_aula_alunos (id, sala_id, nome_aluno, turma, created_at) VALUES ('49294b0a-6eb1-4a50-a81c-3cfe56acc5cc', '0ed57658-2486-40d7-9e90-cab12f5d8ff3', 'THIAGO DA FONSECA SZEREMETA', '20401561400028082', '2025-08-08 19:06:23.420686+00:00');
INSERT INTO sala_de_aula_alunos (id, sala_id, nome_aluno, turma, created_at) VALUES ('bb92712f-c105-4b8d-8332-8d44e5d2741f', '0ed57658-2486-40d7-9e90-cab12f5d8ff3', 'VINICIUS ANDRADE PRESTES', '20401561400028025', '2025-08-08 19:06:23.420686+00:00');
INSERT INTO sala_de_aula_alunos (id, sala_id, nome_aluno, turma, created_at) VALUES ('b92a740b-54b9-4955-8f88-c11a52c05c54', '0ed57658-2486-40d7-9e90-cab12f5d8ff3', 'VINICIUS DE JESUS RODRIGUES OLIVEIRA', '20401561400028026', '2025-08-08 19:06:23.420686+00:00');
INSERT INTO sala_de_aula_alunos (id, sala_id, nome_aluno, turma, created_at) VALUES ('41a81814-2df1-4e60-8e80-993f991807ff', '0ed57658-2486-40d7-9e90-cab12f5d8ff3', 'VITORIA RIBEIRO DE ARAUJO', '20401561400028028', '2025-08-08 19:06:23.420686+00:00');
INSERT INTO sala_de_aula_alunos (id, sala_id, nome_aluno, turma, created_at) VALUES ('68b99cc7-61d7-4b86-b868-db01e255871a', '9df4ba12-8cb6-4827-9103-f83dc78ff50b', 'ALISON ROBERTO WONCIKI', '20401561400028031', '2025-08-08 19:15:25.454692+00:00');
INSERT INTO sala_de_aula_alunos (id, sala_id, nome_aluno, turma, created_at) VALUES ('131f2e08-317b-499b-ba2c-75bba9bc649f', '9df4ba12-8cb6-4827-9103-f83dc78ff50b', 'AMANDA FIUZA HIRT', '20401561400027937', '2025-08-08 19:15:25.454692+00:00');
INSERT INTO sala_de_aula_alunos (id, sala_id, nome_aluno, turma, created_at) VALUES ('aae64303-bce5-4857-98e3-9cf3628e59bd', '9df4ba12-8cb6-4827-9103-f83dc78ff50b', 'ANA CAROLINA TRIANOUSKI', '20401561400027965', '2025-08-08 19:15:25.454692+00:00');
INSERT INTO sala_de_aula_alunos (id, sala_id, nome_aluno, turma, created_at) VALUES ('e44f4921-8304-4f80-85d5-dfbfdade62c7', '9df4ba12-8cb6-4827-9103-f83dc78ff50b', 'ANA JULIA DAMASIO DA SILVA', '20401561400028032', '2025-08-08 19:15:25.454692+00:00');
INSERT INTO sala_de_aula_alunos (id, sala_id, nome_aluno, turma, created_at) VALUES ('98849818-5ea8-4d0c-a5ad-9d96bd13fc82', '9df4ba12-8cb6-4827-9103-f83dc78ff50b', 'ANA LUIZA OLIVEIRA', '20401561400027968', '2025-08-08 19:15:25.454692+00:00');
INSERT INTO sala_de_aula_alunos (id, sala_id, nome_aluno, turma, created_at) VALUES ('6a9e30db-499e-4cd2-82d5-0cd319698905', '9df4ba12-8cb6-4827-9103-f83dc78ff50b', 'ANALY RODRIGUES DE OLIVEIRA', '20401561400027938', '2025-08-08 19:15:25.454692+00:00');
INSERT INTO sala_de_aula_alunos (id, sala_id, nome_aluno, turma, created_at) VALUES ('f84ef3b3-7d1b-4a2f-87e1-f8dc9841a34a', '9df4ba12-8cb6-4827-9103-f83dc78ff50b', 'ANNE KAROLYNE DE ALMEIDA RAMOS', '20401561400027971', '2025-08-08 19:15:25.454692+00:00');
INSERT INTO sala_de_aula_alunos (id, sala_id, nome_aluno, turma, created_at) VALUES ('5a48cd06-d672-4b68-827d-c067a41cde14', '9df4ba12-8cb6-4827-9103-f83dc78ff50b', 'ANTONY GABRIEL TOKARSKI PEREIRA', '20401561400027972', '2025-08-08 19:15:25.454692+00:00');
INSERT INTO sala_de_aula_alunos (id, sala_id, nome_aluno, turma, created_at) VALUES ('d92cba35-2379-478f-aa7e-ca6ed452d131', '9df4ba12-8cb6-4827-9103-f83dc78ff50b', 'CARLOS EDUARDO LEJAMBRE CASTRO', '20401561400027940', '2025-08-08 19:15:25.454692+00:00');
INSERT INTO sala_de_aula_alunos (id, sala_id, nome_aluno, turma, created_at) VALUES ('4e25d08c-baf7-4c66-8242-7a0bf55586b6', '9df4ba12-8cb6-4827-9103-f83dc78ff50b', 'BRUNO HENRIQUE FONSECA DE OLIVEIRA', '20401561400273038', '2025-08-08 19:15:25.454692+00:00');
INSERT INTO sala_de_aula_alunos (id, sala_id, nome_aluno, turma, created_at) VALUES ('787603c7-95d0-4f2a-90cc-610e3bd2ab64', '9df4ba12-8cb6-4827-9103-f83dc78ff50b', 'CAUA GABRIEL DA SILVA TELMA', '20401561400027941', '2025-08-08 19:15:25.454692+00:00');
INSERT INTO sala_de_aula_alunos (id, sala_id, nome_aluno, turma, created_at) VALUES ('56517bb8-9365-400e-b61c-5aaa4dbf8bae', '9df4ba12-8cb6-4827-9103-f83dc78ff50b', 'CHRISTIAN GABRIEL DE OLIVEIRA FERREIRA', '20401561400027942', '2025-08-08 19:15:25.454692+00:00');
INSERT INTO sala_de_aula_alunos (id, sala_id, nome_aluno, turma, created_at) VALUES ('7c275650-204a-461c-93c2-4e63f5d59b2e', '9df4ba12-8cb6-4827-9103-f83dc78ff50b', 'DELSIELLY DE RAMOS PEREIRA', '20401561400028036', '2025-08-08 19:15:25.454692+00:00');
INSERT INTO sala_de_aula_alunos (id, sala_id, nome_aluno, turma, created_at) VALUES ('78a9f444-575a-49e3-b3b5-106d37ca0b4f', '9df4ba12-8cb6-4827-9103-f83dc78ff50b', 'DENIS AUGUSTO DA SILVA FERREIRA', '20401561400027973', '2025-08-08 19:15:25.454692+00:00');
INSERT INTO sala_de_aula_alunos (id, sala_id, nome_aluno, turma, created_at) VALUES ('28987214-1938-4ea5-a01a-5ee3dbf8051a', '9df4ba12-8cb6-4827-9103-f83dc78ff50b', 'ESTHER BREHMZ TABORDA', '20401561400027974', '2025-08-08 19:15:25.454692+00:00');
INSERT INTO sala_de_aula_alunos (id, sala_id, nome_aluno, turma, created_at) VALUES ('b2dc2cee-333b-4d36-a17f-5a2da2265c4e', '9df4ba12-8cb6-4827-9103-f83dc78ff50b', 'EVANDRO CARDOSO DE LIMA', '20401561400027975', '2025-08-08 19:15:25.454692+00:00');
INSERT INTO sala_de_aula_alunos (id, sala_id, nome_aluno, turma, created_at) VALUES ('6f45feb9-d9d8-45df-9c75-cd435e3757b6', '9df4ba12-8cb6-4827-9103-f83dc78ff50b', 'EVELIN CRISTINA JUK', '20401561400027976', '2025-08-08 19:15:25.454692+00:00');
INSERT INTO sala_de_aula_alunos (id, sala_id, nome_aluno, turma, created_at) VALUES ('dc2d06ec-90ff-4f37-aee3-2a2fb96c1e7e', '9df4ba12-8cb6-4827-9103-f83dc78ff50b', 'FRANCISCO GABRIEL FERREIRA', '20401561400028037', '2025-08-08 19:15:25.454692+00:00');
INSERT INTO sala_de_aula_alunos (id, sala_id, nome_aluno, turma, created_at) VALUES ('5407da35-cbbd-48bb-859b-7cfce06961d0', '9df4ba12-8cb6-4827-9103-f83dc78ff50b', 'GABRIEL FERREIRA', '20401561400027945', '2025-08-08 19:15:25.454692+00:00');
INSERT INTO sala_de_aula_alunos (id, sala_id, nome_aluno, turma, created_at) VALUES ('3045d551-861c-48c3-9ed4-2bc8f04ea6be', '9df4ba12-8cb6-4827-9103-f83dc78ff50b', 'GABRIEL DE OLIVEIRA MACHADO', '20401561400028038', '2025-08-08 19:15:25.454692+00:00');
INSERT INTO sala_de_aula_alunos (id, sala_id, nome_aluno, turma, created_at) VALUES ('6e0c1a6c-b6e0-485e-9aa8-9ec5208c98a3', '9df4ba12-8cb6-4827-9103-f83dc78ff50b', 'GABRIEL HENRIQUE IARESKI', '20401561400028039', '2025-08-08 19:15:25.454692+00:00');
INSERT INTO sala_de_aula_alunos (id, sala_id, nome_aluno, turma, created_at) VALUES ('257c4c7b-e465-467e-bc9c-0595e3f8d84b', '9df4ba12-8cb6-4827-9103-f83dc78ff50b', 'GABRIEL HENRIQUE PENTEADO', '20401561400027978', '2025-08-08 19:15:25.454692+00:00');
INSERT INTO sala_de_aula_alunos (id, sala_id, nome_aluno, turma, created_at) VALUES ('7d7af40c-79f6-43e2-a6ec-47ac1d5a8ad9', '9df4ba12-8cb6-4827-9103-f83dc78ff50b', 'GABRIELLY CAMPOS DE ALMEIDA', '20401561400028040', '2025-08-08 19:15:25.454692+00:00');
INSERT INTO sala_de_aula_alunos (id, sala_id, nome_aluno, turma, created_at) VALUES ('0c38b58d-44f8-4096-af97-9649dec118f8', '9df4ba12-8cb6-4827-9103-f83dc78ff50b', 'GUILHERME DANIEL VARELLA KUSTER', '20401561400028041', '2025-08-08 19:15:25.454692+00:00');
INSERT INTO sala_de_aula_alunos (id, sala_id, nome_aluno, turma, created_at) VALUES ('7310822b-47d5-475e-9a67-cc352f6461fc', '9df4ba12-8cb6-4827-9103-f83dc78ff50b', 'JOAO AROLDO CORDOVA CAMARGO', '20401561400027981', '2025-08-08 19:15:25.454692+00:00');
INSERT INTO sala_de_aula_alunos (id, sala_id, nome_aluno, turma, created_at) VALUES ('29f4abe1-f513-47e1-bfd9-5155362f0e55', '9df4ba12-8cb6-4827-9103-f83dc78ff50b', 'GUILHERME MIRANDA RIBEIRO', '20401561400028042', '2025-08-08 19:15:25.454692+00:00');
INSERT INTO sala_de_aula_alunos (id, sala_id, nome_aluno, turma, created_at) VALUES ('661e977a-4ef2-47f6-a6c6-dce48bf4243c', '9df4ba12-8cb6-4827-9103-f83dc78ff50b', 'JOAO ELITOM HOPKO MACZUCHA', '20401561400273041', '2025-08-08 19:15:25.454692+00:00');
INSERT INTO sala_de_aula_alunos (id, sala_id, nome_aluno, turma, created_at) VALUES ('aba4cd00-3e0e-4cbf-9f39-6d8af1c4e1a5', '9df4ba12-8cb6-4827-9103-f83dc78ff50b', 'KAIQUE BORGES PINHEIRO', '20401561400027949', '2025-08-08 19:15:25.454692+00:00');
INSERT INTO sala_de_aula_alunos (id, sala_id, nome_aluno, turma, created_at) VALUES ('7d8a57c9-6e87-4951-b793-3728f4d80474', '9df4ba12-8cb6-4827-9103-f83dc78ff50b', 'LUANDER MIGUEL BRUGUER DA CRUZ', '20401561400027951', '2025-08-08 19:15:25.454692+00:00');
INSERT INTO sala_de_aula_alunos (id, sala_id, nome_aluno, turma, created_at) VALUES ('86d30c14-00fe-419d-b97d-9ac06c1701e4', '9df4ba12-8cb6-4827-9103-f83dc78ff50b', 'MARCOS VINICIUS JARDIM GERONIMO', '20401561400027953', '2025-08-08 19:15:25.454692+00:00');
INSERT INTO sala_de_aula_alunos (id, sala_id, nome_aluno, turma, created_at) VALUES ('c4c318f7-6879-42b9-90e5-5ce349164d37', '9df4ba12-8cb6-4827-9103-f83dc78ff50b', 'MARIA EDUARDA KULIK', '20401561400027954', '2025-08-08 19:15:25.454692+00:00');
INSERT INTO sala_de_aula_alunos (id, sala_id, nome_aluno, turma, created_at) VALUES ('8840337a-372f-4b80-8cf2-113aed37eb61', '9df4ba12-8cb6-4827-9103-f83dc78ff50b', 'MARIA VITORIA DOS SANTOS ROZARIO', '20401561400027955', '2025-08-08 19:15:25.454692+00:00');
INSERT INTO sala_de_aula_alunos (id, sala_id, nome_aluno, turma, created_at) VALUES ('75c8f636-5230-42c0-8168-fd32a561309b', '9df4ba12-8cb6-4827-9103-f83dc78ff50b', 'MARY JHEINY CORREA DE PAULA', '20401561400027956', '2025-08-08 19:15:25.454692+00:00');
INSERT INTO sala_de_aula_alunos (id, sala_id, nome_aluno, turma, created_at) VALUES ('88f48167-f55d-4ea6-be80-ba872acf7694', '9df4ba12-8cb6-4827-9103-f83dc78ff50b', 'MIGUEL PASTUCHENKO DE JESUS', '20401561400028046', '2025-08-08 19:15:25.454692+00:00');
INSERT INTO sala_de_aula_alunos (id, sala_id, nome_aluno, turma, created_at) VALUES ('ee288d37-5315-4689-bebe-42c1c8519519', '9df4ba12-8cb6-4827-9103-f83dc78ff50b', 'PEDRO HENRIQUE BLANSKI', '20401561400027989', '2025-08-08 19:15:25.454692+00:00');
INSERT INTO sala_de_aula_alunos (id, sala_id, nome_aluno, turma, created_at) VALUES ('0fcf9ddf-a613-4918-936f-ff2ef2227180', '9df4ba12-8cb6-4827-9103-f83dc78ff50b', 'NICOLLY DE LIMA BELO', '20401561400027958', '2025-08-08 19:15:25.454692+00:00');
INSERT INTO sala_de_aula_alunos (id, sala_id, nome_aluno, turma, created_at) VALUES ('a0c93c7d-b77e-4450-8431-a1c4b1dea8ee', '9df4ba12-8cb6-4827-9103-f83dc78ff50b', 'PEDRO HENRIQUE BUENO', '20401561400027990', '2025-08-08 19:15:25.454692+00:00');
INSERT INTO sala_de_aula_alunos (id, sala_id, nome_aluno, turma, created_at) VALUES ('0dd9fae4-c626-4a0e-afe3-09cb04144e41', '9df4ba12-8cb6-4827-9103-f83dc78ff50b', 'RAFAEL DE OLIVEIRA MACHADO', '20401561400028048', '2025-08-08 19:15:25.454692+00:00');
INSERT INTO sala_de_aula_alunos (id, sala_id, nome_aluno, turma, created_at) VALUES ('3c5ea24a-e436-4390-8cea-fba94538da13', '9df4ba12-8cb6-4827-9103-f83dc78ff50b', 'RAFAEL RIBEIRO RODRIGUES', '20401561400027959', '2025-08-08 19:15:25.454692+00:00');
INSERT INTO sala_de_aula_alunos (id, sala_id, nome_aluno, turma, created_at) VALUES ('b4cc5191-6b8b-411a-a5b2-b2fc2b0eaa4f', '9df4ba12-8cb6-4827-9103-f83dc78ff50b', 'RENNAN KAUE RODRIGUES ANDRADE', '20401561400027992', '2025-08-08 19:15:25.454692+00:00');
INSERT INTO sala_de_aula_alunos (id, sala_id, nome_aluno, turma, created_at) VALUES ('f8fd6406-71d1-4bb6-9bd1-6766eb37f657', '9df4ba12-8cb6-4827-9103-f83dc78ff50b', 'RILARI VITORIA CORREA GASSNER', '20401561400027993', '2025-08-08 19:15:25.454692+00:00');
INSERT INTO sala_de_aula_alunos (id, sala_id, nome_aluno, turma, created_at) VALUES ('14c0a401-79a4-443f-99b0-45d8704c8e47', '9df4ba12-8cb6-4827-9103-f83dc78ff50b', 'SARAH DO NASCIMENTO DOS SANTOS', '20401561400027962', '2025-08-08 19:15:25.454692+00:00');
INSERT INTO sala_de_aula_alunos (id, sala_id, nome_aluno, turma, created_at) VALUES ('36c271f0-bfd3-4e25-8ec9-e6153eeb9853', '9df4ba12-8cb6-4827-9103-f83dc78ff50b', 'VINICIUS RODRIGO GARCIA', '20401561400027994', '2025-08-08 19:15:25.454692+00:00');
INSERT INTO sala_de_aula_alunos (id, sala_id, nome_aluno, turma, created_at) VALUES ('1aca862e-607a-4c86-9ae0-6b964ce785c5', '9df4ba12-8cb6-4827-9103-f83dc78ff50b', 'WILLIAN SCHUPCHEK RIBAS', '20401561400027995', '2025-08-08 19:15:25.454692+00:00');
INSERT INTO sala_de_aula_alunos (id, sala_id, nome_aluno, turma, created_at) VALUES ('45fecd40-2b67-45bc-927b-3291f6c571a8', 'aa9d5648-5993-4b5a-9d07-f6bc341886e5', 'MARIA EDUARDA TITAO LOPES DE AMORIM', '20401561400210837', '2025-08-12 13:00:05.429835+00:00');
INSERT INTO sala_de_aula_alunos (id, sala_id, nome_aluno, turma, created_at) VALUES ('554ea562-8ded-482f-8df9-555b3e89259a', 'aa9d5648-5993-4b5a-9d07-f6bc341886e5', 'JULIA NARDINO TEIXEIRA', '20401561400210829', '2025-08-12 13:00:05.429835+00:00');
INSERT INTO sala_de_aula_alunos (id, sala_id, nome_aluno, turma, created_at) VALUES ('0c4918bb-5ae5-48a3-9723-8afdf3121088', 'aa9d5648-5993-4b5a-9d07-f6bc341886e5', 'DIEGO ESTEGUES KUHN', '20401561400210824', '2025-08-12 16:37:07.492982+00:00');
INSERT INTO sala_de_aula_alunos (id, sala_id, nome_aluno, turma, created_at) VALUES ('8df9954f-ec85-4642-b032-c51768dcfa5b', 'aa9d5648-5993-4b5a-9d07-f6bc341886e5', 'JOAO VITOR DA SILVA LIMA', '20401561400210828', '2025-08-12 16:38:51.826585+00:00');
INSERT INTO sala_de_aula_alunos (id, sala_id, nome_aluno, turma, created_at) VALUES ('23c89990-8ea8-4982-9e20-b55023e0a90c', 'd61324c9-dfe7-4df1-bfc5-732540f6a718', 'YAGO CONGROSSI BUENO', '20401561400210847', '2025-08-12 16:42:47.148648+00:00');
INSERT INTO sala_de_aula_alunos (id, sala_id, nome_aluno, turma, created_at) VALUES ('0a75ab3c-99bc-43ee-ba0e-03a7fb49f6d6', '7fd16bfa-ca88-478e-9bdc-8009879e6ef6', 'ELISA SANTOS FERREIRA DO VALLE', '20401561400210825', '2025-08-12 16:45:18.426427+00:00');
INSERT INTO sala_de_aula_alunos (id, sala_id, nome_aluno, turma, created_at) VALUES ('93c2193f-b652-40d2-b770-7cb2a6fbbd81', '7fd16bfa-ca88-478e-9bdc-8009879e6ef6', 'MARIA FERNANDA CHASTE', '20401561400210838', '2025-08-12 16:45:18.426427+00:00');
INSERT INTO sala_de_aula_alunos (id, sala_id, nome_aluno, turma, created_at) VALUES ('8d79edbe-da47-4411-87cb-7f0d5b333e59', '7fd16bfa-ca88-478e-9bdc-8009879e6ef6', 'RAFAELA DE OLIVEIRA PARMIGIANI', '20401561400210843', '2025-08-12 16:45:18.426427+00:00');
INSERT INTO sala_de_aula_alunos (id, sala_id, nome_aluno, turma, created_at) VALUES ('1682e2f6-8bf5-402d-8e73-c6da845ba692', '7fd16bfa-ca88-478e-9bdc-8009879e6ef6', 'YASMIN EDUARDA RAMALHO LOUTERIO', '20401561400210848', '2025-08-12 16:45:18.426427+00:00');
INSERT INTO sala_de_aula_alunos (id, sala_id, nome_aluno, turma, created_at) VALUES ('67797eed-6e72-4236-b98d-ca325f95c457', '7fd16bfa-ca88-478e-9bdc-8009879e6ef6', 'LUIZA VITORIA PAIVA PORTO VIEIRA', '20401561400276638', '2025-08-12 16:45:18.426427+00:00');
INSERT INTO sala_de_aula_alunos (id, sala_id, nome_aluno, turma, created_at) VALUES ('ec28dc9c-847e-4ac3-a9dd-d753a6c7f413', '6739057b-bd62-4267-972e-5501148b9971', 'ANGELA LOPES SIERPINSKI DUTRA', '20401561400210823', '2025-08-12 17:41:23.369713+00:00');
INSERT INTO sala_de_aula_alunos (id, sala_id, nome_aluno, turma, created_at) VALUES ('edac4d23-a222-4249-b4fb-3e48e9881ddc', '6739057b-bd62-4267-972e-5501148b9971', 'KAREN ESTHER SUBERO GONZALEZ', '20401561400210831', '2025-08-12 17:41:23.369713+00:00');
INSERT INTO sala_de_aula_alunos (id, sala_id, nome_aluno, turma, created_at) VALUES ('1c8f8b10-c0e7-459d-bddb-d1efa93c18a5', '6739057b-bd62-4267-972e-5501148b9971', 'ROGERIO WISNIEWSKI NETO', '20401561400210844', '2025-08-12 17:43:16.308614+00:00');
INSERT INTO sala_de_aula_alunos (id, sala_id, nome_aluno, turma, created_at) VALUES ('f41cde76-0353-4778-ba05-3591b3a8a60b', '994702c9-a0dd-4f67-bd65-7d740f905faf', 'LARYSSA RAFFAELA FELD RODRIGUES MARTINS', '20401561400162334', '2025-08-12 18:13:33.376603+00:00');
INSERT INTO sala_de_aula_alunos (id, sala_id, nome_aluno, turma, created_at) VALUES ('38e4a7dd-2f96-492b-95dc-99adbfb8ddef', '994702c9-a0dd-4f67-bd65-7d740f905faf', 'PEDRO HENRIQUE DOS SANTOS CASTRO', '20401561400162350', '2025-08-12 18:13:58.788984+00:00');
INSERT INTO sala_de_aula_alunos (id, sala_id, nome_aluno, turma, created_at) VALUES ('2e8748b7-be2f-47e1-ba06-07fe9a39145f', '813396a7-3d7c-4a46-864b-3b4e2f2584a3', 'ADRYAN GABRIEL FERREIRA DOS SANTOS', '20401561400162397', '2025-08-12 18:22:58.737045+00:00');
INSERT INTO sala_de_aula_alunos (id, sala_id, nome_aluno, turma, created_at) VALUES ('f08eaaf9-31ac-4545-8523-2504a7b0725e', '813396a7-3d7c-4a46-864b-3b4e2f2584a3', 'ANDRE LUIZ DA SILVA FERNANDES', '20401561400162552', '2025-08-12 18:22:58.737045+00:00');
INSERT INTO sala_de_aula_alunos (id, sala_id, nome_aluno, turma, created_at) VALUES ('2b087158-d13e-4d09-b2ee-dec7df07ebb5', '813396a7-3d7c-4a46-864b-3b4e2f2584a3', 'BRENDA VANESSA PEDRO', '20401561400162407', '2025-08-12 18:22:58.737045+00:00');
INSERT INTO sala_de_aula_alunos (id, sala_id, nome_aluno, turma, created_at) VALUES ('4f69e436-6ba6-47f7-936b-3402be62afb8', '813396a7-3d7c-4a46-864b-3b4e2f2584a3', 'BEATRIZ ANGELINA AMBONI CUSTODIO', '20401561400162405', '2025-08-12 18:22:58.737045+00:00');
INSERT INTO sala_de_aula_alunos (id, sala_id, nome_aluno, turma, created_at) VALUES ('9af46150-9a6f-4f44-9e7b-50d0ed626ce6', '813396a7-3d7c-4a46-864b-3b4e2f2584a3', 'ANA CLARA SKOROSKI', '20401561400162399', '2025-08-12 18:22:58.737045+00:00');
INSERT INTO sala_de_aula_alunos (id, sala_id, nome_aluno, turma, created_at) VALUES ('e09dafb9-dbd1-4c69-b118-d6378526ec98', '77734c8e-fdac-40be-8e3c-e07ea0df907a', 'JULIA DE OLIVEIRA', '20401561400210764', '2025-08-13 12:19:25.128047+00:00');
INSERT INTO sala_de_aula_alunos (id, sala_id, nome_aluno, turma, created_at) VALUES ('fdbeb288-5dd4-475f-815f-728f375107dc', '77734c8e-fdac-40be-8e3c-e07ea0df907a', 'CESAR AUGUSTO DECHANDT BONFIM DE OLIVEIRA', '20401561400210754', '2025-08-13 12:19:25.128047+00:00');
INSERT INTO sala_de_aula_alunos (id, sala_id, nome_aluno, turma, created_at) VALUES ('9ce5f42e-acfb-4cca-aee4-28a26c6dbe6e', '77734c8e-fdac-40be-8e3c-e07ea0df907a', 'KENZO KOSUGI', '20401561400210766', '2025-08-13 12:19:25.128047+00:00');
INSERT INTO sala_de_aula_alunos (id, sala_id, nome_aluno, turma, created_at) VALUES ('17646e7f-441e-4450-bd83-80410dd26bbc', '77734c8e-fdac-40be-8e3c-e07ea0df907a', 'LUYSA GABRIELLI AGUIAR', '20401561400210769', '2025-08-13 12:19:25.128047+00:00');
INSERT INTO sala_de_aula_alunos (id, sala_id, nome_aluno, turma, created_at) VALUES ('d4e10b11-b1ca-41d5-a4f5-e9e2d8c3779f', '7727d8fb-2a3f-4390-8139-d511a9668acf', 'MILLENA BITENCOURT GUENO', '20401561400210775', '2025-08-13 12:25:31.538231+00:00');
INSERT INTO sala_de_aula_alunos (id, sala_id, nome_aluno, turma, created_at) VALUES ('d960fa96-02d1-4199-910b-0ac136531a59', '813396a7-3d7c-4a46-864b-3b4e2f2584a3', 'YARLE RAFAEL DE ARAUJO BATISTA', '20401561400162731', '2025-08-13 15:06:14.641371+00:00');
INSERT INTO sala_de_aula_alunos (id, sala_id, nome_aluno, turma, created_at) VALUES ('bc53fcc7-a85e-4774-9e69-a454daf9a41e', '813396a7-3d7c-4a46-864b-3b4e2f2584a3', 'YARA EDUARDA DA SILVA', '20401561400162730', '2025-08-13 15:06:29.099150+00:00');
INSERT INTO sala_de_aula_alunos (id, sala_id, nome_aluno, turma, created_at) VALUES ('6fea766e-a017-44c9-b7c5-c287b98083e4', '813396a7-3d7c-4a46-864b-3b4e2f2584a3', 'JULIA MAIA RODRIGUES AYALA', '20401561400162710', '2025-08-13 15:06:42.835542+00:00');
INSERT INTO sala_de_aula_alunos (id, sala_id, nome_aluno, turma, created_at) VALUES ('c99afb52-46d6-44e5-9316-c81ed504420d', '813396a7-3d7c-4a46-864b-3b4e2f2584a3', 'FILIPE AUGUSTO SANTORO', '20401561400162743', '2025-08-13 15:07:08.403617+00:00');
INSERT INTO sala_de_aula_alunos (id, sala_id, nome_aluno, turma, created_at) VALUES ('7e29f444-0def-4cb7-af3c-1e3d57c998b4', '813396a7-3d7c-4a46-864b-3b4e2f2584a3', 'NICOLLY VITORIA NEGRAO FIDELES', '20401561400162719', '2025-08-13 15:07:31.637347+00:00');
INSERT INTO sala_de_aula_alunos (id, sala_id, nome_aluno, turma, created_at) VALUES ('fc061667-ce12-4d33-89fa-8393e1087470', '813396a7-3d7c-4a46-864b-3b4e2f2584a3', 'MARIA ELOISA RODRIGUES', '20401561400162715', '2025-08-13 15:07:54.384972+00:00');
INSERT INTO sala_de_aula_alunos (id, sala_id, nome_aluno, turma, created_at) VALUES ('d4b697bc-4cea-4f32-8c5f-0fb5cc2835f9', '813396a7-3d7c-4a46-864b-3b4e2f2584a3', 'GABRIEL JEFERSON MOREIRA DE MELLO', '20401561400162744', '2025-08-13 15:08:07.122160+00:00');
INSERT INTO sala_de_aula_alunos (id, sala_id, nome_aluno, turma, created_at) VALUES ('6e283e77-77ce-48e3-8597-9f5fb202fbef', '813396a7-3d7c-4a46-864b-3b4e2f2584a3', 'ARTHUR DOS SANTOS DA SILVA', '20401561400162735', '2025-08-13 15:08:17.508225+00:00');
INSERT INTO sala_de_aula_alunos (id, sala_id, nome_aluno, turma, created_at) VALUES ('49704b31-22e3-43a9-8928-50044fb1f66b', '813396a7-3d7c-4a46-864b-3b4e2f2584a3', 'KENZO TETSUO KUSSABA', '20401561400162570', '2025-08-13 15:08:38.434794+00:00');
INSERT INTO sala_de_aula_alunos (id, sala_id, nome_aluno, turma, created_at) VALUES ('402833fb-7133-4e3b-927a-ec5c7cfde038', '813396a7-3d7c-4a46-864b-3b4e2f2584a3', 'BRUNO ALEXANDRE DOS SANTOS', '20401561400162555', '2025-08-13 15:08:54.806645+00:00');
INSERT INTO sala_de_aula_alunos (id, sala_id, nome_aluno, turma, created_at) VALUES ('04b5cd8a-908d-4435-9c94-9bf90e4bbbc8', '994702c9-a0dd-4f67-bd65-7d740f905faf', 'GEOVANA GABRIELLE DE MOURA SOUZA', '20401561400162327', '2025-08-14 18:34:24.701072+00:00');
INSERT INTO sala_de_aula_alunos (id, sala_id, nome_aluno, turma, created_at) VALUES ('6a4362bc-9afa-4518-b6d4-f1ef6bcecfab', '994702c9-a0dd-4f67-bd65-7d740f905faf', 'MARIANA DE LOURDES MARTINS DE OLIVEIRA', '20401561400162386', '2025-08-14 18:34:42.865576+00:00');
INSERT INTO sala_de_aula_alunos (id, sala_id, nome_aluno, turma, created_at) VALUES ('736893a4-2b36-466b-8779-d9c1e610dbb6', 'd4ff4041-901d-489e-8183-fca4190c283b', 'YASMIN MASSALSKI', '20401561400210849', '2025-08-14 19:46:25.103344+00:00');
INSERT INTO sala_de_aula_alunos (id, sala_id, nome_aluno, turma, created_at) VALUES ('75b991f3-6c60-4187-9a7f-f672fd3ffa13', 'd4ff4041-901d-489e-8183-fca4190c283b', 'VANESSA STEFANIA NINO RODRIGUEZ', '20401561400210846', '2025-08-14 19:46:25.103344+00:00');
INSERT INTO sala_de_aula_alunos (id, sala_id, nome_aluno, turma, created_at) VALUES ('7c351feb-c1b4-450d-aa36-b3bdc76b3621', 'd4ff4041-901d-489e-8183-fca4190c283b', 'RAFAEL AUGUSTO NICOLOTTI MARCONDES DA SILVEIRA', '20401561400210842', '2025-08-14 19:46:25.103344+00:00');
INSERT INTO sala_de_aula_alunos (id, sala_id, nome_aluno, turma, created_at) VALUES ('9dd9e045-b78e-4d06-a4d5-948e1c79f7c5', 'd4ff4041-901d-489e-8183-fca4190c283b', 'MARIA PAULA VARELA CAMARGO', '20401561400210839', '2025-08-14 19:46:25.103344+00:00');
INSERT INTO sala_de_aula_alunos (id, sala_id, nome_aluno, turma, created_at) VALUES ('f752938d-b48f-4ba9-b6d9-10190bd57127', 'd4ff4041-901d-489e-8183-fca4190c283b', 'DIOGO SOARES GALVAO', '20401561400276637', '2025-08-14 19:46:25.103344+00:00');
INSERT INTO sala_de_aula_alunos (id, sala_id, nome_aluno, turma, created_at) VALUES ('16530d34-6395-4d66-b64a-ba751fba889c', 'd4ff4041-901d-489e-8183-fca4190c283b', 'JOAO VITOR DA SILVA LIMA', '20401561400210828', '2025-08-15 02:58:59.357127+00:00');
INSERT INTO sala_de_aula_alunos (id, sala_id, nome_aluno, turma, created_at) VALUES ('9fbacd75-f22f-4906-be37-e48e821afe2c', 'd4ff4041-901d-489e-8183-fca4190c283b', 'REBECA HADASSA PALOMO', '20401561400276639', '2025-08-15 02:59:19.598662+00:00');
INSERT INTO sala_de_aula_alunos (id, sala_id, nome_aluno, turma, created_at) VALUES ('c4541944-ff78-4445-801d-2f593344aa85', 'd4ff4041-901d-489e-8183-fca4190c283b', 'DIEGO ESTEGUES KUHN', '20401561400210824', '2025-08-15 03:02:37.770261+00:00');
INSERT INTO sala_de_aula_alunos (id, sala_id, nome_aluno, turma, created_at) VALUES ('26ffeedc-874f-4e04-8e71-4aef228e3f94', 'd4ff4041-901d-489e-8183-fca4190c283b', 'LUIZA VITORIA PAIVA PORTO VIEIRA', '20401561400276638', '2025-08-15 03:03:17.789914+00:00');
INSERT INTO sala_de_aula_alunos (id, sala_id, nome_aluno, turma, created_at) VALUES ('edfa46b1-e388-4e31-988b-5803b343f55d', '232f5153-7afc-4f49-8d98-d20b34dc39f3', 'MARIA EDUARDA TITAO LOPES DE AMORIM', '20401561400210837', '2025-08-15 03:04:36.915021+00:00');
INSERT INTO sala_de_aula_alunos (id, sala_id, nome_aluno, turma, created_at) VALUES ('f1df3e3e-2695-4179-9379-83d27c1df030', '232f5153-7afc-4f49-8d98-d20b34dc39f3', 'MARCELLY KAROLINE SANTOS SALES', '20401561400210836', '2025-08-15 03:04:36.915021+00:00');
INSERT INTO sala_de_aula_alunos (id, sala_id, nome_aluno, turma, created_at) VALUES ('f7c91db2-ebf7-4299-be91-1320118ed405', '232f5153-7afc-4f49-8d98-d20b34dc39f3', 'MURILO DELPONTE FERNANDES RIBEIRO', '20401561400210840', '2025-08-15 03:04:36.915021+00:00');
INSERT INTO sala_de_aula_alunos (id, sala_id, nome_aluno, turma, created_at) VALUES ('5f318679-4bfd-41c9-a111-c974e579b3e0', '232f5153-7afc-4f49-8d98-d20b34dc39f3', 'RUTHY PORFIRIO HOLANDA', '20401561400210845', '2025-08-15 03:04:48.982463+00:00');
INSERT INTO sala_de_aula_alunos (id, sala_id, nome_aluno, turma, created_at) VALUES ('1576286a-aae8-4561-9eed-fdab0117af31', 'f951bac9-1d9d-4ad3-b6df-8dceec5c98ef', 'ALICIA MARCIELY NASCIMENTO NEGRAO', '20401561400210822', '2025-08-15 03:09:43.570721+00:00');
INSERT INTO sala_de_aula_alunos (id, sala_id, nome_aluno, turma, created_at) VALUES ('13f98ede-8cab-4b91-a885-530fbb14eba0', 'f951bac9-1d9d-4ad3-b6df-8dceec5c98ef', 'MARIA FERNANDA CHASTE', '20401561400210838', '2025-08-15 03:09:43.570721+00:00');
INSERT INTO sala_de_aula_alunos (id, sala_id, nome_aluno, turma, created_at) VALUES ('a2cb1104-264a-4973-909e-47840aa4d517', 'f951bac9-1d9d-4ad3-b6df-8dceec5c98ef', 'RAFAELA DE OLIVEIRA PARMIGIANI', '20401561400210843', '2025-08-15 03:09:43.570721+00:00');
INSERT INTO sala_de_aula_alunos (id, sala_id, nome_aluno, turma, created_at) VALUES ('aea7641f-6947-4898-b64f-bd66891ffad1', 'f951bac9-1d9d-4ad3-b6df-8dceec5c98ef', 'EVANDRO SAMYR DO PORTO EZEQUIEL', '20401561400210826', '2025-08-15 03:09:43.570721+00:00');
INSERT INTO sala_de_aula_alunos (id, sala_id, nome_aluno, turma, created_at) VALUES ('cca1dbce-2682-48e0-9bbc-b8d2dbe9d423', 'f951bac9-1d9d-4ad3-b6df-8dceec5c98ef', 'LETICIA COLACO BERNARDI', '20401561400210832', '2025-08-15 03:09:43.570721+00:00');
INSERT INTO sala_de_aula_alunos (id, sala_id, nome_aluno, turma, created_at) VALUES ('37a6da67-feaa-4219-88d5-d983f633ab82', '14f49f19-1ac3-44d1-8fd6-32d4ce85d332', 'LUISMER JOSE URRIETA ARREAZA', '20401561400210835', '2025-08-15 03:11:43.874131+00:00');
INSERT INTO sala_de_aula_alunos (id, sala_id, nome_aluno, turma, created_at) VALUES ('23c4676a-3243-45a6-b247-0d48561a1a1d', '14f49f19-1ac3-44d1-8fd6-32d4ce85d332', 'PAULA VICTORIA LOPES BOTAN', '20401561400210841', '2025-08-15 03:11:43.874131+00:00');
INSERT INTO sala_de_aula_alunos (id, sala_id, nome_aluno, turma, created_at) VALUES ('4707327d-3b2d-4c05-86ef-42b93f2af9d5', '14f49f19-1ac3-44d1-8fd6-32d4ce85d332', 'ANGELA LOPES SIERPINSKI DUTRA', '20401561400210823', '2025-08-15 03:11:43.874131+00:00');
INSERT INTO sala_de_aula_alunos (id, sala_id, nome_aluno, turma, created_at) VALUES ('19ce6dc7-6da5-4aa4-b8db-380a405f9b7b', '14f49f19-1ac3-44d1-8fd6-32d4ce85d332', 'ROGERIO WISNIEWSKI NETO', '20401561400210844', '2025-08-15 03:11:43.874131+00:00');
INSERT INTO sala_de_aula_alunos (id, sala_id, nome_aluno, turma, created_at) VALUES ('b583b3cf-ccbd-461d-8a5e-beeb9876eeec', '14f49f19-1ac3-44d1-8fd6-32d4ce85d332', 'KAREN ESTHER SUBERO GONZALEZ', '20401561400210831', '2025-08-15 03:11:43.874131+00:00');
INSERT INTO sala_de_aula_alunos (id, sala_id, nome_aluno, turma, created_at) VALUES ('ed6a5072-63f1-4f33-b81f-d5641137788e', 'f951bac9-1d9d-4ad3-b6df-8dceec5c98ef', 'JULIA NARDINO TEIXEIRA', '20401561400210829', '2025-08-15 03:13:25.899625+00:00');
INSERT INTO sala_de_aula_alunos (id, sala_id, nome_aluno, turma, created_at) VALUES ('9f24b5fe-bb28-4b8c-9ab9-8273690d4c40', '232f5153-7afc-4f49-8d98-d20b34dc39f3', 'YASMIN EDUARDA RAMALHO LOUTERIO', '20401561400210848', '2025-08-15 03:13:57.350605+00:00');
INSERT INTO sala_de_aula_alunos (id, sala_id, nome_aluno, turma, created_at) VALUES ('cf498447-2c63-40fe-bdf3-47e3a91c840b', '232f5153-7afc-4f49-8d98-d20b34dc39f3', 'ELISA SANTOS FERREIRA DO VALLE', '20401561400210825', '2025-08-15 03:14:42.143089+00:00');
INSERT INTO sala_de_aula_alunos (id, sala_id, nome_aluno, turma, created_at) VALUES ('81dc00bd-5f66-49e9-b9b3-65a00d81f629', '14f49f19-1ac3-44d1-8fd6-32d4ce85d332', 'YAGO PRESTES CAMPOS DE ASSIS', '20401561400276640', '2025-08-15 03:19:26.606661+00:00');
INSERT INTO sala_de_aula_alunos (id, sala_id, nome_aluno, turma, created_at) VALUES ('f993a115-782a-4547-bc48-a6b23013ea59', '14f49f19-1ac3-44d1-8fd6-32d4ce85d332', 'DAVI FERNANDO SILVA', '20401561400273030', '2025-08-15 03:20:19.972431+00:00');
INSERT INTO sala_de_aula_alunos (id, sala_id, nome_aluno, turma, created_at) VALUES ('e167f748-d488-446f-8876-f715cb433121', '14f49f19-1ac3-44d1-8fd6-32d4ce85d332', 'MATHEUS FELIPE ZACARKIN BERGO', '20401561400273030', '2025-08-15 03:20:30.186414+00:00');
INSERT INTO sala_de_aula_alunos (id, sala_id, nome_aluno, turma, created_at) VALUES ('83e99b87-e2f7-4dda-a038-a08d94eb1593', '302b0662-bb10-4cef-b5af-53b61fd9792b', 'EDUARDO JOSE DA COSTA', '20401561400210756', '2025-08-15 03:25:48.370333+00:00');
INSERT INTO sala_de_aula_alunos (id, sala_id, nome_aluno, turma, created_at) VALUES ('816128f9-222c-471a-b311-5df1c08e857e', '302b0662-bb10-4cef-b5af-53b61fd9792b', 'MILLENA BITENCOURT GUENO', '20401561400210775', '2025-08-15 03:25:48.370333+00:00');
INSERT INTO sala_de_aula_alunos (id, sala_id, nome_aluno, turma, created_at) VALUES ('ded425fc-05f0-4da7-8448-be044608b4d9', '302b0662-bb10-4cef-b5af-53b61fd9792b', 'RUAN EDUARDO ESCOBAR', '20401561400210778', '2025-08-15 03:25:48.370333+00:00');
INSERT INTO sala_de_aula_alunos (id, sala_id, nome_aluno, turma, created_at) VALUES ('cd00e56f-9084-4272-9de5-719f24a584b1', '302b0662-bb10-4cef-b5af-53b61fd9792b', 'VICENZO DE MORAES DUVALE', '20401561400210780', '2025-08-15 03:25:48.370333+00:00');
INSERT INTO sala_de_aula_alunos (id, sala_id, nome_aluno, turma, created_at) VALUES ('a51a3769-2ca8-4c6c-9f39-af9f69a8e0df', '302b0662-bb10-4cef-b5af-53b61fd9792b', 'RYANA MARTINS', '20401561400276636', '2025-08-15 03:25:48.370333+00:00');
INSERT INTO sala_de_aula_alunos (id, sala_id, nome_aluno, turma, created_at) VALUES ('b97accfa-3b1b-44d7-8ef6-8a19f5aa8db6', '302b0662-bb10-4cef-b5af-53b61fd9792b', 'CARLOS ROBERTO ZANETTI', '20401561400210753', '2025-08-15 03:25:48.370333+00:00');
INSERT INTO sala_de_aula_alunos (id, sala_id, nome_aluno, turma, created_at) VALUES ('32e3f3e8-42ef-4f2d-abca-ff249800fc07', '302b0662-bb10-4cef-b5af-53b61fd9792b', 'LEANDRO RIBAS DA SILVA', '20401561400210767', '2025-08-15 03:25:48.370333+00:00');
INSERT INTO sala_de_aula_alunos (id, sala_id, nome_aluno, turma, created_at) VALUES ('028b8d49-615b-4d8f-8915-f3ef8aca1467', '302b0662-bb10-4cef-b5af-53b61fd9792b', 'CESAR AUGUSTO DECHANDT BONFIM DE OLIVEIRA', '20401561400210754', '2025-08-15 03:25:48.370333+00:00');
INSERT INTO sala_de_aula_alunos (id, sala_id, nome_aluno, turma, created_at) VALUES ('3ce38269-ef32-4371-a27b-5375355c4a5a', '302b0662-bb10-4cef-b5af-53b61fd9792b', 'RAUL LEOPOLDO FERREIRA COLACO', '20401561400210777', '2025-08-15 03:25:48.370333+00:00');
INSERT INTO sala_de_aula_alunos (id, sala_id, nome_aluno, turma, created_at) VALUES ('7329f4e6-1594-4fbb-8ae8-2fd8009b4388', '302b0662-bb10-4cef-b5af-53b61fd9792b', 'DANIELA SOFIA MORENO HERNANDEZ', '20401561400210755', '2025-08-15 03:25:48.370333+00:00');
INSERT INTO sala_de_aula_alunos (id, sala_id, nome_aluno, turma, created_at) VALUES ('5dec2038-3200-4016-b976-b78c477a5c71', '302b0662-bb10-4cef-b5af-53b61fd9792b', 'KENZO KOSUGI', '20401561400210766', '2025-08-15 03:25:48.370333+00:00');
INSERT INTO sala_de_aula_alunos (id, sala_id, nome_aluno, turma, created_at) VALUES ('8d255ec9-5547-4051-8874-041971e9c635', '03792e5a-c411-4cd9-b7d5-96bbb3bb2135', 'JUAN KRACHINSKI NABAS RIOS', '20401561400210762', '2025-08-15 03:28:10.271950+00:00');
INSERT INTO sala_de_aula_alunos (id, sala_id, nome_aluno, turma, created_at) VALUES ('a584a0cb-ebdc-4b13-89e4-1bedfb43803d', '03792e5a-c411-4cd9-b7d5-96bbb3bb2135', 'LAURA FRANKOWSKI', '20401561400273030', '2025-08-15 03:28:10.271950+00:00');
INSERT INTO sala_de_aula_alunos (id, sala_id, nome_aluno, turma, created_at) VALUES ('d78fd614-d114-459e-8938-7d10d7618fa1', '03792e5a-c411-4cd9-b7d5-96bbb3bb2135', 'MANUELA LEAH SCHLOEGL MELLO', '20401561400273030', '2025-08-15 03:28:10.271950+00:00');
INSERT INTO sala_de_aula_alunos (id, sala_id, nome_aluno, turma, created_at) VALUES ('34e0fe7c-f9af-44b3-8714-fae8d17be303', '03792e5a-c411-4cd9-b7d5-96bbb3bb2135', 'JUAN PEDRO CIBILS', '20401561400210763', '2025-08-15 03:28:10.271950+00:00');
INSERT INTO sala_de_aula_alunos (id, sala_id, nome_aluno, turma, created_at) VALUES ('e67611b1-d5d7-477a-9014-0ddea37024ae', '03792e5a-c411-4cd9-b7d5-96bbb3bb2135', 'JULIA DE OLIVEIRA', '20401561400210764', '2025-08-15 03:29:40.185858+00:00');
INSERT INTO sala_de_aula_alunos (id, sala_id, nome_aluno, turma, created_at) VALUES ('b1aff960-1841-4bcc-a9d0-bacecda65d38', '03792e5a-c411-4cd9-b7d5-96bbb3bb2135', 'KAUANE JAMILLY DE SOUZA', '20401561400210765', '2025-08-15 03:31:20.090025+00:00');
INSERT INTO sala_de_aula_alunos (id, sala_id, nome_aluno, turma, created_at) VALUES ('b1ce374e-dd51-4f19-8302-4b06e45b7200', '0c02f760-cffd-4c4d-a3b1-4d60ace3f791', 'MARIA FERNANDA FERREIRA HIDALGO', '20401561400210771', '2025-08-15 03:33:29.595015+00:00');
INSERT INTO sala_de_aula_alunos (id, sala_id, nome_aluno, turma, created_at) VALUES ('f2af7fcf-d89a-48cd-9b2a-5311c2592e4e', '0c02f760-cffd-4c4d-a3b1-4d60ace3f791', 'NICOLAS GABRIEL DA SILVA CARNEIRO', '20401561400210776', '2025-08-15 03:33:29.595015+00:00');
INSERT INTO sala_de_aula_alunos (id, sala_id, nome_aluno, turma, created_at) VALUES ('653ad2b5-332f-49de-9dc7-739e5a720619', '0c02f760-cffd-4c4d-a3b1-4d60ace3f791', 'FELIPE EDUARDO DO O DE PAULA', '20401561400210758', '2025-08-15 03:33:29.595015+00:00');
INSERT INTO sala_de_aula_alunos (id, sala_id, nome_aluno, turma, created_at) VALUES ('5d152b39-04ee-4af2-827e-2421237d955d', '0c02f760-cffd-4c4d-a3b1-4d60ace3f791', 'BRUNO EDISON PURKOTT BARBOSA', '20401561400210751', '2025-08-15 03:33:29.595015+00:00');
INSERT INTO sala_de_aula_alunos (id, sala_id, nome_aluno, turma, created_at) VALUES ('25b8c414-93f5-488d-98d8-5026111e8799', '0c02f760-cffd-4c4d-a3b1-4d60ace3f791', 'LAIS BERTO PINHEIRO', '20401561400273030', '2025-08-15 03:36:36.386265+00:00');
INSERT INTO sala_de_aula_alunos (id, sala_id, nome_aluno, turma, created_at) VALUES ('44cffecd-603b-4d98-b460-6547a1d6b858', 'f951bac9-1d9d-4ad3-b6df-8dceec5c98ef', 'AGATA LORENA JACOB SIMAS CORDEIRO', '20401561400210821', '2025-08-15 03:38:05.290953+00:00');
INSERT INTO sala_de_aula_alunos (id, sala_id, nome_aluno, turma, created_at) VALUES ('f2a73459-a933-448e-816d-7a3aec53061b', 'e9adb05c-a46f-4949-9341-fcad06367f3c', 'MELLYSSA DOS SANTOS DE OLIVEIRA', '20401561400210773', '2025-08-15 03:41:53.814719+00:00');
INSERT INTO sala_de_aula_alunos (id, sala_id, nome_aluno, turma, created_at) VALUES ('f3b4d8af-5aa2-40da-8dc0-da7ed10a3bfc', 'e9adb05c-a46f-4949-9341-fcad06367f3c', 'DANIEL FELIPE PRESTES DOS SANTOS', '20401561400276635', '2025-08-15 03:41:53.814719+00:00');
INSERT INTO sala_de_aula_alunos (id, sala_id, nome_aluno, turma, created_at) VALUES ('f3cf2be9-ee97-4496-b83d-5989d1eaddf0', 'e9adb05c-a46f-4949-9341-fcad06367f3c', 'MALCON NOA GOMES DE LIMA', '20401561400210770', '2025-08-15 03:41:53.814719+00:00');
INSERT INTO sala_de_aula_alunos (id, sala_id, nome_aluno, turma, created_at) VALUES ('6122fd60-e7fc-4145-b2b5-e19ecd5ae535', 'e9adb05c-a46f-4949-9341-fcad06367f3c', 'NICOLAS GABRIEL DA SILVA CARNEIRO', '20401561400210776', '2025-08-15 03:41:53.814719+00:00');
INSERT INTO sala_de_aula_alunos (id, sala_id, nome_aluno, turma, created_at) VALUES ('3a3e9733-53bb-4381-859d-458278db4a5a', 'e9adb05c-a46f-4949-9341-fcad06367f3c', 'ANA VITORIA DE OLIVEIRA ANDRADE', '20401561400210750', '2025-08-15 03:41:53.814719+00:00');
INSERT INTO sala_de_aula_alunos (id, sala_id, nome_aluno, turma, created_at) VALUES ('d348d648-dd73-4f8c-933f-616a359c9fee', 'e9adb05c-a46f-4949-9341-fcad06367f3c', 'GUSTAVO DE LUCA ABRANTES', '20401561400210760', '2025-08-15 03:41:53.814719+00:00');
INSERT INTO sala_de_aula_alunos (id, sala_id, nome_aluno, turma, created_at) VALUES ('9d57903a-9cc9-4feb-bb1f-5a80c09ae873', 'e9adb05c-a46f-4949-9341-fcad06367f3c', 'GABRIEL DE ALMEIDA ULMER', '20401561400210759', '2025-08-15 03:41:53.814719+00:00');
INSERT INTO sala_de_aula_alunos (id, sala_id, nome_aluno, turma, created_at) VALUES ('ceeadcd9-a3e0-49b9-8a96-2e7e83dcb003', 'e9adb05c-a46f-4949-9341-fcad06367f3c', 'JOAO LUCAS DE LIMA DE OLIVEIRA', '20401561400210761', '2025-08-15 03:41:53.814719+00:00');
INSERT INTO sala_de_aula_alunos (id, sala_id, nome_aluno, turma, created_at) VALUES ('0c7b71d4-6701-4474-80f9-66986e779b67', 'e9adb05c-a46f-4949-9341-fcad06367f3c', 'LUYSA GABRIELLI AGUIAR', '20401561400210769', '2025-08-15 03:41:53.814719+00:00');
INSERT INTO sala_de_aula_alunos (id, sala_id, nome_aluno, turma, created_at) VALUES ('66db750d-659b-4cc0-85f2-f97bcbf9b27d', 'aa9d5648-5993-4b5a-9d07-f6bc341886e5', 'LETICIA COLACO BERNARDI', '20401561400210832', '2025-08-15 12:02:47.240028+00:00');
INSERT INTO sala_de_aula_alunos (id, sala_id, nome_aluno, turma, created_at) VALUES ('8847526b-d045-4d43-b5b9-52d5737e113c', 'aa9d5648-5993-4b5a-9d07-f6bc341886e5', 'MARCELLY KAROLINE SANTOS SALES', '20401561400210836', '2025-08-15 12:02:59.894319+00:00');
INSERT INTO sala_de_aula_alunos (id, sala_id, nome_aluno, turma, created_at) VALUES ('ea7a17f3-5f78-498a-92cf-1ed51c2f73a5', 'aa9d5648-5993-4b5a-9d07-f6bc341886e5', 'RAFAEL AUGUSTO NICOLOTTI MARCONDES DA SILVEIRA', '20401561400210842', '2025-08-15 12:03:17.203819+00:00');
INSERT INTO sala_de_aula_alunos (id, sala_id, nome_aluno, turma, created_at) VALUES ('2a4eefc2-6de6-48da-86b8-01eecf052cd4', 'aa9d5648-5993-4b5a-9d07-f6bc341886e5', 'RUTHY PORFIRIO HOLANDA', '20401561400210845', '2025-08-15 12:03:40.231289+00:00');
INSERT INTO sala_de_aula_alunos (id, sala_id, nome_aluno, turma, created_at) VALUES ('77974e2e-8813-4531-9883-f71d2152b4e7', 'd61324c9-dfe7-4df1-bfc5-732540f6a718', 'ARYANNE KAYRA PEREIRA MIRANDA', '20401561400273030', '2025-08-15 12:05:11.743952+00:00');
INSERT INTO sala_de_aula_alunos (id, sala_id, nome_aluno, turma, created_at) VALUES ('5e4e783b-c3c8-41d1-ab93-da87dc026dba', 'd61324c9-dfe7-4df1-bfc5-732540f6a718', 'ALICIA MARCIELY NASCIMENTO NEGRAO', '20401561400210822', '2025-08-15 12:05:34.454910+00:00');
INSERT INTO sala_de_aula_alunos (id, sala_id, nome_aluno, turma, created_at) VALUES ('c651a753-cce6-4722-829b-9f3677b6abfc', 'd61324c9-dfe7-4df1-bfc5-732540f6a718', 'REBECA HADASSA PALOMO', '20401561400276639', '2025-08-15 12:05:44.882529+00:00');
INSERT INTO sala_de_aula_alunos (id, sala_id, nome_aluno, turma, created_at) VALUES ('38639764-d951-47e1-abdb-8c074cd511f4', 'd61324c9-dfe7-4df1-bfc5-732540f6a718', 'MARIA PAULA VARELA CAMARGO', '20401561400210839', '2025-08-15 12:06:04.829562+00:00');
INSERT INTO sala_de_aula_alunos (id, sala_id, nome_aluno, turma, created_at) VALUES ('d09cd2d8-d6e6-42a5-8ad5-63ce77d01eec', 'd61324c9-dfe7-4df1-bfc5-732540f6a718', 'MURILO DELPONTE FERNANDES RIBEIRO', '20401561400210840', '2025-08-15 12:06:35.815774+00:00');
INSERT INTO sala_de_aula_alunos (id, sala_id, nome_aluno, turma, created_at) VALUES ('d27dbfde-f4cf-433b-8afa-314a91a6c37a', 'd61324c9-dfe7-4df1-bfc5-732540f6a718', 'VANESSA STEFANIA NINO RODRIGUEZ', '20401561400210846', '2025-08-15 12:06:49.575314+00:00');
INSERT INTO sala_de_aula_alunos (id, sala_id, nome_aluno, turma, created_at) VALUES ('4a8e39c5-928d-4117-9d0b-238155be5bda', 'd61324c9-dfe7-4df1-bfc5-732540f6a718', 'YASMIN MASSALSKI', '20401561400210849', '2025-08-15 12:07:03.674134+00:00');
INSERT INTO sala_de_aula_alunos (id, sala_id, nome_aluno, turma, created_at) VALUES ('a354fede-36b1-4e4d-a943-ba51bfabe8bf', 'd61324c9-dfe7-4df1-bfc5-732540f6a718', 'YAGO PRESTES CAMPOS DE ASSIS', '20401561400276640', '2025-08-15 12:07:20.922321+00:00');
INSERT INTO sala_de_aula_alunos (id, sala_id, nome_aluno, turma, created_at) VALUES ('fa786747-f168-4a1c-90d9-06d05381196c', '7fd16bfa-ca88-478e-9bdc-8009879e6ef6', 'AGATA LORENA JACOB SIMAS CORDEIRO', '20401561400210821', '2025-08-15 12:08:37.703039+00:00');
INSERT INTO sala_de_aula_alunos (id, sala_id, nome_aluno, turma, created_at) VALUES ('1c03f8dd-7900-4f9a-97ab-79ccf7a6981b', '7fd16bfa-ca88-478e-9bdc-8009879e6ef6', 'EVANDRO SAMYR DO PORTO EZEQUIEL', '20401561400210826', '2025-08-15 12:08:46.888321+00:00');
INSERT INTO sala_de_aula_alunos (id, sala_id, nome_aluno, turma, created_at) VALUES ('91ea4ef8-6fa0-4371-8ad1-e7e4e86e7ffd', '7fd16bfa-ca88-478e-9bdc-8009879e6ef6', 'JULIANE RODRIGUES DE MATOS', '20401561400210830', '2025-08-15 12:09:00.216857+00:00');
INSERT INTO sala_de_aula_alunos (id, sala_id, nome_aluno, turma, created_at) VALUES ('4fc4ee8b-4539-4ba7-b059-5de49508c23f', '7fd16bfa-ca88-478e-9bdc-8009879e6ef6', 'LUCIA ISABELLA LEITH MARQUES', '20401561400210834', '2025-08-15 12:09:13.630675+00:00');
INSERT INTO sala_de_aula_alunos (id, sala_id, nome_aluno, turma, created_at) VALUES ('7f4b314b-16e8-45b6-b7eb-c9117175bfb6', '7fd16bfa-ca88-478e-9bdc-8009879e6ef6', 'LUISMER JOSE URRIETA ARREAZA', '20401561400210835', '2025-08-15 12:09:25.127422+00:00');
INSERT INTO sala_de_aula_alunos (id, sala_id, nome_aluno, turma, created_at) VALUES ('6001199c-fb65-4778-a19c-5e7f2170c4f9', '7fd16bfa-ca88-478e-9bdc-8009879e6ef6', 'PAULA VICTORIA LOPES BOTAN', '20401561400210841', '2025-08-15 12:12:20.069042+00:00');
INSERT INTO sala_de_aula_alunos (id, sala_id, nome_aluno, turma, created_at) VALUES ('ce2d8b95-3af8-40eb-8595-2aab7906a66c', '6739057b-bd62-4267-972e-5501148b9971', 'ISADORA SOPHIA PIRES', '20401561400210827', '2025-08-15 12:14:11.016856+00:00');
INSERT INTO sala_de_aula_alunos (id, sala_id, nome_aluno, turma, created_at) VALUES ('1d6817ef-8e0f-48e9-a8cd-3f8b245c0ff5', '6739057b-bd62-4267-972e-5501148b9971', 'LETICIA VICTORIA WEIGERT DOS SANTOS', '20401561400210833', '2025-08-15 12:14:25.783660+00:00');
INSERT INTO sala_de_aula_alunos (id, sala_id, nome_aluno, turma, created_at) VALUES ('2895adfc-3c82-4edc-b349-5094b171bf3c', '6739057b-bd62-4267-972e-5501148b9971', 'DIOGO SOARES GALVAO', '20401561400276637', '2025-08-15 12:14:38.315650+00:00');
INSERT INTO sala_de_aula_alunos (id, sala_id, nome_aluno, turma, created_at) VALUES ('2b844fed-6e55-45f8-b46b-bea39b71f7fb', '6739057b-bd62-4267-972e-5501148b9971', 'DAVI FERNANDO SILVA', '20401561400273030', '2025-08-15 12:14:53.356668+00:00');
INSERT INTO sala_de_aula_alunos (id, sala_id, nome_aluno, turma, created_at) VALUES ('911cd2de-63a8-41d2-869e-46fce86ef38a', '77734c8e-fdac-40be-8e3c-e07ea0df907a', 'CARLOS ROBERTO ZANETTI', '20401561400210753', '2025-08-15 12:16:03.306112+00:00');
INSERT INTO sala_de_aula_alunos (id, sala_id, nome_aluno, turma, created_at) VALUES ('76577cfe-f469-47d0-863b-1bcca8c18249', '77734c8e-fdac-40be-8e3c-e07ea0df907a', 'EDUARDO JOSE DA COSTA', '20401561400210756', '2025-08-15 12:16:12.451558+00:00');
INSERT INTO sala_de_aula_alunos (id, sala_id, nome_aluno, turma, created_at) VALUES ('a2386c41-d1f9-4d2c-8dc5-93bc3f92dced', '77734c8e-fdac-40be-8e3c-e07ea0df907a', 'GUSTAVO DE LUCA ABRANTES', '20401561400210760', '2025-08-15 12:16:18.931377+00:00');
INSERT INTO sala_de_aula_alunos (id, sala_id, nome_aluno, turma, created_at) VALUES ('8469f7c2-95bb-4374-88c5-7673f41f78d8', '77734c8e-fdac-40be-8e3c-e07ea0df907a', 'LEANDRO RIBAS DA SILVA', '20401561400210767', '2025-08-15 12:16:41.076431+00:00');
INSERT INTO sala_de_aula_alunos (id, sala_id, nome_aluno, turma, created_at) VALUES ('eab8eeaf-cc9b-4740-849b-6719eaec2b64', '77734c8e-fdac-40be-8e3c-e07ea0df907a', 'MALCON NOA GOMES DE LIMA', '20401561400210770', '2025-08-15 12:17:33.044565+00:00');
INSERT INTO sala_de_aula_alunos (id, sala_id, nome_aluno, turma, created_at) VALUES ('92b09ed3-885e-49e0-977d-84876c1b5db6', '7727d8fb-2a3f-4390-8139-d511a9668acf', 'BRUNO EDISON PURKOTT BARBOSA', '20401561400210751', '2025-08-15 12:20:31.897649+00:00');
INSERT INTO sala_de_aula_alunos (id, sala_id, nome_aluno, turma, created_at) VALUES ('23c61cb4-63a1-48b8-b911-df282a930417', '7727d8fb-2a3f-4390-8139-d511a9668acf', 'CAIO STACECHEN OGASAWARA', '20401561400210752', '2025-08-15 12:20:37.430724+00:00');
INSERT INTO sala_de_aula_alunos (id, sala_id, nome_aluno, turma, created_at) VALUES ('4752ef6f-2b62-40f9-8719-2e9e55238b67', '7727d8fb-2a3f-4390-8139-d511a9668acf', 'DANIELA SOFIA MORENO HERNANDEZ', '20401561400210755', '2025-08-15 12:20:43.895133+00:00');
INSERT INTO sala_de_aula_alunos (id, sala_id, nome_aluno, turma, created_at) VALUES ('0d5be56b-e01c-41a3-9590-d4319859cb6e', '7727d8fb-2a3f-4390-8139-d511a9668acf', 'FELIPE EDUARDO DO O DE PAULA', '20401561400210758', '2025-08-15 12:20:52.445118+00:00');
INSERT INTO sala_de_aula_alunos (id, sala_id, nome_aluno, turma, created_at) VALUES ('2c76b1b0-38ce-4231-b339-1ac78a3f7718', '7727d8fb-2a3f-4390-8139-d511a9668acf', 'JUAN KRACHINSKI NABAS RIOS', '20401561400210762', '2025-08-15 12:21:07.660893+00:00');
INSERT INTO sala_de_aula_alunos (id, sala_id, nome_aluno, turma, created_at) VALUES ('f325d3ae-f635-4534-85d2-b1ded51d9167', '7727d8fb-2a3f-4390-8139-d511a9668acf', 'NICOLAS GABRIEL DA SILVA CARNEIRO', '20401561400210776', '2025-08-15 12:23:14.770739+00:00');
INSERT INTO sala_de_aula_alunos (id, sala_id, nome_aluno, turma, created_at) VALUES ('92af35ce-887d-490b-b069-7fe522587ac6', 'f13cefa1-6bf5-4f7a-9f82-1b942fbda74d', 'GABRIEL DE ALMEIDA ULMER', '20401561400210759', '2025-08-15 12:25:55.532067+00:00');
INSERT INTO sala_de_aula_alunos (id, sala_id, nome_aluno, turma, created_at) VALUES ('ac498004-43e8-4aad-b914-fa330cd8e5cd', 'f13cefa1-6bf5-4f7a-9f82-1b942fbda74d', 'JOAO LUCAS DE LIMA DE OLIVEIRA', '20401561400210761', '2025-08-15 12:26:09.547946+00:00');
INSERT INTO sala_de_aula_alunos (id, sala_id, nome_aluno, turma, created_at) VALUES ('b40dd5b6-9235-43bf-9d9e-2b3e91176dbe', 'f13cefa1-6bf5-4f7a-9f82-1b942fbda74d', 'JUAN PEDRO CIBILS', '20401561400210763', '2025-08-15 12:26:23.901245+00:00');
INSERT INTO sala_de_aula_alunos (id, sala_id, nome_aluno, turma, created_at) VALUES ('dc4c0faf-7f6e-4087-aff8-9e009f369c0d', 'f13cefa1-6bf5-4f7a-9f82-1b942fbda74d', 'KAUANE JAMILLY DE SOUZA', '20401561400210765', '2025-08-15 12:26:34.121620+00:00');
INSERT INTO sala_de_aula_alunos (id, sala_id, nome_aluno, turma, created_at) VALUES ('124f7ae1-6892-47f5-8195-2e4b9defa7e2', 'f13cefa1-6bf5-4f7a-9f82-1b942fbda74d', 'MAYAR MUSSA MOHAMED HEMOUD', '20401561400210772', '2025-08-15 12:26:47.040056+00:00');
INSERT INTO sala_de_aula_alunos (id, sala_id, nome_aluno, turma, created_at) VALUES ('49c18a39-d88b-4cad-8232-2ec1715a0e83', 'f13cefa1-6bf5-4f7a-9f82-1b942fbda74d', 'MELLYSSA DOS SANTOS DE OLIVEIRA', '20401561400210773', '2025-08-15 12:26:59.692052+00:00');
INSERT INTO sala_de_aula_alunos (id, sala_id, nome_aluno, turma, created_at) VALUES ('3d6b831e-cb80-4fe5-9185-a55334caa226', 'f13cefa1-6bf5-4f7a-9f82-1b942fbda74d', 'MILENA RAFAELLY DE GOIS VAZ', '20401561400210774', '2025-08-15 12:27:07.302162+00:00');
INSERT INTO sala_de_aula_alunos (id, sala_id, nome_aluno, turma, created_at) VALUES ('8841d2e1-2c15-4164-8337-0ce866e632e2', 'f13cefa1-6bf5-4f7a-9f82-1b942fbda74d', 'RUAN EDUARDO ESCOBAR', '20401561400210778', '2025-08-15 12:27:19.381315+00:00');
INSERT INTO sala_de_aula_alunos (id, sala_id, nome_aluno, turma, created_at) VALUES ('eb4cad2e-8ccd-4f7a-8e0b-a63544c801f5', 'f13cefa1-6bf5-4f7a-9f82-1b942fbda74d', 'RYANA MARTINS', '20401561400276636', '2025-08-15 12:27:30.945427+00:00');
INSERT INTO sala_de_aula_alunos (id, sala_id, nome_aluno, turma, created_at) VALUES ('540908b3-c61a-4488-ac80-847206b4f3e2', 'f13cefa1-6bf5-4f7a-9f82-1b942fbda74d', 'VICENZO DE MORAES DUVALE', '20401561400210780', '2025-08-15 12:27:44.780564+00:00');
INSERT INTO sala_de_aula_alunos (id, sala_id, nome_aluno, turma, created_at) VALUES ('2cde6dc8-bbc7-4d99-8ed7-fb56d2f16e6a', '3628e5a2-ea3d-4967-957a-e581cbb29468', 'ANA VITORIA DE OLIVEIRA ANDRADE', '20401561400210750', '2025-08-15 12:28:58.298160+00:00');
INSERT INTO sala_de_aula_alunos (id, sala_id, nome_aluno, turma, created_at) VALUES ('8d72a805-7626-47ab-81c7-45ca38b5d008', '3628e5a2-ea3d-4967-957a-e581cbb29468', 'EMANUELLE DE OLIVEIRA CORDEIRO', '20401561400210757', '2025-08-15 12:29:14.250249+00:00');
INSERT INTO sala_de_aula_alunos (id, sala_id, nome_aluno, turma, created_at) VALUES ('929e6d75-29fe-4a7f-86ec-e95353e6d707', '3628e5a2-ea3d-4967-957a-e581cbb29468', 'LETICYA EMANUELLY DA SILVA DE OLIVEIRA', '20401561400210768', '2025-08-15 12:29:25.771720+00:00');
INSERT INTO sala_de_aula_alunos (id, sala_id, nome_aluno, turma, created_at) VALUES ('c7741544-388c-4e3c-9fbc-55f87bf35613', '3628e5a2-ea3d-4967-957a-e581cbb29468', 'MARIA FERNANDA FERREIRA HIDALGO', '20401561400210771', '2025-08-15 12:29:39.392305+00:00');
INSERT INTO sala_de_aula_alunos (id, sala_id, nome_aluno, turma, created_at) VALUES ('93e0903a-a5f2-4bc6-85f8-48c241799a48', '3628e5a2-ea3d-4967-957a-e581cbb29468', 'RAUL LEOPOLDO FERREIRA COLACO', '20401561400210777', '2025-08-15 12:29:51.700513+00:00');
INSERT INTO sala_de_aula_alunos (id, sala_id, nome_aluno, turma, created_at) VALUES ('e3245eab-9cad-4ecb-8691-8eb3076891a0', '3628e5a2-ea3d-4967-957a-e581cbb29468', 'SOPHIA BISCORAVAINE RIBEIRO BATISTA', '20401561400210779', '2025-08-15 12:30:01.625953+00:00');
INSERT INTO sala_de_aula_alunos (id, sala_id, nome_aluno, turma, created_at) VALUES ('d0ced83e-04f6-4f34-8709-d8d5625a7693', '3628e5a2-ea3d-4967-957a-e581cbb29468', 'YASMIN VITORIA DA SILVA', '20401561400210781', '2025-08-15 12:30:12.063909+00:00');
INSERT INTO sala_de_aula_alunos (id, sala_id, nome_aluno, turma, created_at) VALUES ('3f6447ab-8d6e-49ca-93f2-e4f676719e8d', '3628e5a2-ea3d-4967-957a-e581cbb29468', 'DANIEL FELIPE PRESTES DOS SANTOS', '20401561400276635', '2025-08-15 12:30:20.394704+00:00');
INSERT INTO sala_de_aula_alunos (id, sala_id, nome_aluno, turma, created_at) VALUES ('73911b6c-1cc8-4f0e-aa54-d034feda1f6c', '3628e5a2-ea3d-4967-957a-e581cbb29468', 'MANUELA LEAH SCHLOEGL MELLO', '20401561400273030', '2025-08-15 12:30:48.320133+00:00');
INSERT INTO sala_de_aula_alunos (id, sala_id, nome_aluno, turma, created_at) VALUES ('14af7faf-9413-4380-948a-d5999894cd07', '3628e5a2-ea3d-4967-957a-e581cbb29468', 'LAIS BERTO PINHEIRO', '20401561400273030', '2025-08-15 12:30:55.726621+00:00');
INSERT INTO sala_de_aula_alunos (id, sala_id, nome_aluno, turma, created_at) VALUES ('050c4ef4-5630-4406-af49-afe2b4d00caa', '6739057b-bd62-4267-972e-5501148b9971', 'MATHEUS FELIPE ZACARKIN BERGO', '20401561400273030', '2025-08-15 12:31:18.866991+00:00');
INSERT INTO sala_de_aula_alunos (id, sala_id, nome_aluno, turma, created_at) VALUES ('9c187133-3204-46b9-976e-2c6ba8aa21b1', '813396a7-3d7c-4a46-864b-3b4e2f2584a3', 'LAURA MIDORI SANTOS SUZAKI', '20401561400162423', '2025-08-15 16:02:45.834102+00:00');
INSERT INTO sala_de_aula_alunos (id, sala_id, nome_aluno, turma, created_at) VALUES ('07da207b-c1c3-4520-b326-3a9e2ea59745', '14f49f19-1ac3-44d1-8fd6-32d4ce85d332', 'MALCON NOA GOMES DE LIMA', '20401561400210770', '2025-08-15 17:52:41.176104+00:00');
INSERT INTO sala_de_aula_alunos (id, sala_id, nome_aluno, turma, created_at) VALUES ('6a3dc689-acf0-43ac-bd12-17bd6478d83c', '03792e5a-c411-4cd9-b7d5-96bbb3bb2135', 'SOPHIA BISCORAVAINE RIBEIRO BATISTA', '20401561400210779', '2025-08-18 12:48:31.474893+00:00');
INSERT INTO sala_de_aula_alunos (id, sala_id, nome_aluno, turma, created_at) VALUES ('ae42b263-8ae7-4425-a3cb-7b39c6a7474f', '813396a7-3d7c-4a46-864b-3b4e2f2584a3', 'MARIAH ZIMMERMANN CADENA', '20401561400162759', '2025-08-18 15:13:06.459188+00:00');
INSERT INTO sala_de_aula_alunos (id, sala_id, nome_aluno, turma, created_at) VALUES ('dd9a5753-40ac-4aee-a221-749963245ee0', 'b04846f9-8a6b-4454-a1e1-4fa275664396', 'RYAN EDUARDO PACHECO DOS SANTOD', '20401561400275670', '2025-08-19 17:39:14.803316+00:00');
INSERT INTO sala_de_aula_alunos (id, sala_id, nome_aluno, turma, created_at) VALUES ('4784a745-5e4c-4f2f-b6e5-a2d2972d6d63', 'b04846f9-8a6b-4454-a1e1-4fa275664396', 'FELIPE EDUARDO DOS SANTOS', '20401561400163737', '2025-08-19 17:39:14.803316+00:00');
INSERT INTO sala_de_aula_alunos (id, sala_id, nome_aluno, turma, created_at) VALUES ('a8a53023-9c5a-42bd-93a2-a25ea50892f8', 'b04846f9-8a6b-4454-a1e1-4fa275664396', 'GABRIEL DE OLIVEIRA MAXIMO', '20401561400163740', '2025-08-19 17:39:14.803316+00:00');
INSERT INTO sala_de_aula_alunos (id, sala_id, nome_aluno, turma, created_at) VALUES ('c5783c6e-2418-4120-a133-77b0c7ebf506', 'b04846f9-8a6b-4454-a1e1-4fa275664396', 'GUSTAVO ESCOBAR DA SILVA MATURIZEN', '20401561400163741', '2025-08-19 17:39:14.803316+00:00');
INSERT INTO sala_de_aula_alunos (id, sala_id, nome_aluno, turma, created_at) VALUES ('814f3cd3-e788-4ac6-bbd6-2411f2c6e9a2', 'b04846f9-8a6b-4454-a1e1-4fa275664396', 'MARIA EDUARDA PORTES ZEFERINO', '20401561400163747', '2025-08-19 17:39:14.803316+00:00');
INSERT INTO sala_de_aula_alunos (id, sala_id, nome_aluno, turma, created_at) VALUES ('f09f3634-1851-4a65-ae26-c75a0dbae013', 'b04846f9-8a6b-4454-a1e1-4fa275664396', 'MARIO JORGE DA SILVA MARTINS', '20401561400163748', '2025-08-19 17:39:14.803316+00:00');
INSERT INTO sala_de_aula_alunos (id, sala_id, nome_aluno, turma, created_at) VALUES ('9faae8c2-78f6-468a-ba3f-b142cf01beea', 'b04846f9-8a6b-4454-a1e1-4fa275664396', 'PEDRO HENRIQUE FERNANDES LEANDRO', '20401561400163750', '2025-08-19 17:39:14.803316+00:00');
INSERT INTO sala_de_aula_alunos (id, sala_id, nome_aluno, turma, created_at) VALUES ('4d5a0230-aea3-4a2b-ba78-f20180c3c81c', 'b04846f9-8a6b-4454-a1e1-4fa275664396', 'PEDRO MERCADO WATERKEMPER', '20401561400163751', '2025-08-19 17:39:14.803316+00:00');
INSERT INTO sala_de_aula_alunos (id, sala_id, nome_aluno, turma, created_at) VALUES ('b697e7b3-0c79-44a4-bb0d-7ab1f75134ee', 'b04846f9-8a6b-4454-a1e1-4fa275664396', 'VINICIUS ROBERTO MALVINO DOS SANTOS', '20401561400163755', '2025-08-19 17:39:14.803316+00:00');
INSERT INTO sala_de_aula_alunos (id, sala_id, nome_aluno, turma, created_at) VALUES ('5fd1962f-2f02-4d34-a4d3-2f4e0fee8570', 'b04846f9-8a6b-4454-a1e1-4fa275664396', 'YASMIN TOMAZ OLIVO', '20401561400163758', '2025-08-19 17:39:14.803316+00:00');
INSERT INTO sala_de_aula_alunos (id, sala_id, nome_aluno, turma, created_at) VALUES ('3e3825af-8c8b-4a62-ab72-010074aa9476', 'e3a125fe-3b3b-4b6f-981f-1648d8ebfbfc', 'ANDRIELLY BASSO GARCIA', '20401561400163760', '2025-08-19 17:52:43.667380+00:00');
INSERT INTO sala_de_aula_alunos (id, sala_id, nome_aluno, turma, created_at) VALUES ('0f473056-7ab4-4e94-8d89-8520cbe9d975', 'e3a125fe-3b3b-4b6f-981f-1648d8ebfbfc', 'BRAIAN WILLE DOS REIS', '20401561400163762', '2025-08-19 17:52:43.667380+00:00');
INSERT INTO sala_de_aula_alunos (id, sala_id, nome_aluno, turma, created_at) VALUES ('abb387c6-5d13-4571-8368-dade42ba97d1', 'e3a125fe-3b3b-4b6f-981f-1648d8ebfbfc', 'DAVI MEYER CERCAL', '20401561400163766', '2025-08-19 17:52:43.667380+00:00');
INSERT INTO sala_de_aula_alunos (id, sala_id, nome_aluno, turma, created_at) VALUES ('4cb025c2-b162-4a55-89fe-46ee12f29b80', 'e3a125fe-3b3b-4b6f-981f-1648d8ebfbfc', 'ERICK GABRIEL FERREIRA SILVA', '20401561400163768', '2025-08-19 17:52:43.667380+00:00');
INSERT INTO sala_de_aula_alunos (id, sala_id, nome_aluno, turma, created_at) VALUES ('fc5fcd2d-a717-4b35-8bf3-172029ec7fc7', 'e3a125fe-3b3b-4b6f-981f-1648d8ebfbfc', 'FELIPPE GABRIEL ALVES CARLOS', '20401561400163770', '2025-08-19 17:52:43.667380+00:00');
INSERT INTO sala_de_aula_alunos (id, sala_id, nome_aluno, turma, created_at) VALUES ('db494a67-e86b-4a00-851c-0fc751d678f6', 'e3a125fe-3b3b-4b6f-981f-1648d8ebfbfc', 'JOAO AUGUSTO DOS SANTOS MONTEIRO', '20401561400163774', '2025-08-19 17:52:43.667380+00:00');
INSERT INTO sala_de_aula_alunos (id, sala_id, nome_aluno, turma, created_at) VALUES ('a393e500-705d-4fa8-a5aa-5eeb22ad5c5d', 'e3a125fe-3b3b-4b6f-981f-1648d8ebfbfc', 'LEONARDO BECHER', '20401561400163777', '2025-08-19 17:52:43.667380+00:00');
INSERT INTO sala_de_aula_alunos (id, sala_id, nome_aluno, turma, created_at) VALUES ('6a2e3a8c-253a-45e9-a5fc-795aba90d639', 'e3a125fe-3b3b-4b6f-981f-1648d8ebfbfc', 'PEDRO ALBANO FERNANDES', '20401561400163784', '2025-08-19 17:52:43.667380+00:00');
INSERT INTO sala_de_aula_alunos (id, sala_id, nome_aluno, turma, created_at) VALUES ('24189142-3496-4d5d-9cba-d759a6477b8a', 'e3a125fe-3b3b-4b6f-981f-1648d8ebfbfc', 'RICARDO FERNANDES', '20401561400163785', '2025-08-19 17:52:43.667380+00:00');
INSERT INTO sala_de_aula_alunos (id, sala_id, nome_aluno, turma, created_at) VALUES ('ca35942f-e6e3-4efd-907d-549e9f509051', 'e3a125fe-3b3b-4b6f-981f-1648d8ebfbfc', 'RUTBERLIS NOHEMI TORREALBA BECERRA', '20401561400163786', '2025-08-19 17:52:43.667380+00:00');
INSERT INTO sala_de_aula_alunos (id, sala_id, nome_aluno, turma, created_at) VALUES ('7116a7d7-15db-406f-9874-cf7470c6eebd', 'e3a125fe-3b3b-4b6f-981f-1648d8ebfbfc', 'VITOR HUGO CUNHA VIEIRA', '20401561400163788', '2025-08-19 17:52:43.667380+00:00');
INSERT INTO sala_de_aula_alunos (id, sala_id, nome_aluno, turma, created_at) VALUES ('34387818-be2d-42ba-af1d-386f89344243', '327d53d2-8efd-4c88-853e-8234696fbe25', 'ADRIANO LINHARES DOS SANTOS JUNIOR', '20401561400163789', '2025-08-19 17:58:09.881956+00:00');
INSERT INTO sala_de_aula_alunos (id, sala_id, nome_aluno, turma, created_at) VALUES ('04e5330b-19cf-4afe-bac3-5ca2422bba6d', '327d53d2-8efd-4c88-853e-8234696fbe25', 'BEATRIZ GARCIA DE OLIVEIRA', '20401561400275671', '2025-08-19 17:58:09.881956+00:00');
INSERT INTO sala_de_aula_alunos (id, sala_id, nome_aluno, turma, created_at) VALUES ('3b36981e-14ec-4bf1-af9c-72389d6fa3b2', '327d53d2-8efd-4c88-853e-8234696fbe25', 'BERNARDO SERMANN ALVES FERREIRA', '20401561400163790', '2025-08-19 17:58:09.881956+00:00');
INSERT INTO sala_de_aula_alunos (id, sala_id, nome_aluno, turma, created_at) VALUES ('b657254e-8fb6-457e-bf0b-1ac0e72cbe88', '327d53d2-8efd-4c88-853e-8234696fbe25', 'GABRIEL HENRIQUE RIBEIRO ECKER', '20401561400163795', '2025-08-19 17:58:09.881956+00:00');
INSERT INTO sala_de_aula_alunos (id, sala_id, nome_aluno, turma, created_at) VALUES ('cd2565c8-75ff-4ccc-83af-46810cb3ce62', '327d53d2-8efd-4c88-853e-8234696fbe25', 'KAUAN DA VEIGA FERREIRA', '20401561400163802', '2025-08-19 17:58:09.881956+00:00');
INSERT INTO sala_de_aula_alunos (id, sala_id, nome_aluno, turma, created_at) VALUES ('d4e37afd-8b79-46c2-a5b8-472518309d05', '327d53d2-8efd-4c88-853e-8234696fbe25', 'KELLY VITORIA DO NASCIMENTO DA SILVA', '20401561400163803', '2025-08-19 17:58:09.881956+00:00');
INSERT INTO sala_de_aula_alunos (id, sala_id, nome_aluno, turma, created_at) VALUES ('ca38c4be-acf3-412b-9f40-021bea959f6d', '327d53d2-8efd-4c88-853e-8234696fbe25', 'LUIS GUSTAVO LIMA SOARES', '20401561400163806', '2025-08-19 17:58:09.881956+00:00');
INSERT INTO sala_de_aula_alunos (id, sala_id, nome_aluno, turma, created_at) VALUES ('40e24679-abbb-4078-b4c8-bc3b4523bb63', '327d53d2-8efd-4c88-853e-8234696fbe25', 'OMAR FENIX MEIRA DE MARAFICO', '20401561400163809', '2025-08-19 17:58:09.881956+00:00');
INSERT INTO sala_de_aula_alunos (id, sala_id, nome_aluno, turma, created_at) VALUES ('343e3cab-cba6-45be-bdd6-d8442f4fd3d8', '327d53d2-8efd-4c88-853e-8234696fbe25', 'PEDRO RODRIGUES DA SILVA', '20401561400163810', '2025-08-19 17:58:09.881956+00:00');
INSERT INTO sala_de_aula_alunos (id, sala_id, nome_aluno, turma, created_at) VALUES ('1049f3ee-f6f7-4c80-992b-04cda9a46201', '5ebc8d24-6c70-4926-ae2f-eac681a511d6', 'DAVI MEYER CERCAL', '20401561400163766', '2025-08-19 18:01:08.073837+00:00');
INSERT INTO sala_de_aula_alunos (id, sala_id, nome_aluno, turma, created_at) VALUES ('13da13b7-aa98-4da0-942d-5097b2aa77d3', '5ebc8d24-6c70-4926-ae2f-eac681a511d6', 'FABRICIO VERCOZA SOUZA', '20401561400163826', '2025-08-19 18:01:08.073837+00:00');
INSERT INTO sala_de_aula_alunos (id, sala_id, nome_aluno, turma, created_at) VALUES ('5cebe3ff-ebb5-488e-875b-69616e103a74', '5ebc8d24-6c70-4926-ae2f-eac681a511d6', 'KAROL ROMEIKE DA CUNHA', '20401561400163833', '2025-08-19 18:01:08.073837+00:00');
INSERT INTO sala_de_aula_alunos (id, sala_id, nome_aluno, turma, created_at) VALUES ('b9c51291-ebef-4c01-ad65-a9c493a468e5', '5ebc8d24-6c70-4926-ae2f-eac681a511d6', 'MABELLE GOETSCH CORSO', '20401561400163839', '2025-08-19 18:01:08.073837+00:00');
INSERT INTO sala_de_aula_alunos (id, sala_id, nome_aluno, turma, created_at) VALUES ('578951a5-9094-4361-ac39-53fd2ce53ebf', '5ebc8d24-6c70-4926-ae2f-eac681a511d6', 'NICOLAS FERREIRA DUTRA', '20401561400163843', '2025-08-19 18:01:08.073837+00:00');
INSERT INTO sala_de_aula_alunos (id, sala_id, nome_aluno, turma, created_at) VALUES ('e4149695-a154-4b09-ad89-f51bd733e81f', '5ebc8d24-6c70-4926-ae2f-eac681a511d6', 'RHAYNA BLEIDES CARVALHO', '20401561400163846', '2025-08-19 18:01:08.073837+00:00');
INSERT INTO sala_de_aula_alunos (id, sala_id, nome_aluno, turma, created_at) VALUES ('95998d61-ffd7-45da-9f1c-b1bcdc7df422', '994702c9-a0dd-4f67-bd65-7d740f905faf', 'LORRANE APARECIDA RENDACK DE JESUS', '20401561400162382', '2025-08-19 18:57:06.668391+00:00');
INSERT INTO sala_de_aula_alunos (id, sala_id, nome_aluno, turma, created_at) VALUES ('952e98d2-e755-4847-96e7-658ca06a576b', '813396a7-3d7c-4a46-864b-3b4e2f2584a3', 'YASMIN CRISTINA SANTOS FERREIRA', '20401561400162581', '2025-08-20 15:32:09.262471+00:00');
INSERT INTO sala_de_aula_alunos (id, sala_id, nome_aluno, turma, created_at) VALUES ('d1b7a76c-e59b-4f77-b4d4-a6f7bf8d46a3', '813396a7-3d7c-4a46-864b-3b4e2f2584a3', 'ANA BEATRIZ DA SILVA SANTOS', '20401561400162550', '2025-08-20 15:32:55.162596+00:00');
INSERT INTO sala_de_aula_alunos (id, sala_id, nome_aluno, turma, created_at) VALUES ('3e8f670d-476e-44d2-b9c4-004b6ed79587', '47ffb34c-def7-4d71-9a8d-761c5d594f1a', 'ISABELA AVILA RODRIGUES', '20401561400167564', '2025-08-21 18:01:08.435607+00:00');
INSERT INTO sala_de_aula_alunos (id, sala_id, nome_aluno, turma, created_at) VALUES ('6bdfd2a2-5e05-4936-8dda-6b5275344d6a', '47ffb34c-def7-4d71-9a8d-761c5d594f1a', 'KAUANE BISPO FRANCA', '20401561400167573', '2025-08-21 18:01:08.435607+00:00');
INSERT INTO sala_de_aula_alunos (id, sala_id, nome_aluno, turma, created_at) VALUES ('25227caf-09cf-4558-9450-454c0bbacd27', '47ffb34c-def7-4d71-9a8d-761c5d594f1a', 'LETICIA DOS SANTOS', '20401561400167576', '2025-08-21 18:01:08.435607+00:00');
INSERT INTO sala_de_aula_alunos (id, sala_id, nome_aluno, turma, created_at) VALUES ('585728a5-3df6-4c4e-b173-09683384fa1f', '47ffb34c-def7-4d71-9a8d-761c5d594f1a', 'NATALIA DE OLIVEIRA LEITE', '20401561400167580', '2025-08-21 18:01:08.435607+00:00');
INSERT INTO sala_de_aula_alunos (id, sala_id, nome_aluno, turma, created_at) VALUES ('eb1f6c37-d5f3-4b68-8a42-f1164bbd7b08', '47ffb34c-def7-4d71-9a8d-761c5d594f1a', 'RYANA DE ALMEIDA SANTA ROSA SARMENTO', '20401561400167583', '2025-08-21 18:01:08.435607+00:00');
INSERT INTO sala_de_aula_alunos (id, sala_id, nome_aluno, turma, created_at) VALUES ('49270448-0a54-41b6-a178-7414c7382ecc', '47ffb34c-def7-4d71-9a8d-761c5d594f1a', 'VITORIA RAFAELA RODRIGUES QUINAPE', '20401561400167586', '2025-08-21 18:01:08.435607+00:00');
INSERT INTO sala_de_aula_alunos (id, sala_id, nome_aluno, turma, created_at) VALUES ('58b112a1-cd4b-49ec-ac3b-e0f25eaf94f4', '47ffb34c-def7-4d71-9a8d-761c5d594f1a', 'YASMIN CANHA BATISTA', '20401561400167587', '2025-08-21 18:01:08.435607+00:00');
INSERT INTO sala_de_aula_alunos (id, sala_id, nome_aluno, turma, created_at) VALUES ('bd58b457-a5a7-4ff2-91da-4f8693674a85', '47ffb34c-def7-4d71-9a8d-761c5d594f1a', 'MARCOS WILLYAN', '20401561400275768', '2025-08-21 18:01:08.435607+00:00');
INSERT INTO sala_de_aula_alunos (id, sala_id, nome_aluno, turma, created_at) VALUES ('bd78c7c4-5d44-4171-91fd-a0f172b7c03f', '47ffb34c-def7-4d71-9a8d-761c5d594f1a', 'RYLAN TURKOT BATISTA', '20401561400167584', '2025-08-21 18:01:08.435607+00:00');
INSERT INTO sala_de_aula_alunos (id, sala_id, nome_aluno, turma, created_at) VALUES ('d7502d6c-9a17-42c0-9b74-57fa92deeaa8', '5c778771-0bf2-47b8-8709-c7afe1e5c2c0', 'BEATRIZ VITORIA RODNISKI DA ROCHA', '20401561400167619', '2025-08-21 18:05:03.096886+00:00');
INSERT INTO sala_de_aula_alunos (id, sala_id, nome_aluno, turma, created_at) VALUES ('cfaa33d2-96a3-4d3c-8a79-5d8fc78e8a9b', '5c778771-0bf2-47b8-8709-c7afe1e5c2c0', 'BERNARDO MARTINHO DE LIMA SILVA', '20401561400167621', '2025-08-21 18:05:03.096886+00:00');
INSERT INTO sala_de_aula_alunos (id, sala_id, nome_aluno, turma, created_at) VALUES ('3d4b3747-fc29-41d8-ad5d-6dc0df167a49', '5c778771-0bf2-47b8-8709-c7afe1e5c2c0', 'DAVI BREUS FRANCA', '20401561400167624', '2025-08-21 18:05:03.096886+00:00');
INSERT INTO sala_de_aula_alunos (id, sala_id, nome_aluno, turma, created_at) VALUES ('dd441614-4d00-499d-b468-ae06e9360f28', '5c778771-0bf2-47b8-8709-c7afe1e5c2c0', 'HELENA DE SOUZA MELO', '20401561400167633', '2025-08-21 18:05:03.096886+00:00');
INSERT INTO sala_de_aula_alunos (id, sala_id, nome_aluno, turma, created_at) VALUES ('69d75f2d-4ccb-4b94-8be4-81a9d15bc40b', '5c778771-0bf2-47b8-8709-c7afe1e5c2c0', 'ISABELLY CALISTO DA SILVA', '20401561400167635', '2025-08-21 18:05:03.096886+00:00');
INSERT INTO sala_de_aula_alunos (id, sala_id, nome_aluno, turma, created_at) VALUES ('18acb94c-47c3-4447-9c52-8bc029b931ef', '5c778771-0bf2-47b8-8709-c7afe1e5c2c0', 'IZABELLY VITORIA DA SILVA MAKOHIN', '20401561400167636', '2025-08-21 18:05:03.096886+00:00');
INSERT INTO sala_de_aula_alunos (id, sala_id, nome_aluno, turma, created_at) VALUES ('2d3e4eeb-3c37-4c61-8417-7d0f70205586', '5c778771-0bf2-47b8-8709-c7afe1e5c2c0', 'LAURA MORAIS GALVAO', '20401561400167639', '2025-08-21 18:05:03.096886+00:00');
INSERT INTO sala_de_aula_alunos (id, sala_id, nome_aluno, turma, created_at) VALUES ('d097f043-b4b0-4fde-bf60-69aeaa825ff2', '5c778771-0bf2-47b8-8709-c7afe1e5c2c0', 'NATALY CARINY FERREIRA SOUZA', '20401561400167645', '2025-08-21 18:05:03.096886+00:00');
INSERT INTO sala_de_aula_alunos (id, sala_id, nome_aluno, turma, created_at) VALUES ('3451e493-f4c6-4675-ad39-0dfbbba5fa18', '5c778771-0bf2-47b8-8709-c7afe1e5c2c0', 'VINICIUS MARCAL MACHADO', '20401561400167650', '2025-08-21 18:05:03.096886+00:00');
INSERT INTO sala_de_aula_alunos (id, sala_id, nome_aluno, turma, created_at) VALUES ('30bea1a3-ece2-40f5-84b3-14804e49acd7', '5c778771-0bf2-47b8-8709-c7afe1e5c2c0', 'VITORIA MARCELINO SILVA', '20401561400167651', '2025-08-21 18:05:03.096886+00:00');
INSERT INTO sala_de_aula_alunos (id, sala_id, nome_aluno, turma, created_at) VALUES ('d825b14b-043a-4ea8-af70-dc504e78eaef', '140bb8d8-09fe-4772-9956-a65eea56ce41', 'MARIA NATALYA INACIO DOS SANTOS SILVA', '20401561400167704', '2025-08-21 18:12:11.763929+00:00');
INSERT INTO sala_de_aula_alunos (id, sala_id, nome_aluno, turma, created_at) VALUES ('32c47691-7265-4483-bb6e-fb514a70414f', '140bb8d8-09fe-4772-9956-a65eea56ce41', 'DAVI MATIAS', '20401561400167688', '2025-08-21 18:12:11.763929+00:00');
INSERT INTO sala_de_aula_alunos (id, sala_id, nome_aluno, turma, created_at) VALUES ('6af20446-e259-4c75-8684-9ed8a60d504a', '140bb8d8-09fe-4772-9956-a65eea56ce41', 'KELVIN DANIEL DE PAIVA CRUZ', '20401561400167700', '2025-08-21 18:12:11.763929+00:00');
INSERT INTO sala_de_aula_alunos (id, sala_id, nome_aluno, turma, created_at) VALUES ('e45a0bbb-e986-418b-8161-3ab5b26f3086', '140bb8d8-09fe-4772-9956-a65eea56ce41', 'RENATO ANTUNES STIVAL', '20401561400167582', '2025-08-21 18:12:11.763929+00:00');
INSERT INTO sala_de_aula_alunos (id, sala_id, nome_aluno, turma, created_at) VALUES ('7be3c45b-4fcb-47ed-8972-8b60c66c1839', '140bb8d8-09fe-4772-9956-a65eea56ce41', 'ARTHUR DIAS DE OLIVEIRA DE SOUTO', '20401561400167685', '2025-08-21 18:12:11.763929+00:00');
INSERT INTO sala_de_aula_alunos (id, sala_id, nome_aluno, turma, created_at) VALUES ('9405fa02-fc10-4355-aa17-cd9b6a2471c5', '140bb8d8-09fe-4772-9956-a65eea56ce41', 'EMANUELLY VITORIA MOREIRA DE LIMA', '20401561400167689', '2025-08-21 18:12:11.763929+00:00');
INSERT INTO sala_de_aula_alunos (id, sala_id, nome_aluno, turma, created_at) VALUES ('f73e5472-02f8-40fe-9210-20e57bd82b73', '140bb8d8-09fe-4772-9956-a65eea56ce41', 'KAUA VICTOR DAMIAO FERREIRA', '20401561400167698', '2025-08-21 18:12:11.763929+00:00');
INSERT INTO sala_de_aula_alunos (id, sala_id, nome_aluno, turma, created_at) VALUES ('34a1692c-8039-43fd-bed1-94561d3610be', '140bb8d8-09fe-4772-9956-a65eea56ce41', 'RUAN GABRIEL PAZINATTO', '20401561400167713', '2025-08-21 18:12:11.763929+00:00');
INSERT INTO sala_de_aula_alunos (id, sala_id, nome_aluno, turma, created_at) VALUES ('30b57cb8-3823-4616-bc6b-cecc4f6ac621', 'dbfee436-53a6-436f-893c-26977a64b465', 'ALANA CAMILE SOARES', '20401561400167718', '2025-08-21 18:18:33.549154+00:00');
INSERT INTO sala_de_aula_alunos (id, sala_id, nome_aluno, turma, created_at) VALUES ('17bc9b44-7b59-4a0d-9e41-d2936690031f', 'dbfee436-53a6-436f-893c-26977a64b465', 'FELIPE RODRIGUES ROSA', '20401561400167724', '2025-08-21 18:18:33.549154+00:00');
INSERT INTO sala_de_aula_alunos (id, sala_id, nome_aluno, turma, created_at) VALUES ('a3db38d3-53dc-460a-812e-417655ba0941', 'dbfee436-53a6-436f-893c-26977a64b465', 'GEOVANA BEATRIZ DA SILVA', '20401561400167726', '2025-08-21 18:18:33.549154+00:00');
INSERT INTO sala_de_aula_alunos (id, sala_id, nome_aluno, turma, created_at) VALUES ('d59043a2-4bc9-41e4-9abb-e6ffaf82d9df', 'dbfee436-53a6-436f-893c-26977a64b465', 'GIOVANNA NOBREGA BRIONE DA CRUZ', '20401561400167727', '2025-08-21 18:18:33.549154+00:00');
INSERT INTO sala_de_aula_alunos (id, sala_id, nome_aluno, turma, created_at) VALUES ('e0774c85-c072-4105-87c1-655fc35b8f38', 'f13cefa1-6bf5-4f7a-9f82-1b942fbda74d', 'LAURA FRANKOWSKI', '20401561400273030', '2025-08-21 18:29:45.908354+00:00');
INSERT INTO sala_de_aula_alunos (id, sala_id, nome_aluno, turma, created_at) VALUES ('c300960c-d24c-42d0-8572-9e03f94bb2c1', 'dbfee436-53a6-436f-893c-26977a64b465', 'JOAO VITOR OLIVEIRA DE SOUZA', '20401561400167730', '2025-08-21 18:37:48.863357+00:00');
INSERT INTO sala_de_aula_alunos (id, sala_id, nome_aluno, turma, created_at) VALUES ('f5bfaf7c-cb16-4f40-8bf2-6ef12d97fbc3', 'dbfee436-53a6-436f-893c-26977a64b465', 'LEANDRO DOS SANTOS KULIK', '20401561400167733', '2025-08-21 18:38:07.365806+00:00');
INSERT INTO sala_de_aula_alunos (id, sala_id, nome_aluno, turma, created_at) VALUES ('afa3d701-d73b-4639-ad2a-3b954f76862f', 'dbfee436-53a6-436f-893c-26977a64b465', 'LUIZ FABIANO PEDROSO DOS SANTOS', '20401561400167738', '2025-08-21 18:38:19.465252+00:00');
INSERT INTO sala_de_aula_alunos (id, sala_id, nome_aluno, turma, created_at) VALUES ('294a8aee-7bb5-4643-ba24-c41e30e16dae', 'dbfee436-53a6-436f-893c-26977a64b465', 'LUCAS RODRIGUES TEIXEIRA', '20401561400167736', '2025-08-21 18:38:33.437090+00:00');
INSERT INTO sala_de_aula_alunos (id, sala_id, nome_aluno, turma, created_at) VALUES ('9a2b7b02-3e3e-418b-8640-15fac9b4b44d', 'dbfee436-53a6-436f-893c-26977a64b465', 'MARLLON VINICIUS DE OLIVEIRA DE LIMA', '20401561400167743', '2025-08-21 18:38:45.417445+00:00');
INSERT INTO sala_de_aula_alunos (id, sala_id, nome_aluno, turma, created_at) VALUES ('dd27a67f-01f5-4c2a-b564-f6401671ef52', 'dbfee436-53a6-436f-893c-26977a64b465', 'MATHIAS NORMANDO MONTEIRO', '20401561400167744', '2025-08-21 18:38:58.245316+00:00');
INSERT INTO sala_de_aula_alunos (id, sala_id, nome_aluno, turma, created_at) VALUES ('14f18172-0b9f-45a1-9721-8220eac88a82', 'dbfee436-53a6-436f-893c-26977a64b465', 'RAFAELY NATALIA DOS SANTOS MUNSTER', '20401561400167749', '2025-08-21 18:39:16.497093+00:00');
INSERT INTO sala_de_aula_alunos (id, sala_id, nome_aluno, turma, created_at) VALUES ('a5117691-3c9a-418c-94e5-81e4e5daf65e', 'dbfee436-53a6-436f-893c-26977a64b465', 'GUILHERME MARTINS NASCIMENTO', '20401561400167562', '2025-08-21 18:40:05.416235+00:00');
INSERT INTO sala_de_aula_alunos (id, sala_id, nome_aluno, turma, created_at) VALUES ('46b48b03-4d4c-4140-b62f-efeb84f200b0', '47ffb34c-def7-4d71-9a8d-761c5d594f1a', 'GABRIEL CAETANO DA SILVA DA CRUZ', '20401561400167764', '2025-08-26 11:48:06.159829+00:00');
INSERT INTO sala_de_aula_alunos (id, sala_id, nome_aluno, turma, created_at) VALUES ('a12441a8-e72d-4a45-a471-0177c839b590', '47ffb34c-def7-4d71-9a8d-761c5d594f1a', 'MIGUEL DE OLIVEIRA', '20401561400167579', '2025-08-26 11:48:12.404746+00:00');
INSERT INTO sala_de_aula_alunos (id, sala_id, nome_aluno, turma, created_at) VALUES ('d7782e81-1262-4d80-8932-a7445988360f', '47ffb34c-def7-4d71-9a8d-761c5d594f1a', 'GUSTAVO PAINCKO', '20401561400167563', '2025-08-26 11:48:42.870326+00:00');
INSERT INTO sala_de_aula_alunos (id, sala_id, nome_aluno, turma, created_at) VALUES ('13fa08dd-94d1-4a19-9289-e1b14770412a', '47ffb34c-def7-4d71-9a8d-761c5d594f1a', 'KAUA AUGUSTO PADILHA FERREIRA', '20401561400167572', '2025-08-26 11:49:06.532440+00:00');
INSERT INTO sala_de_aula_alunos (id, sala_id, nome_aluno, turma, created_at) VALUES ('2180d7aa-677d-40ed-bcf0-c23d275d8c8c', '5c778771-0bf2-47b8-8709-c7afe1e5c2c0', 'SAMUEL EDUARDO RODRIGUEZ PERERO', '20401561400167714', '2025-08-26 11:49:31.313866+00:00');
INSERT INTO sala_de_aula_alunos (id, sala_id, nome_aluno, turma, created_at) VALUES ('c0182617-bdcb-4650-bae1-3f7d3afa9ea8', '47ffb34c-def7-4d71-9a8d-761c5d594f1a', 'LARA CAROLLYNE TREVERO VEIGA', '20401561400167638', '2025-08-26 11:49:44.744620+00:00');
INSERT INTO sala_de_aula_alunos (id, sala_id, nome_aluno, turma, created_at) VALUES ('f532032e-007b-4935-b390-26cb0a2a6fbd', '2fa9a46c-e985-4476-9448-0fa21ca0a932', 'AMANDA SOPELSA', '20401561400095781', '2025-08-29 09:56:00.972622+00:00');
INSERT INTO sala_de_aula_alunos (id, sala_id, nome_aluno, turma, created_at) VALUES ('e06ee1b9-b94e-404f-a635-323d698b78cc', '813396a7-3d7c-4a46-864b-3b4e2f2584a3', 'DOUGLAS GUSTAVO DE OLIVEIRA', '20401561400162740', '2025-08-29 16:19:51.138659+00:00');
INSERT INTO sala_de_aula_alunos (id, sala_id, nome_aluno, turma, created_at) VALUES ('c2858adc-25ce-45d8-b6cc-0751cc174d4a', '140bb8d8-09fe-4772-9956-a65eea56ce41', 'VITOR ESPECORT ROCHA', '20401561400167585', '2025-09-01 14:02:27.509490+00:00');
INSERT INTO sala_de_aula_alunos (id, sala_id, nome_aluno, turma, created_at) VALUES ('e92d56ac-dc70-456d-af0d-2d718279df19', '6216137b-9b17-47dc-8c21-dcdbc45c5626', 'BRUNNA CAGNINI CARDOSO', '20401561400095746', '2025-09-03 14:22:25.752286+00:00');
INSERT INTO sala_de_aula_alunos (id, sala_id, nome_aluno, turma, created_at) VALUES ('9784a406-596b-45a3-8a4a-cd7388c2629d', '813396a7-3d7c-4a46-864b-3b4e2f2584a3', 'HELENA BANDEIRA SOCZEK', '20401561400162746', '2025-09-10 16:23:56.875641+00:00');
INSERT INTO sala_de_aula_alunos (id, sala_id, nome_aluno, turma, created_at) VALUES ('9c867efb-1680-4484-93d5-f653eb3d5e0b', '813396a7-3d7c-4a46-864b-3b4e2f2584a3', 'LAIS LIMA DOS SANTOS', '20511561500001430', '2025-09-10 17:07:23.207685+00:00');
INSERT INTO sala_de_aula_alunos (id, sala_id, nome_aluno, turma, created_at) VALUES ('5255decb-f696-472f-b41f-6003887d358c', '994702c9-a0dd-4f67-bd65-7d740f905faf', 'ANA GIULIA VOLOXEN DE OLIVEIRA', '20511561500001428', '2025-09-11 16:25:10.051634+00:00');
INSERT INTO sala_de_aula_alunos (id, sala_id, nome_aluno, turma, created_at) VALUES ('a38f05ae-d169-4794-9c44-66a014f04e24', 'c5846bea-d42b-432f-8891-5cd9e09a7d9c', 'ALLAN FELIPE CAMPOS NEVES', '20401561400167553', '2025-09-16 16:56:36.208021+00:00');
INSERT INTO sala_de_aula_alunos (id, sala_id, nome_aluno, turma, created_at) VALUES ('ca30050e-a7f0-496a-be97-04542fe812bb', 'c5846bea-d42b-432f-8891-5cd9e09a7d9c', 'ANA MARIA DE OLIVEIRA DOMINGUES', '20401561400167554', '2025-09-16 16:56:36.208021+00:00');
INSERT INTO sala_de_aula_alunos (id, sala_id, nome_aluno, turma, created_at) VALUES ('0740035f-a471-4d91-b8a3-caef77bafa52', 'c5846bea-d42b-432f-8891-5cd9e09a7d9c', 'ANDRESSA LOPES DA SILVA', '20401561400167555', '2025-09-16 16:56:36.208021+00:00');
INSERT INTO sala_de_aula_alunos (id, sala_id, nome_aluno, turma, created_at) VALUES ('9305d0fa-7296-42da-a422-dcf9da3cbf9b', 'c5846bea-d42b-432f-8891-5cd9e09a7d9c', 'ANDREY ANDERSON ALVES CARNEIRO', '20401561400167556', '2025-09-16 16:56:36.208021+00:00');
INSERT INTO sala_de_aula_alunos (id, sala_id, nome_aluno, turma, created_at) VALUES ('a5e300b3-432b-4d2e-8298-b21025caa15e', 'c5846bea-d42b-432f-8891-5cd9e09a7d9c', 'ARTHUR DAMACENO NOVACK', '20511561500001580', '2025-09-16 16:56:36.208021+00:00');
INSERT INTO sala_de_aula_alunos (id, sala_id, nome_aluno, turma, created_at) VALUES ('ad15226b-e3ad-4e11-9bc3-43d661726395', 'c5846bea-d42b-432f-8891-5cd9e09a7d9c', 'ARTHUR SANTIAGO CARNEIRO', '20511561500001580', '2025-09-16 16:56:36.208021+00:00');
INSERT INTO sala_de_aula_alunos (id, sala_id, nome_aluno, turma, created_at) VALUES ('b9ef6b08-4454-4186-a95f-0268d4d80121', 'c5846bea-d42b-432f-8891-5cd9e09a7d9c', 'ELIZE CARVALHO DO ROSARIO', '20401561400167559', '2025-09-16 16:56:36.208021+00:00');
INSERT INTO sala_de_aula_alunos (id, sala_id, nome_aluno, turma, created_at) VALUES ('e3211a98-1794-42d2-b7bd-1de73ca231f9', 'c5846bea-d42b-432f-8891-5cd9e09a7d9c', 'ELOIZE MICELI DO PRADO', '20401561400167560', '2025-09-16 16:56:36.208021+00:00');
INSERT INTO sala_de_aula_alunos (id, sala_id, nome_aluno, turma, created_at) VALUES ('d95b1495-c3c1-4c41-83c3-6a95d1534c95', 'c5846bea-d42b-432f-8891-5cd9e09a7d9c', 'EMANUELE DE OLIVEIRA MENDES', '20401561400167561', '2025-09-16 16:56:36.208021+00:00');
INSERT INTO sala_de_aula_alunos (id, sala_id, nome_aluno, turma, created_at) VALUES ('3ec788d4-a04e-456a-8b4b-483024ce7e3c', 'c5846bea-d42b-432f-8891-5cd9e09a7d9c', 'GUILHERME MARTINS NASCIMENTO', '20401561400167562', '2025-09-16 16:56:36.208021+00:00');
INSERT INTO sala_de_aula_alunos (id, sala_id, nome_aluno, turma, created_at) VALUES ('b9a7937e-1ba9-4dca-abb2-d5f3046fd86e', 'c5846bea-d42b-432f-8891-5cd9e09a7d9c', 'GUSTAVO PAINCKO', '20401561400167563', '2025-09-16 16:56:36.208021+00:00');
INSERT INTO sala_de_aula_alunos (id, sala_id, nome_aluno, turma, created_at) VALUES ('612d9fae-3506-47ff-8199-b059a09b8585', 'c5846bea-d42b-432f-8891-5cd9e09a7d9c', 'ISABELA AVILA RODRIGUES', '20401561400167564', '2025-09-16 16:56:36.208021+00:00');
INSERT INTO sala_de_aula_alunos (id, sala_id, nome_aluno, turma, created_at) VALUES ('0ac7cce3-674d-4903-ad87-15828b683a59', 'c5846bea-d42b-432f-8891-5cd9e09a7d9c', 'ISABELLA VICTORIA DOMINGUES DOS SANTOS', '20511561500001580', '2025-09-16 16:56:36.208021+00:00');
INSERT INTO sala_de_aula_alunos (id, sala_id, nome_aluno, turma, created_at) VALUES ('1385c2b7-ae9d-444f-b8c7-87d0fb51c532', 'c5846bea-d42b-432f-8891-5cd9e09a7d9c', 'JOAO GABRIEL DE SOUSA GANZER', '20401561400167566', '2025-09-16 16:56:36.208021+00:00');
INSERT INTO sala_de_aula_alunos (id, sala_id, nome_aluno, turma, created_at) VALUES ('51c3323a-2bb3-4aa8-9cc9-5470ae26181f', 'c5846bea-d42b-432f-8891-5cd9e09a7d9c', 'JOAO GABRIEL DOCKHORN FURTADO', '20511561500001580', '2025-09-16 16:56:36.208021+00:00');
INSERT INTO sala_de_aula_alunos (id, sala_id, nome_aluno, turma, created_at) VALUES ('cb730db7-3bc2-4665-bf6e-e4d723273a0c', 'c5846bea-d42b-432f-8891-5cd9e09a7d9c', 'JOAO VICTOR MIRANDA', '20401561400167568', '2025-09-16 16:56:36.208021+00:00');
INSERT INTO sala_de_aula_alunos (id, sala_id, nome_aluno, turma, created_at) VALUES ('dfbdaff1-0be6-416b-9875-cd203e133d62', 'c5846bea-d42b-432f-8891-5cd9e09a7d9c', 'JOSE HENRIQUE SILVA DOS SANTOS', '20511561500001580', '2025-09-16 16:56:36.208021+00:00');
INSERT INTO sala_de_aula_alunos (id, sala_id, nome_aluno, turma, created_at) VALUES ('69eb7a24-6034-451d-a189-20a82244a28f', 'c5846bea-d42b-432f-8891-5cd9e09a7d9c', 'JULIA VALENTINA FERREIRA DOS SANTOS', '20401561400167570', '2025-09-16 16:56:36.208021+00:00');
INSERT INTO sala_de_aula_alunos (id, sala_id, nome_aluno, turma, created_at) VALUES ('dd43f17f-42e0-4f20-ab3d-0a54dc396243', 'c5846bea-d42b-432f-8891-5cd9e09a7d9c', 'KAIKY GONCALVES DA SILVA', '20511561500001580', '2025-09-16 16:56:36.208021+00:00');
INSERT INTO sala_de_aula_alunos (id, sala_id, nome_aluno, turma, created_at) VALUES ('863010ba-87d8-424a-b9ca-eafef932039b', 'c5846bea-d42b-432f-8891-5cd9e09a7d9c', 'KAUA AUGUSTO PADILHA FERREIRA', '20401561400167572', '2025-09-16 16:56:36.208021+00:00');
INSERT INTO sala_de_aula_alunos (id, sala_id, nome_aluno, turma, created_at) VALUES ('64e90529-1ebb-41e1-9320-a6c263734264', 'c5846bea-d42b-432f-8891-5cd9e09a7d9c', 'KAUANE BISPO FRANCA', '20401561400167573', '2025-09-16 16:56:36.208021+00:00');
INSERT INTO sala_de_aula_alunos (id, sala_id, nome_aluno, turma, created_at) VALUES ('c04dc406-b132-472b-82f3-b64728a6f05b', 'c5846bea-d42b-432f-8891-5cd9e09a7d9c', 'KAYKE SOARES NETO', '20401561400167574', '2025-09-16 16:56:36.208021+00:00');
INSERT INTO sala_de_aula_alunos (id, sala_id, nome_aluno, turma, created_at) VALUES ('87f48b03-5d20-4c7f-90cf-b5ff5c1d20bf', 'c5846bea-d42b-432f-8891-5cd9e09a7d9c', 'KESLEY WILLIAM DA SILVA BORGES', '20401561400167575', '2025-09-16 16:56:36.208021+00:00');
INSERT INTO sala_de_aula_alunos (id, sala_id, nome_aluno, turma, created_at) VALUES ('593d61ff-0d44-48f4-8dd9-80a2cc01c05b', 'c5846bea-d42b-432f-8891-5cd9e09a7d9c', 'LETICIA DOS SANTOS', '20401561400167576', '2025-09-16 16:56:36.208021+00:00');
INSERT INTO sala_de_aula_alunos (id, sala_id, nome_aluno, turma, created_at) VALUES ('a0517456-5f5b-4f4b-a5ef-c845c2e84e5f', 'c5846bea-d42b-432f-8891-5cd9e09a7d9c', 'MARIA EDUARDA ROSA DE SOUZA', '20401561400167577', '2025-09-16 16:56:36.208021+00:00');
INSERT INTO sala_de_aula_alunos (id, sala_id, nome_aluno, turma, created_at) VALUES ('eaa7f06a-cb1f-44a7-a5ab-2106db034f83', 'c5846bea-d42b-432f-8891-5cd9e09a7d9c', 'MARIA LUIZA LATCZUK BARBOSA', '20511561500001580', '2025-09-16 16:56:36.208021+00:00');
INSERT INTO sala_de_aula_alunos (id, sala_id, nome_aluno, turma, created_at) VALUES ('48bce5ad-ea48-40eb-8cc5-0c2e772a2c80', 'c5846bea-d42b-432f-8891-5cd9e09a7d9c', 'MIGUEL DE OLIVEIRA', '20511561500001580', '2025-09-16 16:56:36.208021+00:00');
INSERT INTO sala_de_aula_alunos (id, sala_id, nome_aluno, turma, created_at) VALUES ('81025896-8cc3-4d7a-aa7a-d912ae080102', 'c5846bea-d42b-432f-8891-5cd9e09a7d9c', 'NATALIA DE OLIVEIRA LEITE', '20401561400167580', '2025-09-16 16:56:36.208021+00:00');
INSERT INTO sala_de_aula_alunos (id, sala_id, nome_aluno, turma, created_at) VALUES ('5e0caada-d9a8-4dd9-889e-7a4ebe0208ef', 'c5846bea-d42b-432f-8891-5cd9e09a7d9c', 'RAFAELLA FERREIRA MENDES', '20401561400167581', '2025-09-16 16:56:36.208021+00:00');
INSERT INTO sala_de_aula_alunos (id, sala_id, nome_aluno, turma, created_at) VALUES ('617d89b8-3222-467b-abba-8d095379a55f', 'c5846bea-d42b-432f-8891-5cd9e09a7d9c', 'RENATO ANTUNES STIVAL', '20401561400167582', '2025-09-16 16:56:36.208021+00:00');
INSERT INTO sala_de_aula_alunos (id, sala_id, nome_aluno, turma, created_at) VALUES ('09125265-3b6e-49cc-b199-10adc23c21f8', 'c5846bea-d42b-432f-8891-5cd9e09a7d9c', 'RYANA DE ALMEIDA SANTA ROSA SARMENTO', '20511561500001580', '2025-09-16 16:56:36.208021+00:00');
INSERT INTO sala_de_aula_alunos (id, sala_id, nome_aluno, turma, created_at) VALUES ('16fc2ccc-14a5-4953-8cb3-6b4c12b6eb31', 'c5846bea-d42b-432f-8891-5cd9e09a7d9c', 'RYLAN TURKOT BATISTA', '20401561400167584', '2025-09-16 16:56:36.208021+00:00');
INSERT INTO sala_de_aula_alunos (id, sala_id, nome_aluno, turma, created_at) VALUES ('3cf2cc5c-8140-4164-a6c4-a46a1d36b19f', 'c5846bea-d42b-432f-8891-5cd9e09a7d9c', 'VITOR ESPECORT ROCHA', '20401561400167585', '2025-09-16 16:56:36.208021+00:00');
INSERT INTO sala_de_aula_alunos (id, sala_id, nome_aluno, turma, created_at) VALUES ('4a61b795-fdcb-41a3-8998-6bd81ed85d59', 'c5846bea-d42b-432f-8891-5cd9e09a7d9c', 'VITORIA RAFAELA RODRIGUES QUINAPE', '20511561500001580', '2025-09-16 16:56:36.208021+00:00');
INSERT INTO sala_de_aula_alunos (id, sala_id, nome_aluno, turma, created_at) VALUES ('e33c942e-d9aa-4327-8db1-fe4f5d568894', 'c5846bea-d42b-432f-8891-5cd9e09a7d9c', 'YASMIN CANHA BATISTA', '20401561400167587', '2025-09-16 16:56:36.208021+00:00');
INSERT INTO sala_de_aula_alunos (id, sala_id, nome_aluno, turma, created_at) VALUES ('474755fe-2bf3-42b1-994b-ec21a30a9f6a', 'c5846bea-d42b-432f-8891-5cd9e09a7d9c', 'MARCOS WILLYAN DA SILVA KRIZZOZZUM', '20511561500001580', '2025-09-16 16:56:36.208021+00:00');
INSERT INTO sala_de_aula_alunos (id, sala_id, nome_aluno, turma, created_at) VALUES ('35381f4d-742c-4d9b-9dc0-47e67af868b5', 'c5846bea-d42b-432f-8891-5cd9e09a7d9c', 'GABRIEL GOMES MENDES', '20511561500001580', '2025-09-16 16:56:36.208021+00:00');
INSERT INTO sala_de_aula_alunos (id, sala_id, nome_aluno, turma, created_at) VALUES ('3d4b315e-de54-41a1-9c1d-17d99afa9da2', 'c5846bea-d42b-432f-8891-5cd9e09a7d9c', 'WESLLEY GABRIEL CARDOSO DOS SANTOS', '20511561500001580', '2025-09-16 16:56:36.208021+00:00');
INSERT INTO sala_de_aula_alunos (id, sala_id, nome_aluno, turma, created_at) VALUES ('5e27e763-052d-4bd8-b46f-62b6e4a63331', '9d8c9851-0ddf-43f5-9a70-9fc32d8d42fd', 'ALICE VARGAS DA CRUZ', '22751561400062892', '2026-06-11 14:44:48.938917+00:00');
INSERT INTO sala_de_aula_alunos (id, sala_id, nome_aluno, turma, created_at) VALUES ('4e02610a-8959-45af-bd2b-286f7fe7d424', '9d8c9851-0ddf-43f5-9a70-9fc32d8d42fd', 'BRUNO HENRIQUE DOS SANTOS CAVASSO NOBRE', '22751561400062893', '2026-06-11 14:44:48.938917+00:00');
INSERT INTO sala_de_aula_alunos (id, sala_id, nome_aluno, turma, created_at) VALUES ('1eb3c364-6236-46ea-9da5-ce7ebace0148', '9d8c9851-0ddf-43f5-9a70-9fc32d8d42fd', 'BRYAN EDUARDO SCHUMACHER DOS SANTOS', '22751561400062894', '2026-06-11 14:44:48.938917+00:00');
INSERT INTO sala_de_aula_alunos (id, sala_id, nome_aluno, turma, created_at) VALUES ('ba9c2508-7986-4099-ab60-96b0fcb25ca4', '9d8c9851-0ddf-43f5-9a70-9fc32d8d42fd', 'DAVI LUIZ REDINSKI NEGOSEKI', '22751561400062895', '2026-06-11 14:44:48.938917+00:00');
INSERT INTO sala_de_aula_alunos (id, sala_id, nome_aluno, turma, created_at) VALUES ('d8c49b01-5bae-4d55-b4b1-49100c8749be', '9d8c9851-0ddf-43f5-9a70-9fc32d8d42fd', 'EMANUELLE CABRAL LOPES', '22751561400062896', '2026-06-11 14:44:48.938917+00:00');
INSERT INTO sala_de_aula_alunos (id, sala_id, nome_aluno, turma, created_at) VALUES ('604fa6ff-91e5-4ec4-965e-ef70dc5e24ac', '9d8c9851-0ddf-43f5-9a70-9fc32d8d42fd', 'FABIO HENRIQUE DOS SANTOS RODRIGUES', '22751561400062897', '2026-06-11 14:44:48.938917+00:00');
INSERT INTO sala_de_aula_alunos (id, sala_id, nome_aluno, turma, created_at) VALUES ('b43fda31-6a9a-4e9b-ba70-da0fcbc142cf', '9d8c9851-0ddf-43f5-9a70-9fc32d8d42fd', 'FERNANDO CARLOS WAGNER DO NASCIMENTO', '22751561400062898', '2026-06-11 14:44:48.938917+00:00');
INSERT INTO sala_de_aula_alunos (id, sala_id, nome_aluno, turma, created_at) VALUES ('06b2618a-6492-461c-a5f5-b8abd354bad2', '9d8c9851-0ddf-43f5-9a70-9fc32d8d42fd', 'GUSTAVO ROBERTO NOGOZZEKY', '22751561400062899', '2026-06-11 14:44:48.938917+00:00');
INSERT INTO sala_de_aula_alunos (id, sala_id, nome_aluno, turma, created_at) VALUES ('3fb4a9c0-8764-4635-8720-225fa8ed0f7e', '9d8c9851-0ddf-43f5-9a70-9fc32d8d42fd', 'ISABELLE SOARES ALVES ROSA', '22751561400062900', '2026-06-11 14:44:48.938917+00:00');
INSERT INTO sala_de_aula_alunos (id, sala_id, nome_aluno, turma, created_at) VALUES ('d80999f0-9147-459a-adff-a130e8b80e29', '9d8c9851-0ddf-43f5-9a70-9fc32d8d42fd', 'IVAN RAMSES ABAD SEMPRUN', '22751561400062901', '2026-06-11 14:44:48.938917+00:00');
INSERT INTO sala_de_aula_alunos (id, sala_id, nome_aluno, turma, created_at) VALUES ('cd0f313a-0f03-4541-8cb8-1e6c56e0a517', '9d8c9851-0ddf-43f5-9a70-9fc32d8d42fd', 'JHEVERSON HENRIQUE PADILHA DOS SANTOS', '22751561400062902', '2026-06-11 14:44:48.938917+00:00');
INSERT INTO sala_de_aula_alunos (id, sala_id, nome_aluno, turma, created_at) VALUES ('88a13134-9c5d-49e8-8e53-cb083f9f2968', '9d8c9851-0ddf-43f5-9a70-9fc32d8d42fd', 'JOAO LUCAS GUGEL LEAL', '22751561400062903', '2026-06-11 14:44:48.938917+00:00');
INSERT INTO sala_de_aula_alunos (id, sala_id, nome_aluno, turma, created_at) VALUES ('8972a1c0-a91b-4df1-b2e8-244d28482548', '9d8c9851-0ddf-43f5-9a70-9fc32d8d42fd', 'JONATAS DAVI LOPES', '22751561400062904', '2026-06-11 14:44:48.938917+00:00');
INSERT INTO sala_de_aula_alunos (id, sala_id, nome_aluno, turma, created_at) VALUES ('480ad467-966d-4ade-8efa-2148bf371ff5', '9d8c9851-0ddf-43f5-9a70-9fc32d8d42fd', 'KAMILLY LETICIA BAUM DIAS', '22751561400062905', '2026-06-11 14:44:48.938917+00:00');
INSERT INTO sala_de_aula_alunos (id, sala_id, nome_aluno, turma, created_at) VALUES ('967b6a0c-becf-4037-a89d-c8b0e3a3c6c1', '9d8c9851-0ddf-43f5-9a70-9fc32d8d42fd', 'LOHAINE DOS SANTOS GODOIS', '22751561400062906', '2026-06-11 14:44:48.938917+00:00');
INSERT INTO sala_de_aula_alunos (id, sala_id, nome_aluno, turma, created_at) VALUES ('89024e3f-f040-4b70-806b-a350b28d8b1f', '9d8c9851-0ddf-43f5-9a70-9fc32d8d42fd', 'LUCAS GABRIEL PIRES DOS SANTOS', '22751561400062907', '2026-06-11 14:44:48.938917+00:00');
INSERT INTO sala_de_aula_alunos (id, sala_id, nome_aluno, turma, created_at) VALUES ('2ad21365-8ccc-4fbb-9243-15526a027ed5', '9d8c9851-0ddf-43f5-9a70-9fc32d8d42fd', 'LUIZ MIGUEL SOARES RICARDO', '22751561400062908', '2026-06-11 14:44:48.938917+00:00');
INSERT INTO sala_de_aula_alunos (id, sala_id, nome_aluno, turma, created_at) VALUES ('8440e8e9-bd86-49b7-ac42-74f1df2abad0', '9d8c9851-0ddf-43f5-9a70-9fc32d8d42fd', 'LUIZ OTAVIO KREKNICKI PEREIRA', '22751561400062909', '2026-06-11 14:44:48.938917+00:00');
INSERT INTO sala_de_aula_alunos (id, sala_id, nome_aluno, turma, created_at) VALUES ('1c225ff6-6284-4099-99e4-17bcb998955f', '9d8c9851-0ddf-43f5-9a70-9fc32d8d42fd', 'MARIA CLARA MIAN CHIORATTO', '22751561400062910', '2026-06-11 14:44:48.938917+00:00');
INSERT INTO sala_de_aula_alunos (id, sala_id, nome_aluno, turma, created_at) VALUES ('09463a49-0165-4c44-921c-482fafcef36e', '9d8c9851-0ddf-43f5-9a70-9fc32d8d42fd', 'MARIA CLARA STRAITENBERGER', '22751561400062911', '2026-06-11 14:44:48.938917+00:00');
INSERT INTO sala_de_aula_alunos (id, sala_id, nome_aluno, turma, created_at) VALUES ('ece62966-3a97-44f4-9b5b-1b2ec208199d', '9d8c9851-0ddf-43f5-9a70-9fc32d8d42fd', 'NICOLAS EDUARDO GROCHOSKA DA SILVA', '22751561400062912', '2026-06-11 14:44:48.938917+00:00');
INSERT INTO sala_de_aula_alunos (id, sala_id, nome_aluno, turma, created_at) VALUES ('f414ce45-d0ac-462d-813d-389fbfdc7b9f', '9d8c9851-0ddf-43f5-9a70-9fc32d8d42fd', 'PETERSON HENRIQUE NEGOSEKI DOS SANTOS', '22751561400062913', '2026-06-11 14:44:48.938917+00:00');
INSERT INTO sala_de_aula_alunos (id, sala_id, nome_aluno, turma, created_at) VALUES ('e3e94526-881b-4e4e-9772-d426070aad36', '9d8c9851-0ddf-43f5-9a70-9fc32d8d42fd', 'RACHEL FERRERIA ROCHA', '22751561400062914', '2026-06-11 14:44:48.938917+00:00');
INSERT INTO sala_de_aula_alunos (id, sala_id, nome_aluno, turma, created_at) VALUES ('53db254e-6ac7-485b-a652-bd3ee95217cb', '9d8c9851-0ddf-43f5-9a70-9fc32d8d42fd', 'REBECCA FERREIRA ROCHA', '22751561400062915', '2026-06-11 14:44:48.938917+00:00');
INSERT INTO sala_de_aula_alunos (id, sala_id, nome_aluno, turma, created_at) VALUES ('c6c80040-eb1b-4741-9ea4-56f524539147', '9d8c9851-0ddf-43f5-9a70-9fc32d8d42fd', 'VALENTINA SECHLER GONCALVES', '22751561400062917', '2026-06-11 14:44:48.938917+00:00');
INSERT INTO sala_de_aula_alunos (id, sala_id, nome_aluno, turma, created_at) VALUES ('1da8bc8d-acb9-46e0-b87e-b95526d75a6c', '9d8c9851-0ddf-43f5-9a70-9fc32d8d42fd', 'VICTOR BRANDAO MARTINS', '22751561400062918', '2026-06-11 14:44:48.938917+00:00');
INSERT INTO sala_de_aula_alunos (id, sala_id, nome_aluno, turma, created_at) VALUES ('6b904657-27ed-4464-8c7e-8efec9b48d8f', '118eb067-8872-452d-8431-14377f27276d', 'IVAN RAMSES ABAD SEMPRUN', '22751561400062901', '2026-06-12 18:41:20.318216+00:00');
INSERT INTO sala_de_aula_alunos (id, sala_id, nome_aluno, turma, created_at) VALUES ('7b24ef3a-eb15-4125-8240-3571a83721ab', '118eb067-8872-452d-8431-14377f27276d', 'LOHAINE DOS SANTOS GODOIS', '22751561400062906', '2026-06-12 18:41:20.318216+00:00');
INSERT INTO sala_de_aula_alunos (id, sala_id, nome_aluno, turma, created_at) VALUES ('68e3c7f4-bffc-4773-a533-6f85b54f9279', '118eb067-8872-452d-8431-14377f27276d', 'LUIZ OTAVIO KREKNICKI PEREIRA', '22751561400062909', '2026-06-12 18:41:20.318216+00:00');
INSERT INTO sala_de_aula_alunos (id, sala_id, nome_aluno, turma, created_at) VALUES ('9e7fb59d-f9fe-46cc-9f34-ac806f4e3bd5', '118eb067-8872-452d-8431-14377f27276d', 'REBECCA FERREIRA ROCHA', '22751561400062915', '2026-06-12 18:41:20.318216+00:00');
INSERT INTO sala_de_aula_alunos (id, sala_id, nome_aluno, turma, created_at) VALUES ('1af83b8e-a802-49e0-99e1-d605ea74bd89', '118eb067-8872-452d-8431-14377f27276d', 'VALENTINA SECHLER GONCALVES', '22751561400062917', '2026-06-12 18:41:20.318216+00:00');
INSERT INTO sala_de_aula_alunos (id, sala_id, nome_aluno, turma, created_at) VALUES ('d8fdd692-5dd7-41b3-957e-2092ef31ab7a', 'e1ec72e1-deab-41e7-a47f-6a740000e005', 'BRUNO HENRIQUE DOS SANTOS CAVASSO NOBRE', '22751561400062893', '2026-06-12 18:42:42.672622+00:00');
INSERT INTO sala_de_aula_alunos (id, sala_id, nome_aluno, turma, created_at) VALUES ('cfff21f9-91ca-48bb-b1b2-944696088a1f', 'e1ec72e1-deab-41e7-a47f-6a740000e005', 'DAVI LUIZ REDINSKI NEGOSEKI', '22751561400062895', '2026-06-12 18:42:42.672622+00:00');
INSERT INTO sala_de_aula_alunos (id, sala_id, nome_aluno, turma, created_at) VALUES ('33d25257-b3a5-4889-9e49-3230323c0fdf', 'e1ec72e1-deab-41e7-a47f-6a740000e005', 'EMANUELLE CABRAL LOPES', '22751561400062896', '2026-06-12 18:42:42.672622+00:00');
INSERT INTO sala_de_aula_alunos (id, sala_id, nome_aluno, turma, created_at) VALUES ('a982a12a-3ad5-4345-8dd5-6e036a8e3c41', 'e1ec72e1-deab-41e7-a47f-6a740000e005', 'FERNANDO CARLOS WAGNER DO NASCIMENTO', '22751561400062898', '2026-06-12 18:42:42.672622+00:00');
INSERT INTO sala_de_aula_alunos (id, sala_id, nome_aluno, turma, created_at) VALUES ('61c15fa4-0553-44d9-9752-437295ea459e', 'e1ec72e1-deab-41e7-a47f-6a740000e005', 'LUCAS GABRIEL PIRES DOS SANTOS', '22751561400062907', '2026-06-12 18:42:42.672622+00:00');
INSERT INTO sala_de_aula_alunos (id, sala_id, nome_aluno, turma, created_at) VALUES ('ff0cf8f0-3a3e-45e4-94fb-2503c7148513', 'e1ec72e1-deab-41e7-a47f-6a740000e005', 'LUIZ MIGUEL SOARES RICARDO', '22751561400062908', '2026-06-12 18:42:42.672622+00:00');
INSERT INTO sala_de_aula_alunos (id, sala_id, nome_aluno, turma, created_at) VALUES ('8e39b1ec-9e67-4343-884b-f0b3ae4a5288', 'e1ec72e1-deab-41e7-a47f-6a740000e005', 'MARIA CLARA MIAN CHIORATTO', '22751561400062910', '2026-06-12 18:42:42.672622+00:00');
INSERT INTO sala_de_aula_alunos (id, sala_id, nome_aluno, turma, created_at) VALUES ('5ac413dc-60eb-4913-a549-e4befe22174e', 'e1ec72e1-deab-41e7-a47f-6a740000e005', 'RACHEL FERRERIA ROCHA', '22751561400062914', '2026-06-12 18:42:42.672622+00:00');
INSERT INTO sala_de_aula_alunos (id, sala_id, nome_aluno, turma, created_at) VALUES ('7df792fc-0b37-4483-a07d-dd9ebd184322', '85e53551-ccec-4108-8dd4-883e82f358ae', 'ALICE VARGAS DA CRUZ', '22751561400062892', '2026-06-12 18:44:10.150865+00:00');
INSERT INTO sala_de_aula_alunos (id, sala_id, nome_aluno, turma, created_at) VALUES ('a7f49c61-fcdf-4333-bd1b-9cca43425f1c', '85e53551-ccec-4108-8dd4-883e82f358ae', 'BRYAN EDUARDO SCHUMACHER DOS SANTOS', '22751561400062894', '2026-06-12 18:44:10.150865+00:00');
INSERT INTO sala_de_aula_alunos (id, sala_id, nome_aluno, turma, created_at) VALUES ('aa643511-c2a8-4074-8ea8-5c314309dc7a', '85e53551-ccec-4108-8dd4-883e82f358ae', 'GUSTAVO ROBERTO NOGOZZEKY', '22751561400062899', '2026-06-12 18:44:10.150865+00:00');
INSERT INTO sala_de_aula_alunos (id, sala_id, nome_aluno, turma, created_at) VALUES ('f092bab9-1b5b-4d83-a7f8-3720b1de6ba4', '85e53551-ccec-4108-8dd4-883e82f358ae', 'ISABELLE SOARES ALVES ROSA', '22751561400062900', '2026-06-12 18:44:10.150865+00:00');
INSERT INTO sala_de_aula_alunos (id, sala_id, nome_aluno, turma, created_at) VALUES ('04a3a1be-320a-41e0-ae27-b2182cf87822', '85e53551-ccec-4108-8dd4-883e82f358ae', 'JHEVERSON HENRIQUE PADILHA DOS SANTOS', '22751561400062902', '2026-06-12 18:44:10.150865+00:00');
INSERT INTO sala_de_aula_alunos (id, sala_id, nome_aluno, turma, created_at) VALUES ('c77aee75-a341-4913-972d-b097131afc3d', '85e53551-ccec-4108-8dd4-883e82f358ae', 'JOAO LUCAS GUGEL LEAL', '22751561400062903', '2026-06-12 18:44:10.150865+00:00');
INSERT INTO sala_de_aula_alunos (id, sala_id, nome_aluno, turma, created_at) VALUES ('4d257b84-5982-4c2a-9982-b37ba9cff34c', '85e53551-ccec-4108-8dd4-883e82f358ae', 'JONATAS DAVI LOPES', '22751561400062904', '2026-06-12 18:44:10.150865+00:00');
INSERT INTO sala_de_aula_alunos (id, sala_id, nome_aluno, turma, created_at) VALUES ('b911849e-3880-474f-a515-17990dee24d0', '85e53551-ccec-4108-8dd4-883e82f358ae', 'KAMILLY LETICIA BAUM DIAS', '22751561400062905', '2026-06-12 18:44:10.150865+00:00');
INSERT INTO sala_de_aula_alunos (id, sala_id, nome_aluno, turma, created_at) VALUES ('b2bea625-c83f-4989-b5ac-ff9405a590a0', '85e53551-ccec-4108-8dd4-883e82f358ae', 'MARIA CLARA STRAITENBERGER', '22751561400062911', '2026-06-12 18:44:10.150865+00:00');
INSERT INTO sala_de_aula_alunos (id, sala_id, nome_aluno, turma, created_at) VALUES ('00df84a2-13c7-4de8-b643-d105362784b7', '85e53551-ccec-4108-8dd4-883e82f358ae', 'NICOLAS EDUARDO GROCHOSKA DA SILVA', '22751561400062912', '2026-06-12 18:44:10.150865+00:00');
INSERT INTO sala_de_aula_alunos (id, sala_id, nome_aluno, turma, created_at) VALUES ('b0094425-2a17-4b1b-8f59-e03da141fb22', '85e53551-ccec-4108-8dd4-883e82f358ae', 'PETERSON HENRIQUE NEGOSEKI DOS SANTOS', '22751561400062913', '2026-06-12 18:44:10.150865+00:00');
INSERT INTO sala_de_aula_alunos (id, sala_id, nome_aluno, turma, created_at) VALUES ('eaaad4da-60cb-4487-a39a-1526ef730a78', '85e53551-ccec-4108-8dd4-883e82f358ae', 'VICTOR BRANDAO MARTINS', '22751561400062918', '2026-06-12 18:44:10.150865+00:00');
INSERT INTO sala_de_aula_alunos (id, sala_id, nome_aluno, turma, created_at) VALUES ('e8252203-89a1-4f4d-acd4-81848ba16a08', 'ff960c0b-7b0f-4c78-ae42-f546ce8aa034', 'ABIEL MITSURU FUCAHORI KAWAMURA', '22751561400051970', '2026-06-13 12:37:02.465592+00:00');
INSERT INTO sala_de_aula_alunos (id, sala_id, nome_aluno, turma, created_at) VALUES ('6c5cee25-90bf-4f07-ba54-84943b4b2c8b', '9a1741b7-c8c3-41ad-a201-96c46a660394', 'ALEX COSTA DE OLIVEIRA', '22751561400124717', '2026-06-13 13:25:09.479261+00:00');
INSERT INTO sala_de_aula_alunos (id, sala_id, nome_aluno, turma, created_at) VALUES ('081eb752-50a0-4856-92a6-6430d203f4a6', '9a1741b7-c8c3-41ad-a201-96c46a660394', 'ANA CLARA LAFAO DA SILVA', '22751561400124719', '2026-06-13 13:25:09.479261+00:00');
INSERT INTO sala_de_aula_alunos (id, sala_id, nome_aluno, turma, created_at) VALUES ('0a73f8a7-72cc-4013-ac86-0697ae368fb1', '9a1741b7-c8c3-41ad-a201-96c46a660394', 'ANA LIVIA CAMARGO LINO', '22751561400124720', '2026-06-13 13:25:09.479261+00:00');
INSERT INTO sala_de_aula_alunos (id, sala_id, nome_aluno, turma, created_at) VALUES ('9f2f27b3-8f08-4516-9658-3c8e869b2f98', '9a1741b7-c8c3-41ad-a201-96c46a660394', 'ANDRE LUIS DOS SANTOS GOES DA SILVA', '22751561400124721', '2026-06-13 13:25:09.479261+00:00');
INSERT INTO sala_de_aula_alunos (id, sala_id, nome_aluno, turma, created_at) VALUES ('6b29b34d-e305-4b31-940f-c66b0b65753b', '9a1741b7-c8c3-41ad-a201-96c46a660394', 'ARTHUR DE ALMEIDA MAGALHAES', '22751561400124722', '2026-06-13 13:25:09.479261+00:00');
INSERT INTO sala_de_aula_alunos (id, sala_id, nome_aluno, turma, created_at) VALUES ('36e59865-b58a-4793-a9f2-1d92b693aea1', '9a1741b7-c8c3-41ad-a201-96c46a660394', 'BEATRIZ DE OLIVEIRA NUNES HERZOG', '22751561400124723', '2026-06-13 13:25:09.479261+00:00');
INSERT INTO sala_de_aula_alunos (id, sala_id, nome_aluno, turma, created_at) VALUES ('ec3c8b7b-5bd3-4e0d-b8a9-63a8b36eb986', '9a1741b7-c8c3-41ad-a201-96c46a660394', 'BEATRIZ DE SALLES REGGIANI', '22751561400124724', '2026-06-13 13:25:09.479261+00:00');
INSERT INTO sala_de_aula_alunos (id, sala_id, nome_aluno, turma, created_at) VALUES ('d684c7ce-c446-4e0d-9da8-18f64252de7b', '9a1741b7-c8c3-41ad-a201-96c46a660394', 'EDUARDO SCHWANKA CORDEIRO', '22751561400124725', '2026-06-13 13:25:09.479261+00:00');
INSERT INTO sala_de_aula_alunos (id, sala_id, nome_aluno, turma, created_at) VALUES ('8b36e319-ece7-44d2-8ab8-91925c359de0', '9a1741b7-c8c3-41ad-a201-96c46a660394', 'FLAVIA LARYSSA PROCHMANN', '22751561400124726', '2026-06-13 13:25:09.479261+00:00');
INSERT INTO sala_de_aula_alunos (id, sala_id, nome_aluno, turma, created_at) VALUES ('9e45bb8f-a117-414c-ac6f-6e5a8cd00880', '9a1741b7-c8c3-41ad-a201-96c46a660394', 'GABRIELA DE OLIVEIRA DO NASCIMENTO', '22751561400124727', '2026-06-13 13:25:09.479261+00:00');
INSERT INTO sala_de_aula_alunos (id, sala_id, nome_aluno, turma, created_at) VALUES ('624ab526-cfd7-417b-b7fd-e487f34b8c6d', '9a1741b7-c8c3-41ad-a201-96c46a660394', 'ISABELLA NOHEMI VALDERRAMA RODRIGUEZ', '22751561400124728', '2026-06-13 13:25:09.479261+00:00');
INSERT INTO sala_de_aula_alunos (id, sala_id, nome_aluno, turma, created_at) VALUES ('cb64598e-8cc8-489a-83e7-c756fa6bc320', '9a1741b7-c8c3-41ad-a201-96c46a660394', 'IZADORA CRISTINA SANTOS DE SOUZA', '22751561400124729', '2026-06-13 13:25:09.479261+00:00');
INSERT INTO sala_de_aula_alunos (id, sala_id, nome_aluno, turma, created_at) VALUES ('10504078-eb95-47c9-bc4b-e74d7026b0db', '9a1741b7-c8c3-41ad-a201-96c46a660394', 'JOAO PEDRO MOCELIM MUNHOZ', '22751561400124730', '2026-06-13 13:25:09.479261+00:00');
INSERT INTO sala_de_aula_alunos (id, sala_id, nome_aluno, turma, created_at) VALUES ('0c304a7f-014b-4019-b26b-2f415cf23cb8', '9a1741b7-c8c3-41ad-a201-96c46a660394', 'LEONARDO GUIOTTO', '22751561400124731', '2026-06-13 13:25:09.479261+00:00');
INSERT INTO sala_de_aula_alunos (id, sala_id, nome_aluno, turma, created_at) VALUES ('82f8059e-3c2c-4674-967b-80e28646b3d2', '9a1741b7-c8c3-41ad-a201-96c46a660394', 'LETICIA PRIETO', '22751561400124732', '2026-06-13 13:25:09.479261+00:00');
INSERT INTO sala_de_aula_alunos (id, sala_id, nome_aluno, turma, created_at) VALUES ('5ee8d999-5506-4638-bc37-c73fee8d729b', '9a1741b7-c8c3-41ad-a201-96c46a660394', 'MARIA EDUARDA MALISKI PEREIRA', '22751561400124733', '2026-06-13 13:25:09.479261+00:00');
INSERT INTO sala_de_aula_alunos (id, sala_id, nome_aluno, turma, created_at) VALUES ('1cfbe523-a5fd-4138-810d-034017dd02a9', '9a1741b7-c8c3-41ad-a201-96c46a660394', 'MARIA FERNANDA DE JESUS', '22751561400124734', '2026-06-13 13:25:09.479261+00:00');
INSERT INTO sala_de_aula_alunos (id, sala_id, nome_aluno, turma, created_at) VALUES ('f69885a6-f1f8-4e49-b95d-295c2fd1a067', '9a1741b7-c8c3-41ad-a201-96c46a660394', 'MATEUS NEVES BEZERRA DA SILVA', '22751561400124735', '2026-06-13 13:25:09.479261+00:00');
INSERT INTO sala_de_aula_alunos (id, sala_id, nome_aluno, turma, created_at) VALUES ('bf105234-7979-4e3b-9664-a60e9622211f', '9a1741b7-c8c3-41ad-a201-96c46a660394', 'MATHEUS LOPES DE NOVAES', '22751561400124736', '2026-06-13 13:25:09.479261+00:00');
INSERT INTO sala_de_aula_alunos (id, sala_id, nome_aluno, turma, created_at) VALUES ('e599a803-56fc-4981-b8e4-928b69376c6d', '9a1741b7-c8c3-41ad-a201-96c46a660394', 'NATALIA EDUARDA DOS SANTOS ZANATA', '22751561400124737', '2026-06-13 13:25:09.479261+00:00');
INSERT INTO sala_de_aula_alunos (id, sala_id, nome_aluno, turma, created_at) VALUES ('c6161902-1ad4-4140-8563-c7eceac81d40', '9a1741b7-c8c3-41ad-a201-96c46a660394', 'PEDRO GUSTTAVO BORTOLATO', '22751561400124738', '2026-06-13 13:25:09.479261+00:00');
INSERT INTO sala_de_aula_alunos (id, sala_id, nome_aluno, turma, created_at) VALUES ('8a8af7dc-43e3-479e-9006-1c8999bd662c', '9a1741b7-c8c3-41ad-a201-96c46a660394', 'RAMON ANISETO PAWELSKI', '22751561400124739', '2026-06-13 13:25:09.479261+00:00');
INSERT INTO sala_de_aula_alunos (id, sala_id, nome_aluno, turma, created_at) VALUES ('8e25bfe9-f96a-4409-a43a-d0110861b1a7', '9a1741b7-c8c3-41ad-a201-96c46a660394', 'RAYSSA MAYARA DE OLIVEIRA MERELES', '22751561400124740', '2026-06-13 13:25:09.479261+00:00');
INSERT INTO sala_de_aula_alunos (id, sala_id, nome_aluno, turma, created_at) VALUES ('0c054ace-71e0-406a-a7be-6b3c747e1dfe', '9a1741b7-c8c3-41ad-a201-96c46a660394', 'REBECA CALIZARIO LOURENCO', '22751561400124741', '2026-06-13 13:25:09.479261+00:00');
INSERT INTO sala_de_aula_alunos (id, sala_id, nome_aluno, turma, created_at) VALUES ('60344208-e8b5-456f-bdf0-7edb7cf47357', '9a1741b7-c8c3-41ad-a201-96c46a660394', 'RHUANDER PEREIRA DA SILVA', '22751561400124742', '2026-06-13 13:25:09.479261+00:00');
INSERT INTO sala_de_aula_alunos (id, sala_id, nome_aluno, turma, created_at) VALUES ('d26fe0c0-9327-4e87-8f46-e653142694a9', '9a1741b7-c8c3-41ad-a201-96c46a660394', 'SABRINA DA MOTA LARA', '22751561400124743', '2026-06-13 13:25:09.479261+00:00');
INSERT INTO sala_de_aula_alunos (id, sala_id, nome_aluno, turma, created_at) VALUES ('c8fa7306-8a47-44f2-8908-314b56db3e1f', '9a1741b7-c8c3-41ad-a201-96c46a660394', 'THABATA VICTORIA DE CARVALHO FULY', '22751561400124744', '2026-06-13 13:25:09.479261+00:00');
INSERT INTO sala_de_aula_alunos (id, sala_id, nome_aluno, turma, created_at) VALUES ('52064024-1053-4b1e-a553-99fc5dfd017b', '9a1741b7-c8c3-41ad-a201-96c46a660394', 'THALIA VITORIA MOREIRA DIAS', '22751561400124745', '2026-06-13 13:25:09.479261+00:00');
INSERT INTO sala_de_aula_alunos (id, sala_id, nome_aluno, turma, created_at) VALUES ('03d8479e-10b6-4736-b608-760b772b5504', '9a1741b7-c8c3-41ad-a201-96c46a660394', 'TIAGO NEVES BEZERRA DA SILVA', '22751561400124746', '2026-06-13 13:25:09.479261+00:00');
INSERT INTO sala_de_aula_alunos (id, sala_id, nome_aluno, turma, created_at) VALUES ('7dacc721-8c9c-4bfb-993a-16337dfb61b8', '9a1741b7-c8c3-41ad-a201-96c46a660394', 'YURI LIRA LEMES DOS SANTOS', '22751561400124747', '2026-06-13 13:25:09.479261+00:00');
INSERT INTO sala_de_aula_alunos (id, sala_id, nome_aluno, turma, created_at) VALUES ('d1bab4f8-6970-4781-915b-df22addd8a83', '9a1741b7-c8c3-41ad-a201-96c46a660394', 'ANA BEATRIZ ALVES BETIOL FERNANDES', '22751561400124718', '2026-06-13 13:25:09.479261+00:00');
INSERT INTO sala_de_aula_alunos (id, sala_id, nome_aluno, turma, created_at) VALUES ('5146ccff-621b-432c-808a-92ce254f9828', '9a1741b7-c8c3-41ad-a201-96c46a660394', 'ISABELA DIAS BARBOSA', '22751561400124997', '2026-06-13 13:25:09.479261+00:00');
INSERT INTO sala_de_aula_alunos (id, sala_id, nome_aluno, turma, created_at) VALUES ('2a7ee935-6fd5-4f0a-a1ce-34c45105b0bd', '81ee1887-ed36-441c-83aa-25247c7a794f', 'AGATA MONIQUE CAMPOS DOS SANTOS', '22751561400124808', '2026-06-13 13:30:24.751632+00:00');
INSERT INTO sala_de_aula_alunos (id, sala_id, nome_aluno, turma, created_at) VALUES ('ba1e7dc4-63b1-48a7-b59d-80b8004d4e16', '81ee1887-ed36-441c-83aa-25247c7a794f', 'ALICE CECILIA DAS NEVES SOARES', '22751561400124809', '2026-06-13 13:30:24.751632+00:00');
INSERT INTO sala_de_aula_alunos (id, sala_id, nome_aluno, turma, created_at) VALUES ('d373d04a-23cf-4c41-aaf4-0c547485e5e1', '81ee1887-ed36-441c-83aa-25247c7a794f', 'ARTHUR GONCALVES KORTZ', '22751561400124811', '2026-06-13 13:30:24.751632+00:00');
INSERT INTO sala_de_aula_alunos (id, sala_id, nome_aluno, turma, created_at) VALUES ('0d26c49a-558d-4004-9059-83610572802a', '81ee1887-ed36-441c-83aa-25247c7a794f', 'ARTHUR MIGUEL DE OLIVEIRA DE SOUZA', '22751561400124812', '2026-06-13 13:30:24.751632+00:00');
INSERT INTO sala_de_aula_alunos (id, sala_id, nome_aluno, turma, created_at) VALUES ('6031a70f-3504-4d12-b7ba-c17bca5fcff9', '81ee1887-ed36-441c-83aa-25247c7a794f', 'BEATRIZ DE ARAUJO DA SILVA', '22751561400124813', '2026-06-13 13:30:24.751632+00:00');
INSERT INTO sala_de_aula_alunos (id, sala_id, nome_aluno, turma, created_at) VALUES ('8a938d06-fd40-4c6e-9fc3-83b3cbde63ff', '81ee1887-ed36-441c-83aa-25247c7a794f', 'ENZO BATISTA PANIAGO RODRIGUES', '22751561400124814', '2026-06-13 13:30:24.751632+00:00');
INSERT INTO sala_de_aula_alunos (id, sala_id, nome_aluno, turma, created_at) VALUES ('893a201d-fa6e-465f-87da-618f79c43341', '81ee1887-ed36-441c-83aa-25247c7a794f', 'GABRIELA APARECIDA LOVATO', '22751561400124815', '2026-06-13 13:30:24.751632+00:00');
INSERT INTO sala_de_aula_alunos (id, sala_id, nome_aluno, turma, created_at) VALUES ('fc129bfd-1638-4e02-bbcb-fc98a17891fb', '81ee1887-ed36-441c-83aa-25247c7a794f', 'HELOISA DO BONFIM DA SILVA', '22751561400124817', '2026-06-13 13:30:24.751632+00:00');
INSERT INTO sala_de_aula_alunos (id, sala_id, nome_aluno, turma, created_at) VALUES ('cbf4017b-0134-4819-9467-f69e4a64474a', '81ee1887-ed36-441c-83aa-25247c7a794f', 'HENRIQUE DOS SANTOS DE CAMARGO', '22751561400124818', '2026-06-13 13:30:24.751632+00:00');
INSERT INTO sala_de_aula_alunos (id, sala_id, nome_aluno, turma, created_at) VALUES ('b899e077-87b9-4c93-9aa5-aaf558b9b137', '81ee1887-ed36-441c-83aa-25247c7a794f', 'ISABELE DO BONFIM DE OLIVEIRA', '22751561400124819', '2026-06-13 13:30:24.751632+00:00');
INSERT INTO sala_de_aula_alunos (id, sala_id, nome_aluno, turma, created_at) VALUES ('cd2ba033-727c-41ec-90ad-d4a45bf47e0a', '81ee1887-ed36-441c-83aa-25247c7a794f', 'ISABELY OTTO SAFANELLI', '22751561400124820', '2026-06-13 13:30:24.751632+00:00');
INSERT INTO sala_de_aula_alunos (id, sala_id, nome_aluno, turma, created_at) VALUES ('563f8f7f-fd88-4d4c-9916-53a9597be445', '81ee1887-ed36-441c-83aa-25247c7a794f', 'JOAO PEDRO MAGALHAES DE OLIVEIRA', '22751561400124821', '2026-06-13 13:30:24.751632+00:00');
INSERT INTO sala_de_aula_alunos (id, sala_id, nome_aluno, turma, created_at) VALUES ('ae80b5eb-dfac-4a75-adea-feb0e110fbb7', '81ee1887-ed36-441c-83aa-25247c7a794f', 'KYRA ISEKI BOLZAN', '22751561400124822', '2026-06-13 13:30:24.751632+00:00');
INSERT INTO sala_de_aula_alunos (id, sala_id, nome_aluno, turma, created_at) VALUES ('8643829c-ca5c-4799-ae36-bcca67679951', '81ee1887-ed36-441c-83aa-25247c7a794f', 'LUIZ MIGUEL BARUFFI DE ALMEIDA LEITE DE ARAUJO', '22751561400124824', '2026-06-13 13:30:24.751632+00:00');
INSERT INTO sala_de_aula_alunos (id, sala_id, nome_aluno, turma, created_at) VALUES ('8382c972-1999-4267-bdd3-8ccffd98309f', '81ee1887-ed36-441c-83aa-25247c7a794f', 'MARIA EDUARDA DE OLIVEIRA', '22751561400124825', '2026-06-13 13:30:24.751632+00:00');
INSERT INTO sala_de_aula_alunos (id, sala_id, nome_aluno, turma, created_at) VALUES ('73b31d72-6488-4af7-bf47-6c8b54ae650a', '81ee1887-ed36-441c-83aa-25247c7a794f', 'MAYRA MARRY BEZERRA', '22751561400124826', '2026-06-13 13:30:24.751632+00:00');
INSERT INTO sala_de_aula_alunos (id, sala_id, nome_aluno, turma, created_at) VALUES ('c4a889bd-531f-4e6b-816c-a56716995afe', '81ee1887-ed36-441c-83aa-25247c7a794f', 'NATHALY SOFIA SILVA MARTINS RIBEIRO', '22751561400124827', '2026-06-13 13:30:24.751632+00:00');
INSERT INTO sala_de_aula_alunos (id, sala_id, nome_aluno, turma, created_at) VALUES ('6ced2476-a006-452e-aba0-0425a116bacc', '81ee1887-ed36-441c-83aa-25247c7a794f', 'NICOLAS GONCALVES AZEREDO COUTINHO', '22751561400124828', '2026-06-13 13:30:24.751632+00:00');
INSERT INTO sala_de_aula_alunos (id, sala_id, nome_aluno, turma, created_at) VALUES ('1a545a89-da50-4011-943e-b1785d639668', '81ee1887-ed36-441c-83aa-25247c7a794f', 'PEDRO HENRIQUE DA SILVA CARDOSO', '22751561400124829', '2026-06-13 13:30:24.751632+00:00');
INSERT INTO sala_de_aula_alunos (id, sala_id, nome_aluno, turma, created_at) VALUES ('794ce7f9-bda0-4810-bfcc-5911744d7c0c', '81ee1887-ed36-441c-83aa-25247c7a794f', 'PHILIPE ALVES ASSIS', '22751561400124830', '2026-06-13 13:30:24.751632+00:00');
INSERT INTO sala_de_aula_alunos (id, sala_id, nome_aluno, turma, created_at) VALUES ('d29dd112-f929-4241-a4e7-6cc4c88d6dcc', '81ee1887-ed36-441c-83aa-25247c7a794f', 'RENAN DE SOUSA BELEM', '22751561400124831', '2026-06-13 13:30:24.751632+00:00');
INSERT INTO sala_de_aula_alunos (id, sala_id, nome_aluno, turma, created_at) VALUES ('7b4cc67d-f695-45a8-8c5b-975f874760d3', '81ee1887-ed36-441c-83aa-25247c7a794f', 'RENATO PEREIRA WEISS', '22751561400124832', '2026-06-13 13:30:24.751632+00:00');
INSERT INTO sala_de_aula_alunos (id, sala_id, nome_aluno, turma, created_at) VALUES ('b3bac843-52ef-4057-a033-1f13e6d5ccab', '81ee1887-ed36-441c-83aa-25247c7a794f', 'RICARDO DE FREITAS MENDES', '22751561400124833', '2026-06-13 13:30:24.751632+00:00');
INSERT INTO sala_de_aula_alunos (id, sala_id, nome_aluno, turma, created_at) VALUES ('7a1156a7-5b46-4fd6-ac9c-3f9535e1c9b1', '81ee1887-ed36-441c-83aa-25247c7a794f', 'SARA EMANUELLY SANTOS DE OLIVEIRA', '22751561400124835', '2026-06-13 13:30:24.751632+00:00');
INSERT INTO sala_de_aula_alunos (id, sala_id, nome_aluno, turma, created_at) VALUES ('6df176c2-f1e2-4fbc-81d7-ca302dd2d91c', '81ee1887-ed36-441c-83aa-25247c7a794f', 'VINICIUS LOPES COSTA', '22751561400124836', '2026-06-13 13:30:24.751632+00:00');
INSERT INTO sala_de_aula_alunos (id, sala_id, nome_aluno, turma, created_at) VALUES ('0d4ac6ed-13c8-4a3e-aa76-d797321b8915', '81ee1887-ed36-441c-83aa-25247c7a794f', 'VITORIA DIAS BRUGNHOLO', '22751561400124837', '2026-06-13 13:30:24.751632+00:00');
INSERT INTO sala_de_aula_alunos (id, sala_id, nome_aluno, turma, created_at) VALUES ('0d359e0c-17d9-48c0-a19a-7f75257331f8', '81ee1887-ed36-441c-83aa-25247c7a794f', 'YASMIM TEIXEIRA DA SILVA CORREIA', '22751561400124838', '2026-06-13 13:30:24.751632+00:00');
INSERT INTO sala_de_aula_alunos (id, sala_id, nome_aluno, turma, created_at) VALUES ('2e9dac97-0267-46ea-9163-3a3e09c767ee', '81ee1887-ed36-441c-83aa-25247c7a794f', 'LUIZ FELIPE DA SILVA TORRINHA', '22751561400124823', '2026-06-13 13:30:24.751632+00:00');
INSERT INTO sala_de_aula_alunos (id, sala_id, nome_aluno, turma, created_at) VALUES ('7c611f52-215d-453c-811b-4ad6ec3240ce', '81ee1887-ed36-441c-83aa-25247c7a794f', 'ALTAIR JUNIOR DE SALLES DA SILVA', '22751561400124810', '2026-06-13 13:30:24.751632+00:00');
INSERT INTO sala_de_aula_alunos (id, sala_id, nome_aluno, turma, created_at) VALUES ('709bc493-1ecf-473c-acb3-6d9b84920b26', '15c8cdeb-542f-4046-bf7f-e7f791dbe0b9', 'ANA BEATRIZ BORGES DOS SANTOS', '22751561400124896', '2026-06-13 13:33:22.614462+00:00');
INSERT INTO sala_de_aula_alunos (id, sala_id, nome_aluno, turma, created_at) VALUES ('57456a84-2eb1-48a2-8b20-2881883e0d44', '15c8cdeb-542f-4046-bf7f-e7f791dbe0b9', 'BRIANELLA ALCAZAR NOGALES', '22751561400124897', '2026-06-13 13:33:22.614462+00:00');
INSERT INTO sala_de_aula_alunos (id, sala_id, nome_aluno, turma, created_at) VALUES ('0fb17e9d-66c0-4463-a886-98c7d8994ba5', '15c8cdeb-542f-4046-bf7f-e7f791dbe0b9', 'BRUNO HENRIQUE RIBEIRO DOS SANTOS', '22751561400124898', '2026-06-13 13:33:22.614462+00:00');
INSERT INTO sala_de_aula_alunos (id, sala_id, nome_aluno, turma, created_at) VALUES ('134423ad-f8d7-4dbe-8c82-d0938b367c54', '15c8cdeb-542f-4046-bf7f-e7f791dbe0b9', 'DANIEL CEZAR FERNANDES DE BARROS FILHO', '22751561400124899', '2026-06-13 13:33:22.614462+00:00');
INSERT INTO sala_de_aula_alunos (id, sala_id, nome_aluno, turma, created_at) VALUES ('03146810-7880-4b4e-ba2c-7df94d1e2098', '15c8cdeb-542f-4046-bf7f-e7f791dbe0b9', 'DANIEL ESTEVES PEREIRA MARCELINO', '22751561400124900', '2026-06-13 13:33:22.614462+00:00');
INSERT INTO sala_de_aula_alunos (id, sala_id, nome_aluno, turma, created_at) VALUES ('deeca4ee-01d4-4014-8ae2-f93892787cc5', '15c8cdeb-542f-4046-bf7f-e7f791dbe0b9', 'DANIEL HENRIQUE LEMES MEIRA COLLEONI', '22751561400124901', '2026-06-13 13:33:22.614462+00:00');
INSERT INTO sala_de_aula_alunos (id, sala_id, nome_aluno, turma, created_at) VALUES ('5f1e682d-7350-4997-b5bb-2b86eee3cc3e', '15c8cdeb-542f-4046-bf7f-e7f791dbe0b9', 'ELOISA TENORIO DOS SANTOS', '22751561400124902', '2026-06-13 13:33:22.614462+00:00');
INSERT INTO sala_de_aula_alunos (id, sala_id, nome_aluno, turma, created_at) VALUES ('bc951113-2d7a-4562-8ab8-e0cf5b77a884', '15c8cdeb-542f-4046-bf7f-e7f791dbe0b9', 'ELYSSON LUCAS DOS SANTOS OLIVEIRA', '22751561400124903', '2026-06-13 13:33:22.614462+00:00');
INSERT INTO sala_de_aula_alunos (id, sala_id, nome_aluno, turma, created_at) VALUES ('6dfb1070-741c-4aa6-b28b-ee657ca31280', '15c8cdeb-542f-4046-bf7f-e7f791dbe0b9', 'EMANUELLE BRITO AMARAL', '22751561400124904', '2026-06-13 13:33:22.614462+00:00');
INSERT INTO sala_de_aula_alunos (id, sala_id, nome_aluno, turma, created_at) VALUES ('69df05d7-238b-407d-950a-fd46f160be04', '15c8cdeb-542f-4046-bf7f-e7f791dbe0b9', 'GABRIELA ROJAS MARTINEZ', '22751561400124906', '2026-06-13 13:33:22.614462+00:00');
INSERT INTO sala_de_aula_alunos (id, sala_id, nome_aluno, turma, created_at) VALUES ('037f6d0a-3f9e-4542-bbd6-41fe71da95c5', '15c8cdeb-542f-4046-bf7f-e7f791dbe0b9', 'GABRIEL FELIPE SILVA CARNEIRO', '22751561400124905', '2026-06-13 13:33:22.614462+00:00');
INSERT INTO sala_de_aula_alunos (id, sala_id, nome_aluno, turma, created_at) VALUES ('6b7c18a0-aa0f-4a8b-928a-a7b9d3c07a01', '15c8cdeb-542f-4046-bf7f-e7f791dbe0b9', 'GUILHERME HENRIQUE DE LIMA DA SILVA', '22751561400124907', '2026-06-13 13:33:22.614462+00:00');
INSERT INTO sala_de_aula_alunos (id, sala_id, nome_aluno, turma, created_at) VALUES ('09d4daae-c551-4a25-89c0-bd23884df62d', '15c8cdeb-542f-4046-bf7f-e7f791dbe0b9', 'HARRISON LUCAS DOS SANTOS OLIVEIRA', '22751561400124909', '2026-06-13 13:33:22.614462+00:00');
INSERT INTO sala_de_aula_alunos (id, sala_id, nome_aluno, turma, created_at) VALUES ('97119bb4-d9e1-4d67-950d-3ddcaf0ec835', '15c8cdeb-542f-4046-bf7f-e7f791dbe0b9', 'JULIA BOMFIM SANTOS', '22751561400124912', '2026-06-13 13:33:22.614462+00:00');
INSERT INTO sala_de_aula_alunos (id, sala_id, nome_aluno, turma, created_at) VALUES ('2d4737dc-c852-4bcb-a8ad-5ed55851e8fc', '15c8cdeb-542f-4046-bf7f-e7f791dbe0b9', 'LORENA CORDEIRO TERRA', '22751561400124914', '2026-06-13 13:33:22.614462+00:00');
INSERT INTO sala_de_aula_alunos (id, sala_id, nome_aluno, turma, created_at) VALUES ('b750c490-eba8-44a0-9301-c0a5fedf4643', '15c8cdeb-542f-4046-bf7f-e7f791dbe0b9', 'LUCAS TORQUATO SANTANA', '22751561400124915', '2026-06-13 13:33:22.614462+00:00');
INSERT INTO sala_de_aula_alunos (id, sala_id, nome_aluno, turma, created_at) VALUES ('a75e3452-eb94-4c81-8c6a-8cb7e70b80ad', '15c8cdeb-542f-4046-bf7f-e7f791dbe0b9', 'LUIZ GUSTAVO ALVES DOS SANTOS', '22751561400124916', '2026-06-13 13:33:22.614462+00:00');
INSERT INTO sala_de_aula_alunos (id, sala_id, nome_aluno, turma, created_at) VALUES ('9cc5a98e-ce46-4fd2-8869-2f5df041c0fc', '15c8cdeb-542f-4046-bf7f-e7f791dbe0b9', 'LUIZ MIGUEL INACIO', '22751561400124917', '2026-06-13 13:33:22.614462+00:00');
INSERT INTO sala_de_aula_alunos (id, sala_id, nome_aluno, turma, created_at) VALUES ('f2799cea-7ead-4e62-bea3-14f789793c18', '15c8cdeb-542f-4046-bf7f-e7f791dbe0b9', 'MELISSA KOWASKI DE SALES RIBEIRO', '22751561400124918', '2026-06-13 13:33:22.614462+00:00');
INSERT INTO sala_de_aula_alunos (id, sala_id, nome_aluno, turma, created_at) VALUES ('18588755-0439-47ac-a4a7-3b111b7dd6ed', '15c8cdeb-542f-4046-bf7f-e7f791dbe0b9', 'MICHEL PETRY', '22751561400124919', '2026-06-13 13:33:22.614462+00:00');
INSERT INTO sala_de_aula_alunos (id, sala_id, nome_aluno, turma, created_at) VALUES ('82748e69-6ac0-4761-86dc-0157c4701a3b', '15c8cdeb-542f-4046-bf7f-e7f791dbe0b9', 'NICOLAS DOURADO DE SOUZA GOMES', '22751561400124920', '2026-06-13 13:33:22.614462+00:00');
INSERT INTO sala_de_aula_alunos (id, sala_id, nome_aluno, turma, created_at) VALUES ('f429b4f7-d8f5-42f7-8d11-41acc82a9fa8', '15c8cdeb-542f-4046-bf7f-e7f791dbe0b9', 'PEDRO JORGE DOS ANJOS DOS PASSOS', '22751561400124921', '2026-06-13 13:33:22.614462+00:00');
INSERT INTO sala_de_aula_alunos (id, sala_id, nome_aluno, turma, created_at) VALUES ('1554aa8c-a3f7-4ee7-8533-e4eaadb1d8d4', '15c8cdeb-542f-4046-bf7f-e7f791dbe0b9', 'PIETRO SANTOS MOREIRA', '22751561400124922', '2026-06-13 13:33:22.614462+00:00');
INSERT INTO sala_de_aula_alunos (id, sala_id, nome_aluno, turma, created_at) VALUES ('74610af9-eceb-4024-88c0-4acbc4924f33', '15c8cdeb-542f-4046-bf7f-e7f791dbe0b9', 'SOFHIA DOS SANTOS MORITZ MIRANTE', '22751561400124923', '2026-06-13 13:33:22.614462+00:00');
INSERT INTO sala_de_aula_alunos (id, sala_id, nome_aluno, turma, created_at) VALUES ('2c1ef982-43f0-464e-97b3-fb0c18e90cfd', '15c8cdeb-542f-4046-bf7f-e7f791dbe0b9', 'SOFIA DE SOUZA BORBA', '22751561400124924', '2026-06-13 13:33:22.614462+00:00');
INSERT INTO sala_de_aula_alunos (id, sala_id, nome_aluno, turma, created_at) VALUES ('5aeffebf-60af-4ea1-bc13-7e4349da5248', '15c8cdeb-542f-4046-bf7f-e7f791dbe0b9', 'VITOR FERREIRA LIMA', '22751561400124925', '2026-06-13 13:33:22.614462+00:00');
INSERT INTO sala_de_aula_alunos (id, sala_id, nome_aluno, turma, created_at) VALUES ('5fa9dbaa-df87-467f-ac18-5fd581206935', '15c8cdeb-542f-4046-bf7f-e7f791dbe0b9', 'YAGO ZANARDO CARTERI', '22751561400124926', '2026-06-13 13:33:22.614462+00:00');
INSERT INTO sala_de_aula_alunos (id, sala_id, nome_aluno, turma, created_at) VALUES ('1007dec1-0c3c-4f5f-91d9-51c52946bc45', '15c8cdeb-542f-4046-bf7f-e7f791dbe0b9', 'KAUAN MARCELO DOS SANTOS PEREIRA', '22751561400124913', '2026-06-13 13:33:22.614462+00:00');
INSERT INTO sala_de_aula_alunos (id, sala_id, nome_aluno, turma, created_at) VALUES ('f3d08662-c5ac-42af-a86f-af0ba267b6b6', '15c8cdeb-542f-4046-bf7f-e7f791dbe0b9', 'GUILHERME HENRIQUE RUDNIAK', '22751561400124908', '2026-06-13 13:33:22.614462+00:00');
INSERT INTO sala_de_aula_alunos (id, sala_id, nome_aluno, turma, created_at) VALUES ('b9db9d21-1bd0-4772-b0ab-11dafaef84fc', '15c8cdeb-542f-4046-bf7f-e7f791dbe0b9', 'PEDRO MANGUEIRA DE SENE', '22751561400486792', '2026-06-13 13:33:22.614462+00:00');
INSERT INTO sala_de_aula_alunos (id, sala_id, nome_aluno, turma, created_at) VALUES ('b43fae02-dca0-4170-a2c5-4ed043b27bf0', '566056eb-b1a1-4660-9450-1fe0b4c72ca0', 'ANAISABELA COALINA MANSO ALMANZA', '22751561400124956', '2026-06-13 13:41:17.839948+00:00');
INSERT INTO sala_de_aula_alunos (id, sala_id, nome_aluno, turma, created_at) VALUES ('d8963fe1-5d7c-4bc3-a293-7bcf239a9720', '566056eb-b1a1-4660-9450-1fe0b4c72ca0', 'ANA JULIA PICHININ', '22751561400124955', '2026-06-13 13:41:17.839948+00:00');
INSERT INTO sala_de_aula_alunos (id, sala_id, nome_aluno, turma, created_at) VALUES ('3937fabc-28db-4fd7-af84-1408373917ab', '566056eb-b1a1-4660-9450-1fe0b4c72ca0', 'DANILO GONZAGA VIANA', '22751561400124957', '2026-06-13 13:41:17.839948+00:00');
INSERT INTO sala_de_aula_alunos (id, sala_id, nome_aluno, turma, created_at) VALUES ('fceb766e-9fbd-436f-8cdd-8e54423a966a', '566056eb-b1a1-4660-9450-1fe0b4c72ca0', 'EDUARDO MAESTRELLI CORDEIRO', '22751561400124958', '2026-06-13 13:41:17.839948+00:00');
INSERT INTO sala_de_aula_alunos (id, sala_id, nome_aluno, turma, created_at) VALUES ('6b203a47-9ea8-4d78-af4a-83a3435f380a', '566056eb-b1a1-4660-9450-1fe0b4c72ca0', 'EDUARDO NEVES SILVESTRE', '22751561400124959', '2026-06-13 13:41:17.839948+00:00');
INSERT INTO sala_de_aula_alunos (id, sala_id, nome_aluno, turma, created_at) VALUES ('dc87f43c-a43e-41c7-baf4-e694b873bf9b', '566056eb-b1a1-4660-9450-1fe0b4c72ca0', 'EMILY VITORIA DE SOUZA', '22751561400124960', '2026-06-13 13:41:17.839948+00:00');
INSERT INTO sala_de_aula_alunos (id, sala_id, nome_aluno, turma, created_at) VALUES ('f79eb31e-a801-44c1-a6d8-1c3c19b6d030', '566056eb-b1a1-4660-9450-1fe0b4c72ca0', 'FELIPE MACIEL', '22751561400124961', '2026-06-13 13:41:17.839948+00:00');
INSERT INTO sala_de_aula_alunos (id, sala_id, nome_aluno, turma, created_at) VALUES ('051d9dad-0a7f-44c7-8ada-72e97c92b5ba', '566056eb-b1a1-4660-9450-1fe0b4c72ca0', 'IZABELE VITORIA DE MORAIS', '22751561400124962', '2026-06-13 13:41:17.839948+00:00');
INSERT INTO sala_de_aula_alunos (id, sala_id, nome_aluno, turma, created_at) VALUES ('2934c727-79a1-4c1a-84ef-960b8148a2fe', '566056eb-b1a1-4660-9450-1fe0b4c72ca0', 'IZABELLY LATEK COSTA', '22751561400124963', '2026-06-13 13:41:17.839948+00:00');
INSERT INTO sala_de_aula_alunos (id, sala_id, nome_aluno, turma, created_at) VALUES ('e0ed8c1e-479c-4029-810c-da1366a08b38', '566056eb-b1a1-4660-9450-1fe0b4c72ca0', 'JHONATAN MENEZES DE SOUSA', '22751561400124964', '2026-06-13 13:41:17.839948+00:00');
INSERT INTO sala_de_aula_alunos (id, sala_id, nome_aluno, turma, created_at) VALUES ('2f215125-648b-4357-af86-aa51f3e6dfd8', '566056eb-b1a1-4660-9450-1fe0b4c72ca0', 'JOSE ANGEL NUNES BARRETO', '22751561400124965', '2026-06-13 13:41:17.839948+00:00');
INSERT INTO sala_de_aula_alunos (id, sala_id, nome_aluno, turma, created_at) VALUES ('de960674-0117-4128-ab0d-140c495b29d5', '566056eb-b1a1-4660-9450-1fe0b4c72ca0', 'LIVIA PATRICIA DA SILVA FERREIRA', '22751561400124967', '2026-06-13 13:41:17.839948+00:00');
INSERT INTO sala_de_aula_alunos (id, sala_id, nome_aluno, turma, created_at) VALUES ('ae581dc3-45fb-491d-88f5-803d271c78f4', '566056eb-b1a1-4660-9450-1fe0b4c72ca0', 'LIZ MAZZITELLI FERNANDES', '22751561400124968', '2026-06-13 13:41:17.839948+00:00');
INSERT INTO sala_de_aula_alunos (id, sala_id, nome_aluno, turma, created_at) VALUES ('a42b8470-0586-4f91-8b17-1014358b35d7', '566056eb-b1a1-4660-9450-1fe0b4c72ca0', 'MARIA LUIZA SCALISSE ZAPP', '22751561400124971', '2026-06-13 13:41:17.839948+00:00');
INSERT INTO sala_de_aula_alunos (id, sala_id, nome_aluno, turma, created_at) VALUES ('d4ab8d25-3621-4d93-81bc-332003873e9e', '566056eb-b1a1-4660-9450-1fe0b4c72ca0', 'MAURICIO RAMON MORCIEGO VICENTE', '22751561400124972', '2026-06-13 13:41:17.839948+00:00');
INSERT INTO sala_de_aula_alunos (id, sala_id, nome_aluno, turma, created_at) VALUES ('b7731ed4-2661-4cc3-8d74-35ac282ae4f0', '566056eb-b1a1-4660-9450-1fe0b4c72ca0', 'NICOLE MARIA GOMES', '22751561400124973', '2026-06-13 13:41:17.839948+00:00');
INSERT INTO sala_de_aula_alunos (id, sala_id, nome_aluno, turma, created_at) VALUES ('c4c2dbfc-2bd1-49d0-902b-67a68a888b99', '566056eb-b1a1-4660-9450-1fe0b4c72ca0', 'PAOLA VAM BEIK', '22751561400124974', '2026-06-13 13:41:17.839948+00:00');
INSERT INTO sala_de_aula_alunos (id, sala_id, nome_aluno, turma, created_at) VALUES ('1b8c8172-dd77-421b-9460-a24467491dc7', '566056eb-b1a1-4660-9450-1fe0b4c72ca0', 'RAFAEL VERBANEK MACHADO DE OLIVEIRA', '22751561400124975', '2026-06-13 13:41:17.839948+00:00');
INSERT INTO sala_de_aula_alunos (id, sala_id, nome_aluno, turma, created_at) VALUES ('b9466e6f-a626-4a65-957e-4451b6f1cf04', '566056eb-b1a1-4660-9450-1fe0b4c72ca0', 'RAUL SAMUEL DA SILVA', '22751561400124976', '2026-06-13 13:41:17.839948+00:00');
INSERT INTO sala_de_aula_alunos (id, sala_id, nome_aluno, turma, created_at) VALUES ('291d49d2-989d-4c84-816b-626a06ecb24f', '566056eb-b1a1-4660-9450-1fe0b4c72ca0', 'RAYRON HENRIQUE DA ROCHA GOIS', '22751561400124977', '2026-06-13 13:41:17.839948+00:00');
INSERT INTO sala_de_aula_alunos (id, sala_id, nome_aluno, turma, created_at) VALUES ('ee50622c-fa64-4e98-b7ae-c6bc01cf1fd7', '566056eb-b1a1-4660-9450-1fe0b4c72ca0', 'SOPHIA MARCOS SILVA', '22751561400124978', '2026-06-13 13:41:17.839948+00:00');
INSERT INTO sala_de_aula_alunos (id, sala_id, nome_aluno, turma, created_at) VALUES ('c4aa2087-3476-4e5a-b4b5-7f4c9395f94e', '566056eb-b1a1-4660-9450-1fe0b4c72ca0', 'TAYLOR NATANAEL NOGUEIRA DE LIMA', '22751561400124979', '2026-06-13 13:41:17.839948+00:00');
INSERT INTO sala_de_aula_alunos (id, sala_id, nome_aluno, turma, created_at) VALUES ('16bc88bf-3798-4b83-865b-b59df9da7a76', '566056eb-b1a1-4660-9450-1fe0b4c72ca0', 'VINICIUS CAUE DE LIMA FERREIRA', '22751561400124980', '2026-06-13 13:41:17.839948+00:00');
INSERT INTO sala_de_aula_alunos (id, sala_id, nome_aluno, turma, created_at) VALUES ('8c1e3ee9-01ee-4b61-bbbf-778fe8c213ca', '566056eb-b1a1-4660-9450-1fe0b4c72ca0', 'YAN VICTOR DA SILVA DOS SANTOS', '22751561400124981', '2026-06-13 13:41:17.839948+00:00');
INSERT INTO sala_de_aula_alunos (id, sala_id, nome_aluno, turma, created_at) VALUES ('5943e324-ec34-443c-baab-e195748fae82', '566056eb-b1a1-4660-9450-1fe0b4c72ca0', 'LUCAS SILVA DE SOUZA', '22751561400124969', '2026-06-13 13:41:17.839948+00:00');
INSERT INTO sala_de_aula_alunos (id, sala_id, nome_aluno, turma, created_at) VALUES ('72e2d4c8-6fd1-49a7-b8b8-7e184e4d8426', '566056eb-b1a1-4660-9450-1fe0b4c72ca0', 'ALICE CECILIA DAS NEVES SOARES', '22751561400124809', '2026-06-13 13:41:17.839948+00:00');
INSERT INTO sala_de_aula_alunos (id, sala_id, nome_aluno, turma, created_at) VALUES ('5b2a0489-6b7c-448b-a6ec-99c63ad83d9e', '566056eb-b1a1-4660-9450-1fe0b4c72ca0', 'CECILIA BERKENBROCK CEVE', '22751561400486793', '2026-06-13 13:41:17.839948+00:00');
INSERT INTO sala_de_aula_alunos (id, sala_id, nome_aluno, turma, created_at) VALUES ('7c6d59cc-9776-4b96-a18a-5ec739571d43', '566056eb-b1a1-4660-9450-1fe0b4c72ca0', 'EMILLY CAMILLY BARBOSA', '22751561400486794', '2026-06-13 13:41:17.839948+00:00');
INSERT INTO sala_de_aula_alunos (id, sala_id, nome_aluno, turma, created_at) VALUES ('ba90f2a2-1861-4ff8-bb12-df9fa6202a54', '566056eb-b1a1-4660-9450-1fe0b4c72ca0', 'MIGUEL ROCHA DE LIMA', '22751561400486796', '2026-06-13 13:41:17.839948+00:00');
INSERT INTO sala_de_aula_alunos (id, sala_id, nome_aluno, turma, created_at) VALUES ('1e91e840-e38b-4904-8698-21716a182d8c', '15d10ad5-a813-4186-a9ba-1ce9186323f8', 'AMANDA PADILHA WOIDELLO', '22751561400184754', '2026-07-08 22:29:49.899770+00:00');
INSERT INTO sala_de_aula_alunos (id, sala_id, nome_aluno, turma, created_at) VALUES ('27433c69-1905-4d98-b56c-e1055aaa8b62', '57515fa1-17b6-45c5-bcbc-c8ff81cf90f2', 'BRYAN FELIPE GOMES PEREIRA', '22751561400126966', '2026-07-08 22:32:59.795037+00:00');
INSERT INTO sala_de_aula_alunos (id, sala_id, nome_aluno, turma, created_at) VALUES ('5f22df16-989b-4fca-9f10-12e30012cc55', '57515fa1-17b6-45c5-bcbc-c8ff81cf90f2', 'ESTEBAN ERNESTO GARCIA FERNANDEZ', '22751561400126968', '2026-07-08 22:32:59.795037+00:00');
INSERT INTO sala_de_aula_alunos (id, sala_id, nome_aluno, turma, created_at) VALUES ('94fe2a77-6e5f-4e2d-adc2-e30502202b93', '57515fa1-17b6-45c5-bcbc-c8ff81cf90f2', 'VICTOR ALEJANDRO ROMERO VELASQUEZ', '22751561400126994', '2026-07-08 22:32:59.795037+00:00');
INSERT INTO sala_de_aula_alunos (id, sala_id, nome_aluno, turma, created_at) VALUES ('3f46a153-d09e-4562-8780-f0e1baeeeff8', 'cb25ce4b-ec6b-4613-9438-0a4f60cd5196', 'AGATHA FERREIRA NOGUEIRA', '22751561400261578', '2026-07-08 22:33:03.200475+00:00');
INSERT INTO sala_de_aula_alunos (id, sala_id, nome_aluno, turma, created_at) VALUES ('064f886c-51db-473f-8e1d-bb2106e1e203', 'cb25ce4b-ec6b-4613-9438-0a4f60cd5196', 'ALEXANDRE GRUMMT', '22751561400261579', '2026-07-08 22:33:03.200475+00:00');
INSERT INTO sala_de_aula_alunos (id, sala_id, nome_aluno, turma, created_at) VALUES ('e9b29551-e88b-4719-99b9-87ddc4f8dbab', 'cb25ce4b-ec6b-4613-9438-0a4f60cd5196', 'ANA VITORIA LINHARES MACIEL', '22751561400261580', '2026-07-08 22:33:03.200475+00:00');
INSERT INTO sala_de_aula_alunos (id, sala_id, nome_aluno, turma, created_at) VALUES ('231e4a77-fc6a-472a-9e14-a99d2f8b36b8', 'cb25ce4b-ec6b-4613-9438-0a4f60cd5196', 'AYRAN HENRIQUE DOS SANTOS', '22751561400261581', '2026-07-08 22:33:03.200475+00:00');
INSERT INTO sala_de_aula_alunos (id, sala_id, nome_aluno, turma, created_at) VALUES ('60027158-3dc6-41cb-9d4f-2dd60a8d25af', 'cb25ce4b-ec6b-4613-9438-0a4f60cd5196', 'BIANCA ORTEGA DA COSTA', '22751561400261582', '2026-07-08 22:33:03.200475+00:00');
INSERT INTO sala_de_aula_alunos (id, sala_id, nome_aluno, turma, created_at) VALUES ('4500ae6b-49a6-4d00-bd3f-2db792ad02ed', 'cb25ce4b-ec6b-4613-9438-0a4f60cd5196', 'ELOAH DO NASCIMENTO', '22751561400261586', '2026-07-08 22:33:03.200475+00:00');
INSERT INTO sala_de_aula_alunos (id, sala_id, nome_aluno, turma, created_at) VALUES ('ae727c01-7231-4501-a08b-b79083654fa0', 'cb25ce4b-ec6b-4613-9438-0a4f60cd5196', 'EMILY SOPHIA DE ANDRADE VIANA', '22751561400261587', '2026-07-08 22:33:03.200475+00:00');
INSERT INTO sala_de_aula_alunos (id, sala_id, nome_aluno, turma, created_at) VALUES ('27a9fba9-77da-431f-8813-e09502cdf25a', '24f542e7-1a7d-4eb4-bfcf-72a13357599d', 'AMANDA PADILHA WOIDELLO', '22751561400184754', '2026-07-08 22:33:34.929145+00:00');
INSERT INTO sala_de_aula_alunos (id, sala_id, nome_aluno, turma, created_at) VALUES ('7f75478d-9fdc-42b8-b10b-ec6d8e07b83d', '24f542e7-1a7d-4eb4-bfcf-72a13357599d', 'GIOVANA DA SILVA THKATCHUKA', '22751561400184770', '2026-07-08 22:33:34.929145+00:00');
INSERT INTO sala_de_aula_alunos (id, sala_id, nome_aluno, turma, created_at) VALUES ('bced36a8-d227-475c-bae3-0652b641798c', '24f542e7-1a7d-4eb4-bfcf-72a13357599d', 'JEAN HENRIQUE SCHINKOVICZ RODRIGUES', '22751561400184774', '2026-07-08 22:33:34.929145+00:00');
INSERT INTO sala_de_aula_alunos (id, sala_id, nome_aluno, turma, created_at) VALUES ('9c51c61e-10e0-4b37-8a6e-e12182e24fe7', '24f542e7-1a7d-4eb4-bfcf-72a13357599d', 'JULIA PEDROSO BORTOLANZA', '22751561400184776', '2026-07-08 22:33:34.929145+00:00');
INSERT INTO sala_de_aula_alunos (id, sala_id, nome_aluno, turma, created_at) VALUES ('b0f47bf0-72f2-4176-80c3-a03a85393d2a', '24f542e7-1a7d-4eb4-bfcf-72a13357599d', 'RAFAEL DIDUCH GAVRON', '22751561400184839', '2026-07-08 22:33:34.929145+00:00');
INSERT INTO sala_de_aula_alunos (id, sala_id, nome_aluno, turma, created_at) VALUES ('1135c929-a4c4-447d-9af1-6c3ee0af42b2', 'd7a765e9-286d-4cc0-bd38-f9f4e768e3b4', 'BRYAN LUCAS DA CONCEICAO AFINOVICZ', '20511561500004400', '2026-07-08 22:34:34.828931+00:00');
INSERT INTO sala_de_aula_alunos (id, sala_id, nome_aluno, turma, created_at) VALUES ('55361d1a-a7ad-436d-aa3a-461b8fb3d935', 'd7a765e9-286d-4cc0-bd38-f9f4e768e3b4', 'ANNI GABRIELI SANT ANA', '22751561400183120', '2026-07-08 22:34:54.076337+00:00');
INSERT INTO sala_de_aula_alunos (id, sala_id, nome_aluno, turma, created_at) VALUES ('5c6ce253-82c3-4fd3-a2a4-b0adc75654ac', 'd7a765e9-286d-4cc0-bd38-f9f4e768e3b4', 'BIANCA GABRIELLI FOGACA DA SILVA DO AMARAL', '22751561400183398', '2026-07-08 22:34:58.582095+00:00');

DELETE FROM sala_de_aula_alunos_parceiros;
DELETE FROM sala_de_aula_parceiro;
INSERT INTO sala_de_aula_parceiro (id, nome, unidade, created_at, professores) VALUES ('8a618da5-7fa2-4559-9441-2af3201fa987', '3G MKT', 'FRANCISCO C MARTINS C E EM PROF', '2026-07-08 22:38:11.294398+00:00', '{}'::jsonb);
INSERT INTO sala_de_aula_alunos_parceiros (id, sala_id, nome_aluno, turma, created_at) VALUES ('40281350-899b-4173-9b8f-0be47f5e3201', '8a618da5-7fa2-4559-9441-2af3201fa987', 'ACACIO VAZ', '2377062', '2026-07-08 22:38:11.737465+00:00');
INSERT INTO sala_de_aula_alunos_parceiros (id, sala_id, nome_aluno, turma, created_at) VALUES ('2839a7da-f5cb-4334-ac72-3a61d4ba13a1', '8a618da5-7fa2-4559-9441-2af3201fa987', 'VERENNA FERREIRA MOTA', '2377062', '2026-07-08 22:38:11.737465+00:00');
INSERT INTO sala_de_aula_alunos_parceiros (id, sala_id, nome_aluno, turma, created_at) VALUES ('967b6374-9e3e-471a-9762-31f9d4efba1b', '8a618da5-7fa2-4559-9441-2af3201fa987', 'ERICK EUSEBIO HENRICH', '2377062', '2026-07-08 22:38:11.737465+00:00');
INSERT INTO sala_de_aula_alunos_parceiros (id, sala_id, nome_aluno, turma, created_at) VALUES ('189d0894-fc52-4c04-8ad5-7de020e6eece', '8a618da5-7fa2-4559-9441-2af3201fa987', 'ANA LAURA DE OLIVEIRA AMARAL', '2377062', '2026-07-08 22:38:11.737465+00:00');
INSERT INTO sala_de_aula_alunos_parceiros (id, sala_id, nome_aluno, turma, created_at) VALUES ('f93aa3c1-5718-49e3-aa98-cf2ffb82cdee', '8a618da5-7fa2-4559-9441-2af3201fa987', 'BRUNO DE BRITO BRAGA', '2377062', '2026-07-08 22:38:11.737465+00:00');
INSERT INTO sala_de_aula_alunos_parceiros (id, sala_id, nome_aluno, turma, created_at) VALUES ('dc25f15a-c3c9-4943-a774-d19915811987', '8a618da5-7fa2-4559-9441-2af3201fa987', 'BRYAN WILLIAN FERREIRA', '2377062', '2026-07-08 22:38:11.737465+00:00');
INSERT INTO sala_de_aula_alunos_parceiros (id, sala_id, nome_aluno, turma, created_at) VALUES ('d1dbc401-1a4a-4be3-a1b1-bd9f64b58292', '8a618da5-7fa2-4559-9441-2af3201fa987', 'CRISTOPHER MATEUS VARGAS', '2377062', '2026-07-08 22:38:11.737465+00:00');
INSERT INTO sala_de_aula_alunos_parceiros (id, sala_id, nome_aluno, turma, created_at) VALUES ('dafbf2e3-7083-4325-a963-5edc88212bf4', '8a618da5-7fa2-4559-9441-2af3201fa987', 'DIEGO DOS SANTOS CALDAS', '2377062', '2026-07-08 22:38:11.737465+00:00');
INSERT INTO sala_de_aula_alunos_parceiros (id, sala_id, nome_aluno, turma, created_at) VALUES ('bb327d07-568c-4fed-982e-e294fdb8dcc1', '8a618da5-7fa2-4559-9441-2af3201fa987', 'ELION LUCAS KOTARSKI CARDENAS', '2377062', '2026-07-08 22:38:11.737465+00:00');
INSERT INTO sala_de_aula_alunos_parceiros (id, sala_id, nome_aluno, turma, created_at) VALUES ('ba6b7539-5d31-4092-b245-8b4a6dc83a6e', '8a618da5-7fa2-4559-9441-2af3201fa987', 'EMANOEL CARLOS DOS SANTOS', '2377062', '2026-07-08 22:38:11.737465+00:00');
INSERT INTO sala_de_aula_alunos_parceiros (id, sala_id, nome_aluno, turma, created_at) VALUES ('0a2c82c2-ccf5-48a0-8667-e48a48fe981b', '8a618da5-7fa2-4559-9441-2af3201fa987', 'FABIANA MARIA DE SOUZA SANTOS', '2377062', '2026-07-08 22:38:11.737465+00:00');
INSERT INTO sala_de_aula_alunos_parceiros (id, sala_id, nome_aluno, turma, created_at) VALUES ('a0fe76e8-dd83-4941-b817-9c7d13713c7c', '8a618da5-7fa2-4559-9441-2af3201fa987', 'GUSTAVO PIETRO ZVYEZZIKOSKI GARCIA', '2377062', '2026-07-08 22:38:11.737465+00:00');
INSERT INTO sala_de_aula_alunos_parceiros (id, sala_id, nome_aluno, turma, created_at) VALUES ('72c4d7a3-04d4-4684-bfc2-c59295940673', '8a618da5-7fa2-4559-9441-2af3201fa987', 'GUSTAVO SILVA GARCIA', '2377062', '2026-07-08 22:38:11.737465+00:00');
INSERT INTO sala_de_aula_alunos_parceiros (id, sala_id, nome_aluno, turma, created_at) VALUES ('183b1c79-3036-4278-994a-3282fb7bfeaa', '8a618da5-7fa2-4559-9441-2af3201fa987', 'JONATHAN MOREIRA', '2377062', '2026-07-08 22:38:11.737465+00:00');
INSERT INTO sala_de_aula_alunos_parceiros (id, sala_id, nome_aluno, turma, created_at) VALUES ('5337856d-52dd-4d47-9aea-942dcae8f924', '8a618da5-7fa2-4559-9441-2af3201fa987', 'JOSE CARLOS GABRYEL PIRES', '2377062', '2026-07-08 22:38:11.737465+00:00');
INSERT INTO sala_de_aula_alunos_parceiros (id, sala_id, nome_aluno, turma, created_at) VALUES ('b38539c7-060f-4cdf-b3cb-e84dd0eaa3fb', '8a618da5-7fa2-4559-9441-2af3201fa987', 'JULIA SAVRUK MORAES', '2377062', '2026-07-08 22:38:11.737465+00:00');
INSERT INTO sala_de_aula_alunos_parceiros (id, sala_id, nome_aluno, turma, created_at) VALUES ('6f8b2821-8f76-4f93-8158-a24a81360b48', '8a618da5-7fa2-4559-9441-2af3201fa987', 'LUANA MARQUES FERNANDES', '2377062', '2026-07-08 22:38:11.737465+00:00');
INSERT INTO sala_de_aula_alunos_parceiros (id, sala_id, nome_aluno, turma, created_at) VALUES ('177d7eab-611d-49f5-b2c9-43fa89d05521', '8a618da5-7fa2-4559-9441-2af3201fa987', 'LUANNY DO ROSARIO GRUENEVALD', '2377062', '2026-07-08 22:38:11.737465+00:00');
INSERT INTO sala_de_aula_alunos_parceiros (id, sala_id, nome_aluno, turma, created_at) VALUES ('c38c071f-85c5-4715-834a-6eca0be9aace', '8a618da5-7fa2-4559-9441-2af3201fa987', 'MARCELO METINOSKI JUNIOR', '2377062', '2026-07-08 22:38:11.737465+00:00');
INSERT INTO sala_de_aula_alunos_parceiros (id, sala_id, nome_aluno, turma, created_at) VALUES ('2cc60843-188f-46ee-a1c9-ad4777dce0fe', '8a618da5-7fa2-4559-9441-2af3201fa987', 'MARIA EDUARDA LEMES DE OLIVEIRA', '2377062', '2026-07-08 22:38:11.737465+00:00');
INSERT INTO sala_de_aula_alunos_parceiros (id, sala_id, nome_aluno, turma, created_at) VALUES ('1ac3aa74-27a6-470d-a53c-1e991040cf50', '8a618da5-7fa2-4559-9441-2af3201fa987', 'RENAN GROFOSKI', '2377062', '2026-07-08 22:38:11.737465+00:00');
INSERT INTO sala_de_aula_alunos_parceiros (id, sala_id, nome_aluno, turma, created_at) VALUES ('db2b90fa-03e0-4fa8-926e-ff67e16871b1', '8a618da5-7fa2-4559-9441-2af3201fa987', 'MATHEUS PEDROSO LOPES', '2377062', '2026-07-08 22:38:11.737465+00:00');
INSERT INTO sala_de_aula_alunos_parceiros (id, sala_id, nome_aluno, turma, created_at) VALUES ('2612ab7b-cdc2-4266-8e6f-0866594ddb33', '8a618da5-7fa2-4559-9441-2af3201fa987', 'TATIELY GABRIELY FELIX DA COSTA', '2377062', '2026-07-08 22:38:11.737465+00:00');
INSERT INTO sala_de_aula_alunos_parceiros (id, sala_id, nome_aluno, turma, created_at) VALUES ('8ab9821c-eb56-43d9-aeb8-3cc17fdcf91d', '8a618da5-7fa2-4559-9441-2af3201fa987', 'THABATA KAMYLLY SILVA SCHILIGOSKI', '2377062', '2026-07-08 22:38:11.737465+00:00');
INSERT INTO sala_de_aula_alunos_parceiros (id, sala_id, nome_aluno, turma, created_at) VALUES ('3ed88bb2-8c5a-46fc-8b82-c1145b0d4147', '8a618da5-7fa2-4559-9441-2af3201fa987', 'THAYNA APARECIDA BITENCOURT AMARAL', '2377062', '2026-07-08 22:38:11.737465+00:00');
INSERT INTO sala_de_aula_alunos_parceiros (id, sala_id, nome_aluno, turma, created_at) VALUES ('eb74a79d-920e-4eec-9d86-b63542636937', '8a618da5-7fa2-4559-9441-2af3201fa987', 'VINICIUS RAFAEL FERREIRA', '2377062', '2026-07-08 22:38:11.737465+00:00');
INSERT INTO sala_de_aula_alunos_parceiros (id, sala_id, nome_aluno, turma, created_at) VALUES ('cd6a8aef-bd03-41d0-ad94-20558b8426f5', '8a618da5-7fa2-4559-9441-2af3201fa987', 'VITORIA MANOELA MEDEIROS DE SA', '2377062', '2026-07-08 22:38:11.737465+00:00');

DELETE FROM sala_de_aula_alunos_mais;
DELETE FROM sala_de_aula_mais;
INSERT INTO sala_de_aula_mais (id, nome, unidade, created_at, professores) VALUES ('69738e04-ab7b-49c4-83dd-37164b1f79db', 'aaa', 'ANTONIO TUPY PINHEIRO C E EF M', '2026-03-12 16:19:18.354285+00:00', '{}'::jsonb);
INSERT INTO sala_de_aula_mais (id, nome, unidade, created_at, professores) VALUES ('fb613809-20db-49f0-aabe-76e5dacf28e7', 'Analise de dados 9 ano', 'IVO LEAO C E EF M', '2026-07-08 22:45:11.820524+00:00', '{}'::jsonb);
INSERT INTO sala_de_aula_alunos_mais (id, sala_id, nome_aluno, turma, created_at) VALUES ('959eafee-6ffa-4547-b415-ece50e68a9cb', '69738e04-ab7b-49c4-83dd-37164b1f79db', 'AGATHA BECKER PACHECO', '21171561500007985', '2026-03-12 16:19:18.575785+00:00');
INSERT INTO sala_de_aula_alunos_mais (id, sala_id, nome_aluno, turma, created_at) VALUES ('d61f09d2-e9b2-4cb9-8f49-6e21fac400b6', '69738e04-ab7b-49c4-83dd-37164b1f79db', 'ALAN NOGUEIRA NEUMANN', '21491561500002110', '2026-03-12 16:19:18.575785+00:00');
INSERT INTO sala_de_aula_alunos_mais (id, sala_id, nome_aluno, turma, created_at) VALUES ('13c37092-cdec-4ded-8761-26785a2a4991', '69738e04-ab7b-49c4-83dd-37164b1f79db', 'ALANA DE ALBUQUERQUE GONCALVES BRAZ', '21491561500002109', '2026-03-12 16:19:18.575785+00:00');
INSERT INTO sala_de_aula_alunos_mais (id, sala_id, nome_aluno, turma, created_at) VALUES ('7f829c1f-b737-4c72-ba1e-c5689faccc81', '69738e04-ab7b-49c4-83dd-37164b1f79db', 'ALANA RAFELA SANTOS LAUREANO FIKER', '21171561500007988', '2026-03-12 16:19:18.575785+00:00');
INSERT INTO sala_de_aula_alunos_mais (id, sala_id, nome_aluno, turma, created_at) VALUES ('895da6e5-a49b-4b21-bc87-fb6dffd0da4c', 'fb613809-20db-49f0-aabe-76e5dacf28e7', 'AGHATA CRISTINNY PETERS DOS SANTOS', '21171561500005247', '2026-07-08 22:45:12.211459+00:00');
INSERT INTO sala_de_aula_alunos_mais (id, sala_id, nome_aluno, turma, created_at) VALUES ('ce01c101-81a0-4ec4-93db-efe28e64075c', 'fb613809-20db-49f0-aabe-76e5dacf28e7', 'ALANYS GABRIELE RIBEIRO PURKOT', '21491561500001382', '2026-07-08 22:45:12.211459+00:00');
INSERT INTO sala_de_aula_alunos_mais (id, sala_id, nome_aluno, turma, created_at) VALUES ('b519a522-74e1-4e4c-8f12-933bbc5792fa', 'fb613809-20db-49f0-aabe-76e5dacf28e7', 'ALICE DA ROCHA FERREIRA', '21171561500005244', '2026-07-08 22:45:12.211459+00:00');
INSERT INTO sala_de_aula_alunos_mais (id, sala_id, nome_aluno, turma, created_at) VALUES ('bee18bc2-246f-4d16-b205-d877876531a5', 'fb613809-20db-49f0-aabe-76e5dacf28e7', 'ALICE DE FREITAS LEMOS', '21171561500005245', '2026-07-08 22:45:12.211459+00:00');
INSERT INTO sala_de_aula_alunos_mais (id, sala_id, nome_aluno, turma, created_at) VALUES ('14709270-247a-470b-9b80-e62e1aaac8e1', 'fb613809-20db-49f0-aabe-76e5dacf28e7', 'ALICE PIRES DE MELO', '21491561500001382', '2026-07-08 22:45:12.211459+00:00');
INSERT INTO sala_de_aula_alunos_mais (id, sala_id, nome_aluno, turma, created_at) VALUES ('03e4e3a1-6854-4fc1-9aff-3306e7cfa678', 'fb613809-20db-49f0-aabe-76e5dacf28e7', 'ALICE VICTORIA MATOS', '21171561500005246', '2026-07-08 22:45:12.211459+00:00');
INSERT INTO sala_de_aula_alunos_mais (id, sala_id, nome_aluno, turma, created_at) VALUES ('c929b612-4aa1-4ef3-b629-20b88f65def0', 'fb613809-20db-49f0-aabe-76e5dacf28e7', 'AMANDA CRISTINA DOS SANTOS DA SILVA', '21491561500001382', '2026-07-08 22:45:12.211459+00:00');
INSERT INTO sala_de_aula_alunos_mais (id, sala_id, nome_aluno, turma, created_at) VALUES ('9f5e9489-1c6a-4c79-abd7-3946997ad8a6', 'fb613809-20db-49f0-aabe-76e5dacf28e7', 'AMANDA LOUISE PAIAO DOS SANTOS', '21491561500001383', '2026-07-08 22:45:12.211459+00:00');
INSERT INTO sala_de_aula_alunos_mais (id, sala_id, nome_aluno, turma, created_at) VALUES ('19f2e6b2-32b9-49f8-8241-5c6a756e6180', 'fb613809-20db-49f0-aabe-76e5dacf28e7', 'ANA BEATRIZ FERREIRA SUTIL', '21491561500001385', '2026-07-08 22:45:12.211459+00:00');
INSERT INTO sala_de_aula_alunos_mais (id, sala_id, nome_aluno, turma, created_at) VALUES ('4f5a6ac9-9ef3-482f-9e2f-42710b8876e3', 'fb613809-20db-49f0-aabe-76e5dacf28e7', 'ANA CLARA DE OLIVEIRA GONCALVES', '21491561500001385', '2026-07-08 22:45:12.211459+00:00');
INSERT INTO sala_de_aula_alunos_mais (id, sala_id, nome_aluno, turma, created_at) VALUES ('e22bc959-e7c6-400e-8bcd-f3d79c559ab8', 'fb613809-20db-49f0-aabe-76e5dacf28e7', 'ANA CLARA NASCIMENTO', '21491561500001382', '2026-07-08 22:45:12.211459+00:00');
INSERT INTO sala_de_aula_alunos_mais (id, sala_id, nome_aluno, turma, created_at) VALUES ('5a2b5f7c-9815-4cb0-8a9f-b0fc3c6947be', 'fb613809-20db-49f0-aabe-76e5dacf28e7', 'ANA LAURA DE OLIVEIRA PONCIANO', '21491561500001383', '2026-07-08 22:45:12.211459+00:00');
INSERT INTO sala_de_aula_alunos_mais (id, sala_id, nome_aluno, turma, created_at) VALUES ('12ca5b69-b03d-4cbf-9c5a-b1ebf57f77b4', 'fb613809-20db-49f0-aabe-76e5dacf28e7', 'ANA LUIZA DA SILVA', '21491561500001382', '2026-07-08 22:45:12.211459+00:00');
INSERT INTO sala_de_aula_alunos_mais (id, sala_id, nome_aluno, turma, created_at) VALUES ('8736b63f-3b59-4e85-a561-c6ed29a7eec4', 'fb613809-20db-49f0-aabe-76e5dacf28e7', 'ANA LUIZA LAFAO DA SILVA', '21171561500005244', '2026-07-08 22:45:12.211459+00:00');
INSERT INTO sala_de_aula_alunos_mais (id, sala_id, nome_aluno, turma, created_at) VALUES ('97e3acc8-6c28-4cc8-85c9-27e47ec5f6eb', 'fb613809-20db-49f0-aabe-76e5dacf28e7', 'ANDRE ASAFE DE OLIVEIRA DOS SANTOS', '21491561500001382', '2026-07-08 22:45:12.211459+00:00');
INSERT INTO sala_de_aula_alunos_mais (id, sala_id, nome_aluno, turma, created_at) VALUES ('c021b15e-e922-4058-8abb-653249b69373', 'fb613809-20db-49f0-aabe-76e5dacf28e7', 'ANDRE FELIPE GOMES CUBA', '21491561500001385', '2026-07-08 22:45:12.211459+00:00');
INSERT INTO sala_de_aula_alunos_mais (id, sala_id, nome_aluno, turma, created_at) VALUES ('a5df5697-ab89-437a-bf4f-906f556922b3', 'fb613809-20db-49f0-aabe-76e5dacf28e7', 'ANNA BEATRIZ NASCIMENTO FEITOZA', '21171561500005244', '2026-07-08 22:45:12.211459+00:00');
INSERT INTO sala_de_aula_alunos_mais (id, sala_id, nome_aluno, turma, created_at) VALUES ('369a7ebc-02ad-4548-a61e-f0f91f19dbf8', 'fb613809-20db-49f0-aabe-76e5dacf28e7', 'ANNA LUIZA MILDEMBERGER DOS SANTOS', '21491561500001383', '2026-07-08 22:45:12.211459+00:00');
INSERT INTO sala_de_aula_alunos_mais (id, sala_id, nome_aluno, turma, created_at) VALUES ('daf9f240-7327-48c2-bc05-e205ea9bafea', 'fb613809-20db-49f0-aabe-76e5dacf28e7', 'ANTHONY DANIEL FRESNEDA PORTUONDO', '21491561500001385', '2026-07-08 22:45:12.211459+00:00');

